timestamp,side,ax,ay,az,gx,gy,gz,swing
1786849311.4028244,R,0.086376,0.0068319999999999995,-0.987956,-1.4700000000000002,-0.6300000000000001,-1.4700000000000002,0
1786849311.4028244,R,0.090036,0.008296,-0.9928359999999999,-1.6800000000000002,-0.9800000000000001,-1.54,0
1786849311.4028244,R,0.0,0.0,0.0,0.0,0.0,0.0,0
1786849311.4028244,R,0.0,0.0,0.0,0.0,0.0,0.0,0
1786849311.4043317,R,0.0,0.0,0.0,0.0,0.0,0.0,0
1786849311.419711,R,0.062952,0.002928,-0.741028,-0.77,-0.07,-0.9800000000000001,0
1786849311.4342933,R,0.082228,0.00244,-0.971364,-1.2600000000000002,-0.07,-1.2600000000000002,0
1786849311.4493132,R,0.088084,0.0026839999999999998,-0.982588,-1.2600000000000002,0.07,-1.33,0
1786849311.464362,R,0.087352,0.005856,-0.98942,-1.7500000000000002,-0.14,-1.4700000000000002,0
1786849311.4943,R,0.083448,0.008539999999999999,-0.970876,-1.12,0.07,-1.4000000000000001,0
1786849311.4963036,R,0.086376,0.005612,-0.983564,-0.42000000000000004,0.14,-1.4000000000000001,0
1786849311.5093198,R,0.086376,0.004148,-0.987956,-1.61,-0.21000000000000002,-1.4700000000000002,0
1786849311.5243647,R,0.085156,0.0060999999999999995,-0.971608,-1.8900000000000001,-0.07,-1.4700000000000002,0
1786849311.5274868,L,0.133468,-0.903776,0.478972,130.83,116.55000000000001,52.99,0
1786849311.5397954,R,0.087108,0.008784,-0.976244,-0.8400000000000001,0.0,-1.33,0
1786849311.5418773,L,0.118828,-0.936472,0.503616,149.31,109.69000000000001,42.42,0
1786849311.5544844,R,0.084912,0.0060999999999999995,-0.983808,-0.9800000000000001,-0.07,-1.33,0
1786849311.5575666,L,0.09174399999999999,-0.85644,0.520452,88.62,119.42000000000002,36.400000000000006,0
1786849311.5697017,R,0.08418,0.00488,-0.978928,-1.2600000000000002,0.0,-1.4000000000000001,0
1786849311.5728178,L,0.077836,-1.04188,0.668804,-46.900000000000006,171.85000000000002,17.290000000000003,0
1786849311.5844874,R,0.086864,0.0046359999999999995,-0.9852719999999999,-0.9800000000000001,-0.07,-1.33,0
1786849311.5875876,L,-0.012444,-1.103124,0.604632,-46.620000000000005,143.01000000000002,27.300000000000004,0
1786849311.5996032,R,0.084912,0.004148,-0.978196,-1.2600000000000002,-0.14,-1.4000000000000001,0
1786849311.6018827,L,0.002928,-1.01626,0.646844,-25.270000000000003,121.45000000000002,31.360000000000003,0
1786849311.6144874,R,0.081496,0.0034159999999999998,-0.9755119999999999,-4.9,0.0,-1.6800000000000002,0
1786849311.616859,L,-0.038308,-1.021628,0.639524,-18.830000000000002,137.20000000000002,15.400000000000002,0
1786849311.6294875,R,0.083692,0.014152,-0.975756,2.5200000000000005,0.0,-0.9800000000000001,0
1786849311.6329951,L,-0.044652,-1.055788,0.707112,0.07,139.86,11.13,0
1786849311.6445127,R,0.08662,-0.004148,-1.000644,1.54,0.07,-1.1900000000000002,0
1786849311.6475167,L,-0.038308,-1.04188,0.788852,31.640000000000004,126.07000000000001,6.790000000000001,0
1786849311.6596293,R,0.08662,0.000488,-0.978684,-3.5000000000000004,0.0,-1.6800000000000002,0
1786849311.662137,L,-0.083204,-1.037976,0.743468,35.63,115.43,7.840000000000001,0
1786849311.674502,R,0.080764,0.008784,-0.983808,-2.31,0.07,-1.4700000000000002,0
1786849311.6775048,L,-0.103944,-1.008452,0.794708,38.080000000000005,105.77000000000001,15.96,0
1786849311.6889637,R,0.154452,-0.015616,-1.117032,-50.68000000000001,-2.24,-12.39,0
1786849311.6924713,L,-0.143472,-0.992348,0.798612,30.730000000000004,112.00000000000001,21.490000000000002,0
1786849311.7052627,R,0.038796,0.179828,-0.758352,19.32,1.61,-9.170000000000002,0
1786849311.7072625,L,-0.184464,-0.9952759999999999,0.784948,23.1,120.12,18.62,0
1786849311.719784,R,0.09638,-0.028791999999999998,-1.156804,11.9,0.42000000000000004,-17.92,0
1786849311.7228038,L,-0.229116,-0.961116,0.781044,22.540000000000003,118.37,7.840000000000001,0
1786849311.7343216,R,0.120536,0.0854,-0.965508,-53.620000000000005,-2.9400000000000004,-47.040000000000006,0
1786849311.7373261,L,-0.242536,-0.923052,0.780068,26.250000000000004,112.14000000000001,-3.1500000000000004,0
1786849311.7493405,R,0.099796,0.022203999999999998,-0.909144,6.300000000000001,0.56,-38.64,0
1786849311.7524865,L,-0.302804,-0.8030039999999999,0.768356,43.190000000000005,119.77000000000001,-4.69,0
1786849311.7646646,R,0.071736,-0.050508,-1.009184,-2.9400000000000004,-0.21000000000000002,-28.140000000000004,0
1786849311.767719,L,-0.213012,-0.936716,0.829844,58.38,112.28000000000002,-14.14,0
1786849311.7792914,R,0.056364,-0.20374,-1.102148,-50.61000000000001,-3.7100000000000004,-11.690000000000001,0
1786849311.7827973,L,-0.250832,-0.81008,0.820572,84.28,99.68,-13.23,0
1786849311.7943156,R,0.009271999999999999,0.132736,-0.874252,-29.540000000000003,-3.7800000000000002,-16.520000000000003,0
1786849311.7973192,L,-0.274988,-0.776164,0.848144,114.17000000000002,93.38000000000001,-8.82,0
1786849311.8094273,R,0.118828,0.042943999999999996,-1.07116,-34.09,-3.8500000000000005,-48.93000000000001,0
1786849311.8124712,L,-0.248392,-0.7093079999999999,0.885964,139.09,80.71000000000001,-12.180000000000001,0
1786849311.8246639,R,0.209108,0.053924,-1.065792,-77.35000000000001,-10.15,-60.13,0
1786849311.8271139,L,-0.25498,-0.5921879999999999,0.86498,143.71,66.78,-12.180000000000001,0
1786849311.8396564,R,0.151524,0.165188,-1.067744,-116.55000000000001,-14.560000000000002,-96.95,0
1786849311.8427184,L,-0.265716,-0.51484,0.836432,122.92000000000002,65.94000000000001,-13.3,0
1786849311.8547094,R,0.10760399999999999,0.183244,-1.070184,-143.92000000000002,-7.07,-196.07000000000002,0
1786849311.8577561,L,-0.243756,-0.493612,0.9262239999999999,104.51,73.43,-6.44,0
1786849311.8693004,R,0.129076,0.155916,-1.059448,-185.99,-2.87,-228.41000000000003,0
1786849311.8728073,L,-0.242536,-0.542168,1.041636,84.56,70.84,21.770000000000003,0
1786849311.8843307,R,0.16128399999999998,0.362584,-0.9916159999999999,-174.3,-17.71,-182.14000000000001,0
1786849311.887339,L,-0.267912,-0.61,1.15412,70.42,59.150000000000006,47.6,0
1786849311.8989978,R,0.199592,0.526308,-1.019188,-182.98000000000002,-46.410000000000004,-107.45000000000002,0
1786849311.902505,L,-0.296216,-0.7032079999999999,1.1651,73.71000000000001,33.25,45.50000000000001,0
1786849311.9147277,R,0.168848,0.561932,-1.139236,-260.89000000000004,-76.30000000000001,-65.31,0
1786849311.9177427,L,-0.292312,-0.663436,1.079944,100.24000000000001,5.11,27.580000000000002,0
1786849311.929301,R,0.175924,0.233264,-1.20414,-357.00000000000006,-111.30000000000001,-104.23,0
1786849311.9328084,L,-0.250588,-0.540216,0.9569679999999999,137.83,-12.110000000000001,15.400000000000002,0
1786849311.9443264,R,0.110776,0.41626399999999997,-1.05896,-407.54,-104.30000000000001,-195.23000000000002,0
1786849311.9593773,R,0.044896,0.369904,-0.825696,-385.98,-89.11000000000001,-256.69,0
1786849311.962394,L,-0.231068,-0.372832,0.860588,181.79000000000002,-16.66,14.700000000000001,0
1786849311.9633942,L,-0.23277599999999998,-0.24034,0.87962,197.54000000000002,-1.7500000000000002,32.13,0
1786849311.9746022,R,-0.271084,0.270596,-0.592676,-205.8,-57.68000000000001,-265.65000000000003,0
1786849311.9778504,L,-0.259616,-0.229848,1.006988,172.76000000000002,19.46,65.03,0
1786849311.9894884,R,-0.398696,0.33427999999999997,-0.45383999999999997,21.840000000000003,-35.980000000000004,-201.32000000000002,0
1786849311.9927487,L,-0.293288,-0.30134,1.100196,140.56,26.110000000000003,90.44000000000001,0
1786849312.004441,R,-0.36966,0.410896,-0.500688,204.47000000000003,-8.33,-117.25000000000001,0
1786849312.0074592,L,-0.346724,-0.390644,1.13338,115.01,17.01,91.63000000000001,0
1786849312.019752,R,-0.542412,0.113704,-1.038708,206.50000000000003,41.650000000000006,-37.03,0
1786849312.022845,L,-0.36453599999999997,-0.384056,1.0614,103.74000000000001,0.0,74.06,0
1786849312.0344243,R,-0.575596,0.156404,-1.145092,94.78000000000002,-12.110000000000001,64.75,0
1786849312.0374885,L,-0.366,-0.277916,0.91744,111.37,-11.06,57.470000000000006,0
1786849312.0496542,R,-0.383324,0.531676,-1.026996,104.65,-48.02,38.92,0
1786849312.0527287,L,-0.366732,-0.16104,0.788852,142.66000000000003,-8.05,54.81,0
1786849312.064259,R,-0.34111199999999997,0.597556,-0.9903959999999999,87.50000000000001,-42.63,-19.6,0
1786849312.0673687,L,-0.39283999999999997,-0.083204,0.7622559999999999,176.33,7.700000000000001,64.61,0
1786849312.0796306,R,-0.315248,0.519964,-0.99552,98.98,-36.470000000000006,-18.62,0
1786849312.082782,L,-0.433832,-0.07442,0.8152039999999999,188.72000000000003,25.900000000000002,77.7,0
1786849312.094299,R,-0.4148,0.479216,-1.16022,70.07000000000001,-25.970000000000002,-16.1,0
1786849312.0973022,L,-0.446764,-0.10174799999999999,0.868152,191.45000000000002,25.830000000000002,78.61000000000001,0
1786849312.1093183,R,-0.393084,0.487024,-1.25538,5.390000000000001,8.680000000000001,-27.720000000000002,0
1786849312.112825,L,-0.456768,-0.115412,0.834236,199.15,19.67,75.39,0
1786849312.124483,R,-0.404064,0.556564,-1.341268,-6.16,40.25000000000001,-33.53,0
1786849312.126927,L,-0.464576,-0.089548,0.77104,209.51000000000002,15.540000000000001,64.4,0
1786849312.1397314,R,-0.36941599999999997,0.440664,-1.249524,13.020000000000001,45.99,-51.800000000000004,0
1786849312.142826,L,-0.460916,-0.038551999999999996,0.7117479999999999,219.73000000000002,16.66,55.86000000000001,0
1786849312.1544938,R,-0.438712,0.496296,-1.057496,63.28000000000001,43.470000000000006,-36.330000000000005,0
1786849312.1577787,L,-0.518988,0.052216,0.779092,217.98000000000002,40.53,58.03000000000001,0
1786849312.1694162,R,-0.434076,0.49166,-0.94428,92.54,31.290000000000003,1.61,0
1786849312.1848783,R,-0.391376,0.40626,-0.907436,91.14000000000001,7.98,28.000000000000004,0
1786849312.1870072,L,-0.544852,0.086376,0.9211,185.43,77.28,65.87,0
1786849312.200666,R,-0.35526399999999997,0.280356,-0.904264,57.470000000000006,-4.2,26.390000000000004,0
1786849312.202062,L,-0.53192,0.075396,1.028948,140.21,90.30000000000001,67.2,0
1786849312.2030602,L,-0.507276,0.082472,1.037,102.34,83.23,62.02,0
1786849312.2147079,R,-0.24790399999999999,0.26352,-0.9394,25.340000000000003,19.250000000000004,4.48,0
1786849312.2170396,L,-0.468968,0.088084,0.9657519999999999,78.33000000000001,76.16000000000001,55.300000000000004,0
1786849312.2296321,R,-0.289872,0.226188,-1.048956,-11.97,50.400000000000006,0.7000000000000001,0
1786849312.2326987,L,-0.427732,0.07076,0.892552,69.09,67.83000000000001,48.300000000000004,0
1786849312.2443235,R,-0.272792,0.175436,-1.106052,-70.98,69.51,12.88,0
1786849312.2473266,L,-0.40699199999999996,0.09638,0.829844,84.77000000000001,51.31,36.190000000000005,0
1786849312.2593408,R,-0.21106,0.21594,-1.0352919999999999,-80.43,72.73,31.640000000000004,0
1786849312.262358,L,-0.402356,0.171532,0.8461919999999999,105.91000000000001,46.34,30.730000000000004,0
1786849312.274411,R,-0.210328,0.359412,-0.869616,-26.740000000000002,47.32000000000001,45.150000000000006,0
1786849312.2774148,L,-0.39405999999999997,0.195444,0.94916,101.57000000000001,61.11000000000001,33.88,0
1786849312.2896342,R,-0.224968,0.465308,-0.80276,50.470000000000006,1.1900000000000002,44.03,0
1786849312.2920518,L,-0.377956,0.16958,1.045784,71.05000000000001,63.980000000000004,37.17,0
1786849312.3046381,R,-0.123708,0.32012799999999997,-0.756888,107.66000000000001,-35.77,32.620000000000005,0
1786849312.3076417,L,-0.372588,0.121268,1.082872,35.0,56.980000000000004,31.500000000000004,0
1786849312.3222861,L,-0.32134799999999997,0.082472,1.05164,14.980000000000002,42.28,24.500000000000004,0
1786849312.3343132,R,-0.13054,0.193736,-0.9262239999999999,151.13000000000002,-32.690000000000005,20.51,0
1786849312.3353167,R,-0.238144,0.25254,-1.061644,111.44000000000001,6.44,-11.340000000000002,0
1786849312.3373172,L,-0.325984,0.102724,0.975756,7.140000000000001,29.400000000000002,18.340000000000003,0
1786849312.3493316,R,-0.168848,0.380396,-1.035048,80.78,5.95,-0.42000000000000004,0
1786849312.3528378,L,-0.304268,0.118828,0.935252,11.690000000000001,21.560000000000002,16.59,0
1786849312.3644676,R,-0.051727999999999996,0.364292,-0.798856,132.51000000000002,-46.13,40.39,0
1786849312.3675704,L,-0.298168,0.138836,0.9272,17.57,15.540000000000001,18.69,0
1786849312.379663,R,-0.159088,0.26718,-0.848144,157.08,-76.16000000000001,40.040000000000006,0
1786849312.3827689,L,-0.28182,0.120048,0.919148,18.200000000000003,10.780000000000001,19.950000000000003,0
1786849312.3952925,R,-0.217892,0.229848,-0.72712,180.74,-53.27,15.610000000000001,0
1786849312.397291,L,-0.28377199999999997,0.095404,0.93086,14.21,8.190000000000001,17.01,0
1786849312.4088507,R,-0.156892,0.128832,-0.703452,188.44000000000003,-31.92,-14.560000000000002,0
1786849312.4123576,L,-0.29158,0.096624,0.915244,5.250000000000001,5.390000000000001,11.55,0
1786849312.425138,R,-0.093696,0.071004,-0.732244,166.53000000000003,-27.37,-39.970000000000006,0
1786849312.427141,L,-0.287432,0.098332,0.909876,-5.180000000000001,1.8200000000000003,7.07,0
1786849312.4397,R,-0.033916,0.086376,-0.70028,145.88000000000002,-24.150000000000002,-40.6,0
1786849312.442715,L,-0.292068,0.098332,0.88572,-7.7700000000000005,-3.08,3.0100000000000002,0
1786849312.4547331,R,-0.009028,0.033428,-0.728584,115.85000000000001,-16.450000000000003,-19.950000000000003,0
1786849312.457767,L,-0.30622,0.110288,0.867908,-7.280000000000001,-6.790000000000001,-1.12,0
1786849312.469384,R,-0.043432,0.01342,-0.7080879999999999,105.49000000000001,-15.96,3.5000000000000004,0
1786849312.4724433,L,-0.31768799999999997,0.122976,0.861808,-5.32,-7.910000000000001,-4.0600000000000005,0
1786849312.4844275,R,-0.121512,-0.056852,-0.798368,112.63000000000001,-17.78,3.5000000000000004,0
1786849312.4874322,L,-0.333792,0.137372,0.874984,-2.5900000000000003,-11.270000000000001,-6.720000000000001,0
1786849312.5023284,L,-0.3538,0.15616,0.9027999999999999,-5.880000000000001,-14.280000000000001,-8.260000000000002,0
1786849312.514352,R,-0.195444,-0.03294,-0.806176,113.05000000000001,-10.64,14.700000000000001,0
1786849312.5154958,R,-0.074908,-0.17324,-0.854,118.93,-11.55,40.95,0
1786849312.517496,L,-0.378444,0.14713199999999999,0.924516,-13.090000000000002,-16.73,-11.620000000000001,0
1786849312.5327938,L,-0.395036,0.14249599999999998,0.919148,-11.690000000000001,-21.770000000000003,-19.250000000000004,0
1786849312.5443249,R,-0.19154,-0.207156,-0.877668,114.45000000000002,-8.680000000000001,37.730000000000004,0
1786849312.5453298,R,-0.101992,-0.232532,-0.901824,93.52000000000001,3.9200000000000004,3.2900000000000005,0
1786849312.5473301,L,-0.403088,0.148108,0.904264,-9.31,-25.200000000000003,-27.090000000000003,0
1786849312.559351,R,-0.046604,-0.255956,-0.890844,57.330000000000005,13.580000000000002,-54.88,0
1786849312.5624957,L,-0.41260399999999997,0.167872,0.8842559999999999,-5.670000000000001,-29.19,-32.410000000000004,0
1786849312.574364,R,-0.12078,-0.30744,-0.927932,13.790000000000001,9.31,-82.88000000000001,0
1786849312.577373,L,-0.42578,0.195688,0.869616,-2.1700000000000004,-32.27,-37.38,0
1786849312.5896811,R,-0.07076,-0.30256,-0.912072,-11.13,-2.3800000000000003,-40.46,0
1786849312.5927918,L,-0.436516,0.227164,0.856928,-0.28,-32.550000000000004,-39.690000000000005,0
1786849312.6052434,R,-0.101504,-0.174948,-0.975268,-10.64,-12.600000000000001,-2.24,0
1786849312.607297,L,-0.45945199999999997,0.25132,0.86498,-0.6300000000000001,-28.560000000000002,-41.160000000000004,0
1786849312.6193144,R,-0.10614,-0.177144,-0.936472,3.3600000000000003,-10.57,-4.62,0
1786849312.6228223,L,-0.457744,0.268888,0.874252,-3.1500000000000004,-28.28,-42.00000000000001,0
1786849312.6343393,R,-0.16128399999999998,-0.20252,-0.935496,-2.9400000000000004,-9.38,-22.820000000000004,0
1786849312.6373427,L,-0.457012,0.28133199999999997,0.859856,-5.460000000000001,-28.35,-42.77,0
1786849312.6494105,R,-0.154452,-0.23424,-0.972584,-11.620000000000001,-10.22,-16.380000000000003,0
1786849312.6524973,L,-0.449448,0.28255199999999997,0.83082,-6.23,-28.070000000000004,-43.61000000000001,0
1786849312.6645858,R,-0.127856,-0.202764,-0.956236,-22.19,-4.970000000000001,-4.550000000000001,0
1786849312.666972,L,-0.447008,0.294508,0.792268,-6.930000000000001,-28.000000000000004,-43.400000000000006,0
1786849312.6795416,R,-0.143228,-0.153476,-0.924028,-16.310000000000002,8.120000000000001,0.28,0
1786849312.6825814,L,-0.442372,0.30378,0.756644,-7.210000000000001,-25.830000000000002,-42.84,0
1786849312.6947594,R,-0.14835199999999998,-0.157136,-0.898896,-16.87,26.880000000000003,-4.2,0
1786849312.6977623,L,-0.44408,0.321104,0.7400519999999999,-3.99,-25.270000000000003,-41.510000000000005,0
1786849312.7093515,R,-0.164456,-0.193492,-0.916708,-16.8,34.510000000000005,2.7300000000000004,0
1786849312.7124352,L,-0.44286,0.338672,0.71492,1.6800000000000002,-26.110000000000003,-38.85,0
1786849312.7251496,R,-0.178364,-0.18544,-0.930616,1.1900000000000002,16.17,21.770000000000003,0
1786849312.7271528,L,-0.459208,0.349652,0.696376,8.540000000000001,-22.89,-36.470000000000006,0
1786849312.7397134,R,-0.167628,-0.164456,-0.891332,1.7500000000000002,-12.670000000000002,40.53,0
1786849312.742794,L,-0.46238,0.361852,0.693448,7.910000000000001,-11.760000000000002,-35.0,0
1786849312.7543116,R,-0.19276,-0.060024,-0.887428,20.160000000000004,-27.230000000000004,48.300000000000004,0
1786849312.7573152,L,-0.462624,0.374784,0.732488,-2.1,-2.0300000000000002,-30.240000000000002,0
1786849312.769329,R,-0.157868,-0.036844,-0.8979199999999999,17.150000000000002,-11.830000000000002,40.39,0
1786849312.7728355,L,-0.469456,0.371612,0.76738,-15.05,6.65,-22.96,0
1786849312.784415,R,-0.047335999999999996,-0.055388,-0.844484,9.24,18.060000000000002,49.56,0
1786849312.7874882,L,-0.47726399999999997,0.361364,0.788364,-24.080000000000002,11.06,-18.48,0
1786849312.799725,R,-0.077348,0.069052,-1.179252,-4.9,-19.6,62.160000000000004,0
1786849312.802245,L,-0.475312,0.34355199999999997,0.800808,-28.980000000000004,14.000000000000002,-15.820000000000002,0
1786849312.8147743,R,-0.16836,0.103212,-0.912316,-59.99000000000001,-77.07000000000001,52.43000000000001,0
1786849312.817778,L,-0.475068,0.331108,0.805932,-27.300000000000004,13.020000000000001,-13.930000000000001,0
1786849312.8297477,R,-0.158356,0.027572,-0.771284,-38.290000000000006,-115.22000000000001,31.360000000000003,0
1786849312.832255,L,-0.489708,0.323544,0.864248,-24.360000000000003,17.01,-10.850000000000001,0
1786849312.8443253,R,-0.245464,-0.060511999999999996,-0.597556,3.9200000000000004,-88.48,16.450000000000003,0
1786849312.8473291,L,-0.504104,0.293288,0.9423279999999999,-25.060000000000002,14.490000000000002,-8.96,0
1786849312.8593462,R,-0.278404,-0.2013,-0.46726,56.7,-51.52,20.3,0
1786849312.8624654,L,-0.493124,0.272792,0.943304,-27.720000000000002,5.390000000000001,-7.3500000000000005,0
1786849312.874542,R,-0.1708,-0.19032,-0.631228,96.04,-74.76,40.74,0
1786849312.8775454,L,-0.49776,0.254004,0.902556,-29.540000000000003,1.8200000000000003,-3.9200000000000004,0
1786849312.889777,R,-0.309392,-0.04514,-0.5873079999999999,68.95,-115.99000000000001,42.980000000000004,0
1786849312.892831,L,-0.49776,0.251808,0.846924,-31.640000000000004,2.3800000000000003,-1.8900000000000001,0
1786849312.9043467,R,-0.36478,0.025863999999999998,-0.558028,46.830000000000005,-132.93,40.53,0
1786849312.9068844,L,-0.493856,0.240828,0.799588,-37.940000000000005,9.870000000000001,1.61,0
1786849312.9195344,R,-0.287432,-0.040992,-0.468968,33.74,-131.53,29.820000000000004,0
1786849312.9225833,L,-0.506056,0.229604,0.748104,-33.6,9.870000000000001,5.180000000000001,0
1786849312.9344046,R,-0.24278,-0.157624,-0.604144,66.29,-158.83,30.380000000000003,0
1786849312.9384081,L,-0.49263599999999996,0.215696,0.698816,-28.000000000000004,12.530000000000001,7.280000000000001,0
1786849312.9494915,R,-0.421876,-0.056364,-0.551928,33.88,-104.58000000000001,21.840000000000003,0
1786849312.9525332,L,-0.508984,0.193492,0.648552,-29.050000000000004,16.310000000000002,10.850000000000001,0
1786849312.9646668,R,-0.498736,0.012931999999999999,-0.61488,-0.77,-90.72000000000001,13.860000000000001,0
1786849312.968713,L,-0.50996,0.11834,0.59414,-28.700000000000003,26.740000000000002,10.920000000000002,0
1786849312.9795964,R,-0.557784,0.015127999999999999,-0.509716,-51.660000000000004,-108.64000000000001,16.66,0
1786849312.9826531,L,-0.513132,0.088328,0.525576,-22.05,28.560000000000002,12.600000000000001,0
1786849312.9953299,R,-0.540216,0.043188,-0.615856,-83.79,-115.36000000000001,11.340000000000002,0
1786849312.9973297,L,-0.505324,0.072712,0.45994,-22.610000000000003,38.010000000000005,4.760000000000001,0
1786849313.0089095,R,-0.613904,-0.013176,-0.593896,-30.730000000000004,-101.99000000000001,26.740000000000002,0
1786849313.0124166,L,-0.516548,0.090036,0.401624,-21.42,50.190000000000005,4.970000000000001,0
1786849313.0245523,R,-0.663436,0.049288,-0.760548,3.5700000000000003,-133.56,60.760000000000005,0
1786849313.0275564,L,-0.5392399999999999,0.095404,0.367952,-9.450000000000001,64.47000000000001,4.48,0
1786849313.0397806,R,-0.7573759999999999,-0.016347999999999998,-0.746152,19.180000000000003,-136.36,55.93000000000001,0
1786849313.0428364,L,-0.556564,0.110288,0.36941599999999997,8.260000000000002,75.74000000000001,1.33,0
1786849313.055683,R,-0.7259,0.07686,-0.7564,14.700000000000001,-133.56,62.370000000000005,0
1786849313.0576847,L,-0.598532,0.141764,0.375516,24.500000000000004,87.15,-1.8900000000000001,0
1786849313.0693297,R,-0.775676,-0.002196,-0.763232,20.23,-112.07000000000001,67.76,0
1786849313.0728374,L,-0.630496,0.202032,0.397964,2.8000000000000003,114.03000000000002,-0.42000000000000004,0
1786849313.0844452,R,-0.7991,-0.003904,-0.71614,16.03,-125.44000000000001,75.18,0
1786849313.0874882,L,-0.740784,0.139324,0.462624,-6.0200000000000005,126.49000000000001,8.75,0
1786849313.0991652,R,-0.921588,-0.08784,-0.696132,18.130000000000003,-148.26000000000002,75.67,0
1786849313.1026757,L,-0.723704,0.175192,0.49263599999999996,11.200000000000001,133.07000000000002,-5.8100000000000005,0
1786849313.1147726,R,-1.006744,0.016104,-0.8113,22.610000000000003,-167.79000000000002,97.86000000000001,0
1786849313.1178386,L,-0.7659159999999999,0.23277599999999998,0.52826,5.180000000000001,140.35000000000002,-3.3600000000000003,0
1786849313.1296275,R,-0.913292,-0.072468,-0.762012,46.690000000000005,-166.88000000000002,117.67000000000002,0
1786849313.132646,L,-0.80398,0.269376,0.618296,2.3800000000000003,149.17000000000002,5.95,0
1786849313.144327,R,-0.898652,-0.090524,-0.797148,58.31,-157.85000000000002,116.27000000000001,0
1786849313.1473331,L,-0.8418,0.31354,0.743712,-3.8500000000000005,152.95000000000002,21.560000000000002,0
1786849313.1593466,R,-0.941108,-0.106872,-0.84302,67.55000000000001,-137.34,109.41000000000001,0
1786849313.1626291,L,-0.848388,0.35502,0.824964,-32.410000000000004,160.65,40.81,0
1786849313.1746507,R,-0.986248,-0.081252,-0.814228,53.760000000000005,-103.53000000000002,110.18,0
1786849313.1776576,L,-0.8620519999999999,0.336476,0.850096,-67.13000000000001,167.93,67.76,0
1786849313.189459,R,-0.981856,-0.053191999999999996,-0.742248,59.64000000000001,-92.19000000000001,120.82000000000001,0
1786849313.1925738,L,-0.886452,0.21106,0.865712,-83.23,163.17000000000002,85.96000000000001,0
1786849313.2046597,R,-1.01504,-0.073444,-0.7137,53.06,-88.69000000000001,131.11,0
1786849313.207409,L,-0.901336,0.124196,0.85644,-67.55000000000001,146.58,81.69000000000001,0
1786849313.2194262,R,-1.010404,-0.083936,-0.683688,56.7,-95.34,144.55,0
1786849313.2225373,L,-0.911584,0.123464,0.815692,-35.77,127.19000000000001,73.01,0
1786849313.2345934,R,-1.013332,-0.17934,-0.732,50.260000000000005,-92.12,140.91000000000003,0
1786849313.2497716,R,-1.018944,-0.146888,-0.60268,34.720000000000006,-85.47000000000001,120.82000000000001,0
1786849313.2518709,L,-0.9176839999999999,0.1281,0.766648,3.22,109.20000000000002,68.25,0
1786849313.2528708,L,-0.914756,0.12956399999999998,0.719556,43.75000000000001,97.02000000000001,62.370000000000005,0
1786849313.2645278,R,-1.041148,-0.156404,-0.60878,7.07,-77.63000000000001,104.65,0
1786849313.2675848,L,-0.905484,0.14396,0.686616,68.32000000000001,94.22000000000001,58.730000000000004,0
1786849313.2819304,L,-0.920612,0.136884,0.673684,81.41000000000001,96.46000000000001,55.370000000000005,0
1786849313.2945294,R,-0.998448,-0.17934,-0.58316,-7.000000000000001,-58.52,76.09,0
1786849313.295755,R,-0.983808,-0.17299599999999998,-0.599752,-6.090000000000001,-36.050000000000004,50.190000000000005,0
1786849313.297757,L,-0.915,0.126392,0.684176,92.75000000000001,94.08000000000001,49.63,0
1786849313.30933,R,-0.9472079999999999,-0.185196,-0.58438,-6.580000000000001,-31.150000000000002,32.34,0
1786849313.3128376,L,-0.920856,0.134688,0.692716,104.44000000000001,84.7,37.1,0
1786849313.3244114,R,-0.962336,-0.110044,-0.602924,-30.520000000000003,-31.780000000000005,17.71,0
1786849313.327448,L,-0.926956,0.157868,0.68076,108.99000000000001,78.33000000000001,23.590000000000003,0
1786849313.3395786,R,-0.903044,-0.033184,-0.553392,-25.060000000000002,-19.810000000000002,15.750000000000002,0
1786849313.342754,L,-0.9272,0.17202,0.675636,107.45000000000002,74.97000000000001,11.06,0
1786849313.3545594,R,-0.900848,-0.03904,-0.5978,-19.180000000000003,-11.55,21.21,0
1786849313.3575625,L,-0.923052,0.203252,0.680516,100.31000000000002,72.94000000000001,1.61,0
1786849313.369689,R,-0.898896,-0.034159999999999996,-0.6143919999999999,-48.230000000000004,-6.090000000000001,21.42,0
1786849313.372742,L,-0.918416,0.231068,0.69784,88.83000000000001,72.03,-2.9400000000000004,0
1786849313.3843815,R,-0.844728,0.005124,-0.568032,-34.86000000000001,7.280000000000001,18.48,0
1786849313.3873858,L,-0.915244,0.253028,0.721996,81.06,66.22000000000001,-6.790000000000001,0
1786849313.3997726,R,-0.864736,0.009516,-0.591456,-35.35,15.120000000000001,24.080000000000002,0
1786849313.4022775,L,-0.907436,0.271816,0.73566,79.31,56.07000000000001,-8.47,0
1786849313.414576,R,-0.848144,0.046116,-0.579256,-53.2,21.42,27.230000000000004,0
1786849313.41758,L,-0.896944,0.288164,0.747616,82.74000000000001,42.980000000000004,-9.590000000000002,0
1786849313.4295955,R,-0.863028,0.051484,-0.518988,-61.040000000000006,31.640000000000004,7.000000000000001,0
1786849313.4326553,L,-0.8830359999999999,0.315004,0.742004,78.33000000000001,32.410000000000004,-6.86,0
1786849313.444725,R,-0.879132,0.028548,-0.571936,-47.39000000000001,36.260000000000005,-8.260000000000002,0
1786849313.4477298,L,-0.873032,0.314272,0.729316,66.5,24.64,-1.05,0
1786849313.45983,R,-0.868884,0.031964,-0.553148,-50.050000000000004,40.18000000000001,-15.400000000000002,0
1786849313.4618866,L,-0.8708359999999999,0.30012,0.732244,50.190000000000005,17.64,2.45,0
1786849313.4744103,R,-0.844728,0.059536,-0.546316,-30.17,38.85,-19.040000000000003,0
1786849313.4774144,L,-0.870592,0.28255199999999997,0.733464,39.34,7.210000000000001,2.3800000000000003,0
1786849313.4893262,R,-0.819596,0.082716,-0.548024,-21.700000000000003,38.080000000000005,-19.040000000000003,0
1786849313.4928355,L,-0.869372,0.266204,0.724192,28.770000000000003,-6.300000000000001,0.42000000000000004,0
1786849313.504451,R,-0.8164239999999999,0.093452,-0.546316,-22.610000000000003,38.71,-17.71,0
1786849313.507623,L,-0.870348,0.257176,0.697352,16.8,-18.830000000000002,-2.24,0
1786849313.519642,R,-0.819596,0.11223999999999999,-0.552904,-33.39,42.00000000000001,-17.64,0
1786849313.5226662,L,-0.8784,0.262056,0.6624599999999999,3.2900000000000005,-26.46,-3.5000000000000004,0
1786849313.5344045,R,-0.8227679999999999,0.115656,-0.55998,-47.32000000000001,47.11000000000001,-19.39,0
1786849313.5374093,L,-0.877424,0.255956,0.662216,-4.550000000000001,-34.650000000000006,-3.0100000000000002,0
1786849313.5495424,R,-0.8113,0.133468,-0.52582,-48.790000000000006,41.86000000000001,-17.57,0
1786849313.5526094,L,-0.873764,0.261812,0.653188,-8.540000000000001,-45.92,-6.790000000000001,0
1786849313.564631,R,-0.824476,0.14005599999999999,-0.512156,-32.13,31.500000000000004,-14.770000000000001,0
1786849313.5677075,L,-0.8732759999999999,0.276452,0.63074,-4.0600000000000005,-58.870000000000005,-10.99,0
1786849313.5798287,R,-0.829112,0.15372,-0.505568,-19.39,25.270000000000003,-11.690000000000001,0
1786849313.5828428,L,-0.8723,0.290604,0.629764,-1.54,-71.82000000000001,-12.600000000000001,0
1786849313.5951204,R,-0.81374,0.18422,-0.536556,-10.780000000000001,26.950000000000003,-8.82,0
1786849313.5971217,L,-0.8866959999999999,0.293288,0.61976,-12.250000000000002,-78.75000000000001,-13.860000000000001,0
1786849313.6088603,R,-0.8164239999999999,0.20105599999999998,-0.574376,-17.92,34.790000000000006,-14.000000000000002,0
1786849313.6123672,L,-0.884988,0.289872,0.611464,-31.220000000000002,-78.82000000000001,-17.78,0
1786849313.624398,R,-0.791048,0.20984,-0.5416799999999999,-36.61000000000001,60.34,-15.47,0
1786849313.627402,L,-0.8866959999999999,0.31476,0.624884,-39.410000000000004,-86.38000000000001,-12.88,0
1786849313.6395001,R,-0.782264,0.220576,-0.555344,-38.57,75.60000000000001,-8.610000000000001,0
1786849313.6420066,L,-0.871812,0.324276,0.537532,-37.59,-93.73,-9.38,0
1786849313.6546524,R,-0.815448,0.22326,-0.576328,-46.900000000000006,59.71000000000001,-5.180000000000001,0
1786849313.6577368,L,-0.874984,0.323544,0.523624,-35.77,-84.00000000000001,-9.940000000000001,0
1786849313.6693234,R,-0.792268,0.19763999999999998,-0.577304,-50.96000000000001,38.43000000000001,4.2700000000000005,0
1786849313.6728306,L,-0.875472,0.304024,0.543144,-21.770000000000003,-87.08000000000001,-10.15,0
1786849313.6843498,R,-0.772016,0.211304,-0.531188,-32.13,11.410000000000002,17.5,0
1786849313.6873536,L,-0.871568,0.301096,0.51728,-12.180000000000001,-90.09,-9.450000000000001,0
1786849313.6997817,R,-0.79544,0.203252,-0.523868,-22.96,4.69,12.110000000000001,0
1786849313.7022834,L,-0.8757159999999999,0.290116,0.50142,-10.57,-88.9,-13.510000000000002,0
1786849313.71443,R,-0.8017839999999999,0.19519999999999998,-0.537532,-19.180000000000003,8.96,8.120000000000001,0
1786849313.7174373,L,-0.876448,0.294996,0.492148,-10.290000000000001,-89.32000000000001,-16.94,0
1786849313.7294524,R,-0.794464,0.20862,-0.549488,-27.020000000000003,8.75,5.11,0
1786849313.7324939,L,-0.841068,0.301584,0.46848,-8.260000000000002,-91.00000000000001,-13.790000000000001,0
1786849313.7445054,R,-0.825452,0.237656,-0.457012,-31.080000000000002,14.000000000000002,2.24,0
1786849313.747509,L,-0.849364,0.323544,0.46677199999999996,-7.420000000000001,-90.51,-13.440000000000001,0
1786849313.759623,R,-0.82838,0.266448,-0.488732,-52.50000000000001,27.37,-5.250000000000001,0
1786849313.762729,L,-0.821548,0.31646799999999997,0.448228,7.420000000000001,-93.87,-9.31,0
1786849313.7753408,R,-0.81008,0.26352,-0.525332,-88.62,45.64000000000001,-15.260000000000002,0
1786849313.77734,L,-0.81008,0.327692,0.423828,24.570000000000004,-91.91000000000001,-0.28,0
1786849313.7893558,R,-0.787632,0.292312,-0.534604,-88.27000000000001,52.290000000000006,-5.95,0
1786849313.7924776,L,-0.8103239999999999,0.328912,0.407724,26.040000000000003,-85.61000000000001,1.9600000000000002,0
1786849313.804305,R,-0.853756,0.391864,-0.6624599999999999,-84.98,33.11000000000001,14.21,0
1786849313.8069906,L,-0.8103239999999999,0.314272,0.405284,16.66,-76.30000000000001,-2.1,0
1786849313.8228064,L,-0.797392,0.320616,0.398452,20.580000000000002,-67.34,-6.16,0
1786849313.8353264,R,-0.648796,0.146156,-0.49019599999999997,-90.23,26.67,46.410000000000004,0
1786849313.8373263,L,-0.788608,0.317932,0.417728,29.680000000000003,-62.650000000000006,-5.460000000000001,0
1786849313.8524046,L,-0.7537159999999999,0.304512,0.353312,57.61000000000001,-56.35000000000001,1.33,0
1786849313.8645446,R,-0.820572,0.29426399999999997,-0.539484,-43.89000000000001,25.060000000000002,4.2,0
1786849313.8665478,R,-0.787144,0.32696,-0.536068,-52.36000000000001,22.400000000000002,-1.2600000000000002,0
1786849313.8685522,L,-0.763232,0.332328,0.332816,83.30000000000001,-45.92,5.53,0
1786849313.8796918,R,-0.753472,0.330864,-0.55266,-56.77,15.47,-0.56,0
1786849313.8828657,L,-0.759084,0.359412,0.350628,94.36000000000001,-43.540000000000006,5.8100000000000005,0
1786849313.894508,R,-0.782264,0.348676,-0.552904,-68.74000000000001,20.580000000000002,5.8100000000000005,0
1786849313.8966691,R,-0.777384,0.30963599999999997,-0.581452,-85.68,31.080000000000002,0.49000000000000005,0
1786849313.8976653,L,-0.746884,0.35648399999999997,0.38234799999999997,112.84000000000002,-50.82000000000001,2.3800000000000003,0
1786849313.909277,R,-0.7573759999999999,0.312808,-0.568276,-77.7,34.510000000000005,-2.7300000000000004,0
1786849313.9127858,L,-0.7659159999999999,0.381372,0.324032,135.03,-44.52,-2.24,0
1786849313.9255064,R,-0.7573759999999999,0.345016,-0.552416,-58.24000000000001,28.910000000000004,0.56,0
1786849313.9275053,L,-0.736636,0.391132,0.330132,126.70000000000002,-30.660000000000004,-6.23,0
1786849313.9395194,R,-0.746152,0.38186,-0.539484,-50.61000000000001,17.080000000000002,5.880000000000001,0
1786849313.9426334,L,-0.74298,0.394304,0.35258,111.51,-14.980000000000002,-3.8500000000000005,0
1786849313.954326,R,-0.743224,0.392352,-0.544364,-49.7,7.840000000000001,9.590000000000002,0
1786849313.9574556,L,-0.72956,0.41504399999999997,0.372832,96.88000000000001,-6.86,-3.9200000000000004,0
1786849313.9698098,R,-0.7400519999999999,0.369904,-0.569252,-47.74,6.16,12.740000000000002,0
1786849313.9719453,L,-0.722972,0.421144,0.368684,81.97000000000001,-0.14,0.6300000000000001,0
1786849313.9853714,R,-0.728828,0.358192,-0.5848679999999999,-37.1,5.74,13.580000000000002,0
1786849313.987369,L,-0.732244,0.42919599999999997,0.360144,67.83000000000001,12.250000000000002,3.9200000000000004,0
1786849313.9988866,R,-0.74908,0.378932,-0.559492,-21.42,6.090000000000001,15.47,0
1786849314.0023985,L,-0.739564,0.4209,0.360388,54.25000000000001,27.160000000000004,2.66,0
1786849314.0147893,R,-0.742004,0.396988,-0.542168,-11.690000000000001,0.7000000000000001,15.820000000000002,0
1786849314.0177932,L,-0.749324,0.44212799999999997,0.335256,61.040000000000006,39.13,8.190000000000001,0
1786849314.029388,R,-0.718824,0.418948,-0.5404599999999999,-21.28,-4.970000000000001,13.160000000000002,0
1786849314.0318918,L,-0.74176,0.446276,0.391132,65.66000000000001,43.89000000000001,-6.0200000000000005,0
1786849314.0446894,R,-0.7278519999999999,0.386496,-0.57462,-31.430000000000003,5.250000000000001,17.290000000000003,0
1786849314.0469127,L,-0.744444,0.457012,0.41114,65.52000000000001,45.36000000000001,-3.7800000000000002,0
1786849314.0595095,R,-0.7339519999999999,0.379176,-0.5651039999999999,-42.910000000000004,17.85,12.530000000000001,0
1786849314.0625656,L,-0.749812,0.44773999999999997,0.43432,62.86000000000001,44.940000000000005,-3.8500000000000005,0
1786849314.0746357,R,-0.7117479999999999,0.385276,-0.558516,-35.84,14.560000000000002,11.270000000000001,0
1786849314.0776436,L,-0.753228,0.446276,0.455548,61.46000000000001,44.45,-5.880000000000001,0
1786849314.0894296,R,-0.725412,0.34599199999999997,-0.544852,-25.69,6.720000000000001,9.940000000000001,0
1786849314.0925047,L,-0.765672,0.46921199999999996,0.455792,48.370000000000005,47.88,-8.610000000000001,0
1786849314.1047022,R,-0.744932,0.363072,-0.55144,-15.680000000000001,5.390000000000001,6.720000000000001,0
1786849314.107738,L,-0.766404,0.471652,0.468236,31.640000000000004,53.2,-9.870000000000001,0
1786849314.1195004,R,-0.732976,0.39161999999999997,-0.555832,-5.11,3.0100000000000002,2.24,0
1786849314.1225626,L,-0.766404,0.490928,0.465064,14.420000000000002,58.730000000000004,-11.55,0
1786849314.1347013,R,-0.72346,0.412116,-0.55876,1.4700000000000002,2.3800000000000003,0.49000000000000005,0
1786849314.1378052,L,-0.767868,0.502152,0.46604,4.970000000000001,64.61,-11.55,0
1786849314.1496286,R,-0.717116,0.41236,-0.569496,-5.880000000000001,9.030000000000001,3.3600000000000003,0
1786849314.1526601,L,-0.771284,0.49946799999999997,0.4819,18.55,63.35000000000001,-14.14,0
1786849314.1643295,R,-0.705404,0.435296,-0.578524,-15.47,19.46,2.24,0
1786849314.167334,L,-0.7524959999999999,0.473116,0.534604,36.96,60.2,-15.47,0
1786849314.17935,R,-0.71126,0.4392,-0.5551,-15.47,13.440000000000001,1.12,0
1786849314.1826532,L,-0.778848,0.546804,0.526308,40.53,54.32000000000001,-16.520000000000003,0
1786849314.1946647,R,-0.706624,0.395524,-0.549244,-11.06,1.61,-0.56,0
1786849314.1977053,L,-0.749812,0.532164,0.549244,33.6,48.300000000000004,-18.76,0
1786849314.2098768,R,-0.720532,0.384788,-0.55266,-3.08,-1.2600000000000002,0.42000000000000004,0
1786849314.211893,L,-0.7549359999999999,0.549244,0.545828,20.860000000000003,44.1,-15.96,0
1786849314.2244742,R,-0.711992,0.397476,-0.577548,-1.12,-0.07,1.54,0
1786849314.227512,L,-0.764208,0.548512,0.533628,12.740000000000002,40.25000000000001,-12.040000000000001,0
1786849314.2390196,R,-0.7032079999999999,0.393084,-0.554124,4.83,2.5900000000000003,2.3800000000000003,0
1786849314.2425246,L,-0.759572,0.553392,0.533384,2.1,41.09,-8.05,0
1786849314.2545342,R,-0.71248,0.39527999999999996,-0.565592,3.9200000000000004,1.54,-2.87,0
1786849314.2577205,L,-0.7549359999999999,0.55266,0.540948,-8.82,39.830000000000005,-7.07,0
1786849314.269732,R,-0.713944,0.399184,-0.572912,-1.6800000000000002,3.7800000000000002,-3.9200000000000004,0
1786849314.2722378,L,-0.755912,0.5428999999999999,0.537288,-6.86,34.650000000000006,-3.9200000000000004,0
1786849314.2847614,R,-0.710284,0.421144,-0.576572,-8.47,7.630000000000001,-4.0600000000000005,0
1786849314.2877655,L,-0.755424,0.534604,0.543876,4.83,25.830000000000002,-4.48,0
1786849314.2997863,R,-0.701012,0.414556,-0.558028,-11.55,6.790000000000001,-2.24,0
1786849314.3022885,L,-0.75396,0.535336,0.539484,7.7700000000000005,20.3,-3.7800000000000002,0
1786849314.3174102,L,-0.750056,0.533384,0.540948,2.87,16.1,-3.6400000000000006,0
1786849314.3296208,R,-0.719556,0.39039999999999997,-0.5612,-8.4,5.95,-0.42000000000000004,0
1786849314.3316836,R,-0.7076,0.396012,-0.596336,-4.2,5.8100000000000005,0.35000000000000003,0
1786849314.3326838,L,-0.745176,0.547292,0.538996,-4.2,11.97,-0.9100000000000001,0
1786849314.3445063,R,-0.7093079999999999,0.402356,-0.603412,5.53,13.160000000000002,3.43,0
1786849314.347751,L,-0.739808,0.542656,0.535824,-11.690000000000001,7.630000000000001,4.550000000000001,0
1786849314.359768,R,-0.7166279999999999,0.40089199999999997,-0.573156,0.77,22.96,2.0300000000000002,0
1786849314.3622754,L,-0.74786,0.527528,0.512888,-13.72,3.2900000000000005,8.47,0
1786849314.3747947,R,-0.715164,0.413336,-0.580476,-8.75,18.340000000000003,-4.0600000000000005,0
1786849314.3778002,L,-0.755912,0.505324,0.502396,-4.83,0.42000000000000004,7.630000000000001,0
1786849314.3894215,R,-0.70028,0.424804,-0.5673,-18.41,14.070000000000002,-5.95,0
1786849314.3926454,L,-0.745908,0.511668,0.505568,-5.11,-2.8000000000000003,4.83,0
1786849314.4047651,R,-0.6883239999999999,0.41382399999999997,-0.57828,-16.8,18.69,-2.87,0
1786849314.4195442,R,-0.6907639999999999,0.408456,-0.5734,-11.06,21.560000000000002,-2.66,0
1786849314.4346404,R,-0.689788,0.423584,-0.591944,-6.580000000000001,23.380000000000003,-4.69,0
1786849314.437653,L,-0.747372,0.510448,0.501176,-8.120000000000001,-6.16,3.08,0
1786849314.4386551,L,-0.747128,0.509228,0.49019599999999997,-6.23,-8.610000000000001,1.4000000000000001,0
1786849314.4496698,R,-0.693936,0.422608,-0.58072,-1.8900000000000001,17.080000000000002,-6.65,0
1786849314.4531767,L,-0.743224,0.519232,0.482632,-10.080000000000002,-9.31,2.5900000000000003,0
1786849314.45468,L,-0.740296,0.5246,0.478972,-17.080000000000002,-11.06,5.460000000000001,0
1786849314.4647293,R,-0.699548,0.4148,-0.580964,0.21000000000000002,7.140000000000001,-6.44,0
1786849314.4670029,L,-0.747616,0.522648,0.475312,-21.42,-13.72,8.680000000000001,0
1786849314.4788938,R,-0.70394,0.428708,-0.597312,0.77,-0.77,-8.610000000000001,0
1786849314.4824016,L,-0.76006,0.528504,0.460916,-23.730000000000004,-14.770000000000001,11.97,0
1786849314.5094748,R,-0.698816,0.42212,-0.6156119999999999,3.5000000000000004,-4.48,-13.020000000000001,0
1786849314.5116277,R,-0.701012,0.425292,-0.6426959999999999,-0.42000000000000004,1.61,-18.830000000000002,0
1786849314.512628,L,-0.765184,0.509472,0.46555199999999997,-21.07,-18.130000000000003,13.580000000000002,0
1786849314.527814,L,-0.771772,0.498736,0.46848,-14.560000000000002,-21.910000000000004,12.250000000000002,0
1786849314.5288138,L,-0.769576,0.501176,0.469944,-13.370000000000001,-19.950000000000003,12.81,0
1786849314.5394166,R,-0.693936,0.449936,-0.629276,-11.830000000000002,8.260000000000002,-22.750000000000004,0
1786849314.5415175,R,-0.69174,0.445544,-0.574864,-13.23,9.590000000000002,-21.35,0
1786849314.5425174,L,-0.771528,0.503372,0.454084,-21.910000000000004,-15.120000000000001,14.000000000000002,0
1786849314.5545292,R,-0.687348,0.46433199999999997,-0.56608,11.97,-6.370000000000001,-24.92,0
1786849314.5576208,L,-0.768112,0.492392,0.454328,-37.31,-11.340000000000002,12.46,0
1786849314.5697544,R,-0.694912,0.406504,-0.545828,21.21,3.9200000000000004,-11.13,0
1786849314.572861,L,-0.771528,0.4758,0.457744,-31.85,-18.62,14.14,0
1786849314.5843809,R,-0.6895439999999999,0.44334799999999996,-0.567056,5.6000000000000005,3.9200000000000004,-8.75,0
1786849314.5873864,L,-0.779092,0.480436,0.438956,-20.3,-25.69,10.780000000000001,0
1786849314.5993989,R,-0.6919839999999999,0.43724799999999997,-0.575596,5.390000000000001,-11.13,-9.450000000000001,0
1786849314.6019135,L,-0.7759199999999999,0.477996,0.4331,-13.020000000000001,-31.85,7.700000000000001,0
1786849314.6145284,R,-0.709796,0.410408,-0.556076,3.22,-20.37,-10.71,0
1786849314.6175315,L,-0.768844,0.47702,0.430904,-11.06,-35.980000000000004,5.74,0
1786849314.629189,R,-0.71614,0.400404,-0.554856,0.8400000000000001,-18.130000000000003,-13.930000000000001,0
1786849314.6326985,L,-0.766404,0.487268,0.415288,-14.980000000000002,-29.750000000000004,6.930000000000001,0
1786849314.6443543,R,-0.715896,0.393328,-0.558028,0.56,-10.290000000000001,-19.250000000000004,0
1786849314.6473594,L,-0.765672,0.475068,0.397476,-24.220000000000002,-19.740000000000002,7.7700000000000005,0
1786849314.6609619,R,-0.71004,0.406504,-0.570228,2.45,-4.970000000000001,-18.69,0
1786849314.662103,L,-0.77104,0.460428,0.397476,-27.650000000000002,-6.86,9.030000000000001,0
1786849314.6751995,R,-0.7056479999999999,0.400648,-0.561932,1.12,-2.45,-16.8,0
1786849314.689983,R,-0.7137,0.401136,-0.559736,-0.9800000000000001,1.33,-13.3,0
1786849314.7045498,R,-0.723704,0.396988,-0.565348,3.8500000000000005,-1.54,-10.71,0
1786849314.706554,L,-0.768112,0.458964,0.39283999999999997,-32.900000000000006,2.9400000000000004,3.2900000000000005,0
1786849314.7196822,R,-0.740296,0.389668,-0.554856,14.770000000000001,-9.8,-12.110000000000001,0
1786849314.7237442,L,-0.770308,0.45994,0.400648,-33.11000000000001,4.41,-0.28,0
1786849314.7247434,L,-0.771528,0.47214,0.397964,-27.44,-0.35000000000000003,-1.2600000000000002,0
1786849314.726759,L,-0.766404,0.474092,0.403088,-14.700000000000001,-8.89,1.61,0
1786849314.7343125,R,-0.726388,0.360388,-0.561932,25.69,-17.220000000000002,-12.250000000000002,0
1786849314.7493308,R,-0.727364,0.357216,-0.541436,24.220000000000002,-12.39,-10.080000000000002,0
1786849314.7643564,R,-0.726876,0.355996,-0.552416,24.360000000000003,-7.420000000000001,-7.630000000000001,0
1786849314.76736,L,-0.760548,0.479948,0.4026,-5.95,-12.39,2.5200000000000005,0
1786849314.7683601,L,-0.774456,0.47702,0.39967199999999997,-0.28,-16.450000000000003,1.33,0
1786849314.76936,L,-0.77104,0.476288,0.389424,1.05,-18.130000000000003,1.12,0
1786849314.779375,R,-0.7178479999999999,0.35770399999999997,-0.55266,21.490000000000002,-9.24,-5.180000000000001,0
1786849314.781882,L,-0.787388,0.479216,0.382592,0.14,-16.520000000000003,0.6300000000000001,0
1786849314.796406,R,-0.7339519999999999,0.353556,-0.606096,17.57,-12.46,-5.460000000000001,0
1786849314.7974062,L,-0.783484,0.46799199999999996,0.377224,-0.21000000000000002,-10.780000000000001,-0.42000000000000004,0
1786849314.8099258,R,-0.715164,0.3599,-0.630252,2.9400000000000004,-23.240000000000002,-11.830000000000002,0
1786849314.812059,L,-0.787388,0.446032,0.382104,-4.48,-7.910000000000001,-5.460000000000001,0
1786849314.824576,R,-0.764452,0.332084,-0.50996,17.92,-17.290000000000003,-17.080000000000002,0
1786849314.8275805,L,-0.788364,0.4453,0.400648,-3.6400000000000006,-11.06,-9.31,0
1786849314.839594,R,-0.75884,0.289628,-0.538996,34.580000000000005,7.98,-20.44,0
1786849314.842101,L,-0.782996,0.447496,0.40211199999999997,-9.66,-16.380000000000003,-15.400000000000002,0
1786849314.854624,R,-0.797392,0.34355199999999997,-0.57828,60.34,21.630000000000003,-29.19,0
1786849314.8596282,L,-0.785436,0.442616,0.411872,-14.21,-18.48,-20.51,0
1786849314.869643,R,-0.7178479999999999,0.292312,-0.55388,45.57000000000001,17.85,-32.13,0
1786849314.87215,L,-0.775432,0.438224,0.406504,-9.940000000000001,-14.280000000000001,-20.930000000000003,0
1786849314.8846674,R,-0.737368,0.299876,-0.56486,39.900000000000006,13.3,-27.720000000000002,0
1786849314.8876708,L,-0.766648,0.453596,0.395768,-6.790000000000001,-3.99,-14.070000000000002,0
1786849314.8996897,R,-0.726388,0.298168,-0.58194,29.610000000000003,5.95,-23.590000000000003,0
1786849314.9031978,L,-0.761768,0.460184,0.408456,-8.260000000000002,0.9800000000000001,-8.05,0
1786849314.9143326,R,-0.70028,0.300852,-0.59048,17.360000000000003,1.1900000000000002,-17.5,0
1786849314.9174428,L,-0.76006,0.465796,0.415288,-8.75,9.590000000000002,-2.5900000000000003,0
1786849314.9294596,R,-0.715164,0.32452,-0.625616,16.17,2.1700000000000004,-11.13,0
1786849314.9444885,R,-0.7015,0.29158,-0.624884,6.090000000000001,2.5200000000000005,-8.610000000000001,0
1786849314.9474971,L,-0.7634759999999999,0.45872,0.44090799999999997,-10.71,10.430000000000001,-2.3800000000000003,0
1786849314.9484928,L,-0.75884,0.451644,0.455548,-6.790000000000001,4.550000000000001,-2.24,0
1786849314.9595077,R,-0.711992,0.303292,-0.611464,-3.43,2.45,-4.41,0
1786849314.9620185,L,-0.769576,0.45627999999999996,0.458476,-3.99,1.05,-4.2700000000000005,0
1786849314.97454,R,-0.7093079999999999,0.303048,-0.615124,-6.65,0.14,-1.4000000000000001,0
1786849314.977543,L,-0.774456,0.454328,0.471408,-5.8100000000000005,-4.550000000000001,-6.790000000000001,0
1786849315.004593,R,-0.716384,0.29768,-0.620736,-9.24,-0.7000000000000001,0.07,0
1786849315.0065973,R,-0.72224,0.300608,-0.63074,-9.66,-1.12,-0.21000000000000002,0
1786849315.0065973,L,-0.759328,0.437004,0.457988,-7.280000000000001,-6.580000000000001,-7.140000000000001,0
1786849315.0081024,L,-0.762988,0.449692,0.460428,-1.8200000000000003,-6.23,-6.23,0
1786849315.0196598,R,-0.726144,0.286944,-0.638548,-8.4,3.5000000000000004,-1.61,0
1786849315.0221696,L,-0.7503,0.442616,0.48312,-6.23,-2.1700000000000004,-2.3800000000000003,0
1786849315.0346875,R,-0.7381,0.288652,-0.626836,-2.66,3.1500000000000004,-2.87,0
1786849315.0376923,L,-0.77226,0.558516,0.435784,-42.63,5.6000000000000005,4.970000000000001,0
1786849315.0497193,R,-0.74054,0.279136,-0.61854,-0.49000000000000005,0.21000000000000002,-3.2900000000000005,0
1786849315.0522292,L,-0.7315119999999999,0.407968,0.492392,-20.51,14.14,6.790000000000001,0
1786849315.064747,R,-0.742736,0.277428,-0.6192719999999999,-2.8000000000000003,-0.7000000000000001,-4.760000000000001,0
1786849315.0797672,R,-0.7388319999999999,0.280356,-0.6095119999999999,-5.670000000000001,-1.1900000000000002,-6.23,0
1786849315.0947952,R,-0.737856,0.28792,-0.608536,-10.15,1.61,-6.720000000000001,0
1786849315.0977986,L,-0.761768,0.421632,0.515328,-6.370000000000001,9.38,-2.3800000000000003,0
1786849315.098799,L,-0.7400519999999999,0.433832,0.495076,-0.8400000000000001,7.840000000000001,-3.7800000000000002,0
1786849315.0998003,L,-0.7512759999999999,0.463356,0.49702799999999997,1.12,11.340000000000002,-2.1700000000000004,0
1786849315.1093206,R,-0.741516,0.299388,-0.602436,-14.350000000000001,3.7100000000000004,-8.47,0
1786849315.1123648,L,-0.743468,0.449448,0.52338,1.2600000000000002,9.31,-0.14,0
1786849315.124472,R,-0.737124,0.305732,-0.593896,-17.080000000000002,3.7100000000000004,-7.98,0
1786849315.1275194,L,-0.748348,0.458232,0.5133759999999999,3.8500000000000005,7.07,-1.8200000000000003,0
1786849315.1398492,R,-0.7381,0.30963599999999997,-0.5885279999999999,-15.680000000000001,2.1,-5.670000000000001,0
1786849315.1423557,L,-0.738588,0.460428,0.519232,3.9200000000000004,8.75,0.14,0
1786849315.1574504,L,-0.7442,0.461648,0.51362,0.35000000000000003,13.370000000000001,2.1,0
1786849315.1698043,R,-0.7412719999999999,0.31354,-0.586576,-7.630000000000001,-2.31,-3.6400000000000006,0
1786849315.171307,R,-0.741516,0.293776,-0.588772,-7.630000000000001,-3.5000000000000004,-4.41,0
1786849315.1723123,L,-0.74664,0.452864,0.526308,-3.5000000000000004,15.96,3.9200000000000004,0
1786849315.1848288,R,-0.740784,0.299876,-0.588772,-7.7700000000000005,-0.77,-5.8100000000000005,0
1786849315.1993966,R,-0.741516,0.302316,-0.58682,-5.74,-1.7500000000000002,-4.970000000000001,0
1786849315.2024298,L,-0.747616,0.444324,0.528992,-3.7100000000000004,16.03,4.0600000000000005,0
1786849315.2034302,L,-0.748592,0.439932,0.532408,-1.9600000000000002,16.1,4.550000000000001,0
1786849315.2146547,R,-0.745908,0.30597599999999997,-0.5795,-1.54,-5.11,-3.8500000000000005,0
1786849315.2177207,L,-0.750788,0.439932,0.533628,-0.49000000000000005,15.820000000000002,4.48,0
1786849315.231237,R,-0.746152,0.303292,-0.5860879999999999,-2.31,-4.550000000000001,-3.7800000000000002,0
1786849315.2322407,L,-0.746152,0.434564,0.537288,0.7000000000000001,16.380000000000003,4.550000000000001,0
1786849315.2447596,R,-0.743712,0.300608,-0.583648,-5.74,-3.0100000000000002,-4.62,0
1786849315.2477636,L,-0.7524959999999999,0.440176,0.546804,-0.6300000000000001,14.350000000000001,4.0600000000000005,0
1786849315.2597768,R,-0.740296,0.30134,-0.579988,-5.32,-4.970000000000001,-4.0600000000000005,0
1786849315.2622833,L,-0.7564,0.442372,0.546316,-2.66,9.8,2.45,0
1786849315.2748024,R,-0.742248,0.297192,-0.579744,-5.670000000000001,-4.69,-3.8500000000000005,0
1786849315.277807,L,-0.754692,0.445788,0.538508,-5.32,8.05,1.33,0
1786849315.2898207,R,-0.736636,0.29304399999999997,-0.582184,-7.840000000000001,-3.0100000000000002,-4.48,0
1786849315.2923272,L,-0.754204,0.447496,0.5367999999999999,-6.580000000000001,5.11,0.14,0
1786849315.304703,R,-0.735904,0.295972,-0.581696,-9.940000000000001,-1.6800000000000002,-5.390000000000001,0
1786849315.3077073,L,-0.754448,0.45994,0.52826,-5.250000000000001,2.7300000000000004,0.49000000000000005,0
1786849315.320074,R,-0.7388319999999999,0.299144,-0.58072,-11.410000000000002,-1.54,-5.95,0
1786849315.322581,L,-0.755912,0.459696,0.525332,-3.1500000000000004,-0.21000000000000002,2.1,0
1786849315.3344023,R,-0.736148,0.29158,-0.582184,-13.020000000000001,-2.66,-7.700000000000001,0
1786849315.3375053,L,-0.759572,0.46555199999999997,0.519964,-1.7500000000000002,-1.33,3.9200000000000004,0
1786849315.349565,R,-0.730536,0.293776,-0.594384,-10.57,-5.11,-7.140000000000001,0
1786849315.3520722,L,-0.7610359999999999,0.461648,0.5170359999999999,-3.99,-1.12,5.460000000000001,0
1786849315.3651443,R,-0.735416,0.288408,-0.599752,-7.7700000000000005,-5.95,-6.790000000000001,0
1786849315.3671486,L,-0.761524,0.45261999999999997,0.514352,-9.31,-0.56,6.44,0
1786849315.379694,R,-0.734196,0.28792,-0.599264,-7.420000000000001,-4.550000000000001,-6.86,0
1786849315.3827283,L,-0.7598159999999999,0.447496,0.512644,-12.040000000000001,-1.7500000000000002,7.210000000000001,0
1786849315.3943872,R,-0.7363919999999999,0.280356,-0.596092,-8.540000000000001,-3.5000000000000004,-7.700000000000001,0
1786849315.3974562,L,-0.757132,0.442616,0.505324,-12.88,-4.0600000000000005,7.140000000000001,0
1786849315.4125786,L,-0.759572,0.449204,0.49458799999999997,-11.830000000000002,-4.9,6.510000000000001,0
1786849315.4245846,R,-0.742248,0.28255199999999997,-0.59658,-13.3,-2.1,-8.680000000000001,0
1786849315.4265902,R,-0.74542,0.282308,-0.600972,-16.73,-1.12,-9.590000000000002,0
1786849315.4275908,L,-0.76128,0.450424,0.4819,-11.13,-5.32,5.880000000000001,0
1786849315.4397101,R,-0.747616,0.280844,-0.605364,-18.270000000000003,-0.7000000000000001,-10.57,0
1786849315.4427507,L,-0.761524,0.454572,0.47214,-13.160000000000002,-1.8900000000000001,3.3600000000000003,0
1786849315.454717,R,-0.747616,0.286944,-0.610244,-18.060000000000002,0.49000000000000005,-10.290000000000001,0
1786849315.4577577,L,-0.7549359999999999,0.448716,0.47238399999999997,-16.17,0.6300000000000001,2.3800000000000003,0
1786849315.4697688,R,-0.74664,0.292312,-0.614636,-16.03,2.5900000000000003,-9.24,0
1786849315.4728553,L,-0.753228,0.456768,0.469456,-19.32,1.8900000000000001,3.3600000000000003,0
1786849315.4843729,R,-0.751764,0.297192,-0.6143919999999999,-16.240000000000002,5.95,-8.4,0
1786849315.4993975,R,-0.755668,0.301096,-0.61122,-15.400000000000002,4.83,-8.75,0
1786849315.5018983,L,-0.748348,0.442372,0.459208,-16.17,-0.77,4.2,0
1786849315.5029032,L,-0.751764,0.451156,0.449692,-13.790000000000001,-2.66,6.0200000000000005,0
1786849315.5147064,R,-0.75762,0.294752,-0.598532,-11.620000000000001,1.4000000000000001,-10.430000000000001,0
1786849315.51705,L,-0.7561559999999999,0.444324,0.43724799999999997,-11.06,1.1900000000000002,4.760000000000001,0
1786849315.5297313,R,-0.753472,0.297192,-0.5978,-12.88,3.7800000000000002,-11.830000000000002,0
1786849315.5327735,L,-0.7622559999999999,0.431392,0.444812,-13.370000000000001,5.8100000000000005,2.7300000000000004,0
1786849315.5444846,R,-0.75152,0.30475599999999997,-0.5897479999999999,-16.03,6.720000000000001,-13.580000000000002,0
1786849315.5475252,L,-0.75396,0.432612,0.451156,-13.790000000000001,4.760000000000001,-0.07,0
1786849315.5597427,R,-0.747372,0.31768799999999997,-0.582672,-18.69,8.680000000000001,-13.440000000000001,0
1786849315.5628448,L,-0.762744,0.432612,0.455548,-15.610000000000001,2.1,1.8200000000000003,0
1786849315.5743651,R,-0.74664,0.326228,-0.581208,-18.270000000000003,7.910000000000001,-12.110000000000001,0
1786849315.5773695,L,-0.7646959999999999,0.41968,0.455548,-6.86,1.33,-0.42000000000000004,0
1786849315.591894,L,-0.76982,0.41968,0.46067199999999997,-0.28,-2.0300000000000002,-3.7800000000000002,0
1786849315.6044188,R,-0.744932,0.331596,-0.579012,-16.87,8.33,-10.780000000000001,0
1786849315.6064234,R,-0.7442,0.335012,-0.5734,-17.150000000000002,10.010000000000002,-10.080000000000002,0
1786849315.6074238,L,-0.788608,0.42675599999999997,0.472872,4.83,0.07,-5.040000000000001,0
1786849315.6195526,R,-0.744688,0.33989199999999997,-0.5712039999999999,-16.03,7.910000000000001,-8.75,0
1786849315.6227999,L,-0.745908,0.425292,0.473848,1.6800000000000002,1.6800000000000002,-4.2,0
1786849315.6346185,R,-0.747372,0.33916,-0.5663239999999999,-13.860000000000001,5.95,-7.140000000000001,0
1786849315.6376605,L,-0.765184,0.428952,0.47482399999999997,-2.0300000000000002,7.700000000000001,-2.5200000000000005,0
1786849315.6499321,R,-0.7537159999999999,0.336232,-0.568032,-11.9,4.970000000000001,-5.8100000000000005,0
1786849315.651933,L,-0.765184,0.426512,0.488,-4.340000000000001,10.080000000000002,-3.08,0
1786849315.6644776,R,-0.752984,0.329156,-0.564372,-8.260000000000002,2.5200000000000005,-5.180000000000001,0
1786849315.6674812,L,-0.7646959999999999,0.430172,0.492148,-6.16,7.280000000000001,-5.880000000000001,0
1786849315.6819975,L,-0.767624,0.432368,0.488,-3.6400000000000006,2.7300000000000004,-6.510000000000001,0
1786849315.696525,R,-0.750056,0.321836,-0.56608,-4.2700000000000005,1.61,-4.83,0
1786849315.697524,L,-0.762744,0.440664,0.488488,0.56,1.4700000000000002,-6.44,0
1786849315.7096088,R,-0.750544,0.32452,-0.561932,-2.9400000000000004,2.3800000000000003,-4.0600000000000005,0
1786849315.7116094,R,-0.754204,0.328912,-0.560956,-4.970000000000001,3.5000000000000004,-3.0100000000000002,0
1786849315.7243264,R,-0.7537159999999999,0.329888,-0.559004,-5.95,3.9200000000000004,-1.7500000000000002,0
1786849315.7273302,L,-0.747372,0.427732,0.491172,-0.77,8.89,-2.45,0
1786849315.7283306,L,-0.753228,0.421388,0.500444,-2.8000000000000003,10.99,-0.6300000000000001,0
1786849315.7393446,R,-0.75884,0.323788,-0.556808,-6.86,3.9200000000000004,-1.4000000000000001,0
1786849315.7428553,L,-0.750544,0.42822,0.510936,-1.6800000000000002,6.090000000000001,-1.2600000000000002,0
1786849315.754435,R,-0.7561559999999999,0.32256799999999997,-0.560712,-7.420000000000001,2.5200000000000005,-1.61,0
1786849315.7574394,L,-0.751032,0.43798,0.501908,0.7000000000000001,3.7100000000000004,-0.9100000000000001,0
1786849315.7694535,R,-0.755424,0.31964,-0.5614439999999999,-6.0200000000000005,-0.9100000000000001,-1.4000000000000001,0
1786849315.7719562,L,-0.7573759999999999,0.444324,0.495076,0.8400000000000001,4.2,-0.14,0
1786849315.7844787,R,-0.749568,0.316956,-0.565592,-3.1500000000000004,-1.8200000000000003,-1.1900000000000002,0
1786849315.787482,L,-0.7598159999999999,0.43798,0.499712,0.14,5.6000000000000005,1.1900000000000002,0
1786849315.7994962,R,-0.747372,0.31842,-0.572912,-1.1900000000000002,-2.3800000000000003,-1.2600000000000002,0
1786849315.8019989,L,-0.7610359999999999,0.433588,0.504348,0.21000000000000002,3.99,1.8900000000000001,0
1786849315.814685,R,-0.746152,0.320372,-0.5795,-1.1900000000000002,-2.1,-1.4000000000000001,0
1786849315.8178494,L,-0.755912,0.432124,0.50874,1.61,1.6800000000000002,1.6800000000000002,0
1786849315.829372,R,-0.745176,0.323544,-0.580476,-1.8200000000000003,-1.61,-0.9800000000000001,0
1786849315.832879,L,-0.76128,0.433344,0.509716,1.61,2.1700000000000004,1.1900000000000002,0
1786849315.8443968,R,-0.747128,0.325984,-0.584624,-3.08,-1.6800000000000002,-0.6300000000000001,0
1786849315.8474004,L,-0.766648,0.424804,0.512888,-0.8400000000000001,6.0200000000000005,0.77,0
1786849315.8594148,R,-0.740784,0.315248,-0.58682,-3.43,-1.61,-0.42000000000000004,0
1786849315.8619175,L,-0.769576,0.419436,0.5145959999999999,-3.22,7.420000000000001,-1.4700000000000002,0
1786849315.8744404,R,-0.737368,0.311832,-0.588284,-3.43,0.14,-0.56,0
1786849315.8774443,L,-0.766648,0.41968,0.5206959999999999,-3.7800000000000002,7.280000000000001,-4.550000000000001,0
1786849315.88946,R,-0.7381,0.321836,-0.5897479999999999,-3.5000000000000004,-1.1900000000000002,3.22,0
1786849315.8919628,L,-0.763964,0.43066,0.518744,-3.22,3.8500000000000005,-4.550000000000001,0
1786849315.9044852,R,-0.72712,0.31768799999999997,-0.58438,2.24,-2.0300000000000002,6.86,0
1786849315.9074886,L,-0.757132,0.438956,0.516792,-2.8000000000000003,2.31,-3.0100000000000002,0
1786849315.919541,R,-0.752984,0.31768799999999997,-0.590724,4.69,-3.5700000000000003,6.0200000000000005,0
1786849315.922043,L,-0.755912,0.4392,0.5206959999999999,-1.54,-0.7000000000000001,-1.9600000000000002,0
1786849315.9345672,R,-0.736636,0.31354,-0.588284,0.28,-2.87,3.0100000000000002,0
1786849315.9375713,L,-0.756888,0.441396,0.5182559999999999,-0.77,-4.62,0.28,0
1786849315.9495864,R,-0.732244,0.3538,-0.583892,2.87,-8.33,12.46,0
1786849315.952089,L,-0.769088,0.441396,0.504592,-1.2600000000000002,-3.99,2.8000000000000003,0
1786849315.964611,R,-0.731756,0.371368,-0.593896,6.0200000000000005,-5.670000000000001,29.750000000000004,0
1786849315.9676156,L,-0.767624,0.432612,0.502884,-2.31,-0.14,3.3600000000000003,0
1786849315.9796293,R,-0.717604,0.304268,-0.43846799999999997,21.42,-14.63,26.740000000000002,0
1786849315.982133,L,-0.76616,0.42797599999999997,0.506544,-2.5200000000000005,-2.0300000000000002,2.3800000000000003,0
1786849315.9946568,R,-0.7686,0.331596,-0.681248,11.270000000000001,-32.620000000000005,20.580000000000002,0
1786849315.9976614,L,-0.7625,0.42822,0.500932,-0.07,-5.95,2.24,0
1786849316.0098717,R,-0.728828,0.292068,-0.600728,0.21000000000000002,3.7100000000000004,17.85,0
1786849316.0118704,L,-0.763232,0.430904,0.49898,1.61,-7.7700000000000005,1.61,0
1786849316.0244498,R,-0.766404,0.283284,-0.585112,-1.2600000000000002,1.9600000000000002,8.540000000000001,0
1786849316.027454,L,-0.76128,0.435296,0.49654,1.12,-10.22,1.4700000000000002,0
1786849316.039467,R,-0.753472,0.28011199999999997,-0.57218,-1.7500000000000002,3.2900000000000005,-0.9100000000000001,0
1786849316.0419693,L,-0.759328,0.43676,0.490684,-0.56,-9.870000000000001,1.1900000000000002,0
1786849316.0544906,R,-0.76128,0.293288,-0.572668,-0.07,2.1700000000000004,-7.07,0
1786849316.0695078,R,-0.7537159999999999,0.310368,-0.56852,2.3800000000000003,-0.21000000000000002,-9.73,0
1786849316.0720122,L,-0.761524,0.44090799999999997,0.483608,-4.2700000000000005,-5.11,1.7500000000000002,0
1786849316.0845327,R,-0.7524959999999999,0.32208,-0.570716,3.0100000000000002,-2.1700000000000004,-9.73,0
1786849316.0885363,L,-0.7610359999999999,0.434564,0.491904,-3.99,-4.0600000000000005,2.31,0
1786849316.0895362,L,-0.762012,0.433344,0.49288,-0.77,-5.74,1.61,0
1786849316.0995479,R,-0.731024,0.329644,-0.569496,9.170000000000002,-2.45,-4.0600000000000005,0
1786849316.1020517,L,-0.764208,0.43188,0.49263599999999996,2.45,-8.610000000000001,0.9100000000000001,0
1786849316.1144066,R,-0.76128,0.327692,-0.571448,8.610000000000001,-0.35000000000000003,-4.340000000000001,0
1786849316.1294234,R,-0.74542,0.321104,-0.567056,-2.5200000000000005,2.1,-4.48,0
1786849316.1444533,R,-0.748836,0.3172,-0.5699839999999999,-4.83,4.2700000000000005,-3.7800000000000002,0
1786849316.1474571,L,-0.761524,0.432124,0.487024,3.5700000000000003,-8.96,-0.14,0
1786849316.148459,L,-0.759572,0.435784,0.49019599999999997,4.550000000000001,-10.430000000000001,-0.49000000000000005,0
1786849316.1604738,R,-0.750056,0.311344,-0.565348,-5.880000000000001,6.16,-3.8500000000000005,0
1786849316.1629817,L,-0.763232,0.446276,0.48922,3.2900000000000005,-9.38,-0.28,0
1786849316.166491,L,-0.7659159999999999,0.447252,0.48556,0.07,-6.0200000000000005,0.14,0
1786849316.174498,R,-0.755424,0.31842,-0.563152,-5.040000000000001,5.390000000000001,-2.45,0
1786849316.1775017,L,-0.762744,0.44652,0.485072,-0.56,-5.180000000000001,1.54,0
1786849316.1895187,R,-0.752252,0.315248,-0.56608,-0.07,0.77,-2.24,0
1786849316.1920273,L,-0.76128,0.44456799999999996,0.48434,1.54,-7.000000000000001,3.7100000000000004,0
1786849316.2045474,R,-0.750788,0.3172,-0.56364,3.22,-0.42000000000000004,-2.1,0
1786849316.2075503,L,-0.76494,0.441396,0.481656,4.340000000000001,-9.030000000000001,4.130000000000001,0
1786849316.2200382,R,-0.751032,0.324276,-0.566812,5.53,-1.8900000000000001,-1.9600000000000002,0
1786849316.2220392,L,-0.767624,0.435296,0.48068,4.0600000000000005,-10.010000000000002,3.9200000000000004,0
1786849316.2345948,R,-0.748348,0.32208,-0.566568,3.8500000000000005,-1.4000000000000001,-1.9600000000000002,0
1786849316.2375982,L,-0.769576,0.42944,0.472872,1.8200000000000003,-8.610000000000001,3.7800000000000002,0
1786849316.2496116,R,-0.753228,0.3233,-0.565348,1.6800000000000002,-0.07,-0.8400000000000001,0
1786849316.2521152,L,-0.772992,0.42578,0.469944,-0.35000000000000003,-7.490000000000001,3.08,0
1786849316.264637,R,-0.74542,0.331352,-0.560712,-1.9600000000000002,0.49000000000000005,1.9600000000000002,0
1786849316.2796526,R,-0.742736,0.335988,-0.569008,-6.090000000000001,3.7100000000000004,6.86,0
1786849316.2821565,L,-0.774456,0.41968,0.467504,-0.8400000000000001,-4.760000000000001,2.66,0
1786849316.2831616,L,-0.771284,0.41846,0.46238,0.42000000000000004,-4.550000000000001,0.49000000000000005,0
1786849316.2966824,R,-0.743224,0.33183999999999997,-0.5614439999999999,-5.880000000000001,1.6800000000000002,6.16,0
1786849316.2976823,L,-0.76738,0.427,0.458476,0.56,-3.3600000000000003,-0.14,0
1786849316.3102047,R,-0.736148,0.333792,-0.52948,-1.05,-5.670000000000001,7.700000000000001,0
1786849316.3122053,L,-0.766404,0.434076,0.460428,2.8000000000000003,-2.45,1.05,0
1786849316.324778,R,-0.75396,0.338428,-0.55266,1.12,-13.930000000000001,8.540000000000001,0
1786849316.3277826,L,-0.764452,0.433588,0.465308,5.8100000000000005,-4.550000000000001,2.0300000000000002,0
1786849316.3404195,R,-0.734196,0.32939999999999997,-0.581208,2.66,-14.21,10.71,0
1786849316.3419235,L,-0.766892,0.43968799999999997,0.464576,6.930000000000001,-5.74,0.8400000000000001,0
1786849316.3544514,R,-0.735416,0.347944,-0.559248,0.28,-12.040000000000001,16.240000000000002,0
1786849316.3574562,L,-0.762012,0.440664,0.461404,5.8100000000000005,-6.580000000000001,0.77,0
1786849316.3694718,R,-0.75274,0.328668,-0.577548,6.86,-14.700000000000001,16.17,0
1786849316.3719752,L,-0.77104,0.438712,0.453352,3.5700000000000003,-3.7800000000000002,1.6800000000000002,0
1786849316.3844993,R,-0.7564,0.318176,-0.596092,0.56,-4.2700000000000005,10.920000000000002,0
1786849316.3875036,L,-0.770552,0.428708,0.456524,0.42000000000000004,1.8900000000000001,1.4000000000000001,0
1786849316.3995235,R,-0.760548,0.323544,-0.572668,2.1,2.24,8.4,0
1786849316.402026,L,-0.769088,0.4209,0.475068,1.2600000000000002,2.7300000000000004,-1.33,0
1786849316.4146652,R,-0.768844,0.315492,-0.547536,1.7500000000000002,1.7500000000000002,6.370000000000001,0
1786849316.417674,L,-0.762744,0.42553599999999997,0.48068,5.180000000000001,0.21000000000000002,-4.48,0
1786849316.4296896,R,-0.7634759999999999,0.29670399999999997,-0.540216,1.33,-8.33,3.1500000000000004,0
1786849316.4444182,R,-0.756888,0.30256,-0.56608,-1.61,-8.47,-1.9600000000000002,0
1786849316.4474225,L,-0.758352,0.441884,0.47336,10.010000000000002,0.21000000000000002,-3.7800000000000002,0
1786849316.4484224,L,-0.749324,0.459696,0.471652,10.920000000000002,1.4700000000000002,-2.8000000000000003,0
1786849316.4594407,R,-0.7561559999999999,0.31964,-0.559736,-1.4700000000000002,-6.0200000000000005,-4.41,0
1786849316.4619439,L,-0.75152,0.453596,0.4697,10.080000000000002,2.1,-2.24,0
1786849316.474473,R,-0.750056,0.33061999999999997,-0.574864,-2.1,-4.48,-4.0600000000000005,0
1786849316.477477,L,-0.750544,0.456036,0.46921199999999996,8.120000000000001,3.5000000000000004,-1.8900000000000001,0
1786849316.4894924,R,-0.752252,0.342576,-0.569496,-0.6300000000000001,-0.8400000000000001,-2.87,0
1786849316.4919946,L,-0.749324,0.452132,0.47458,6.44,4.69,-1.9600000000000002,0
1786849316.5045178,R,-0.759084,0.336476,-0.559248,3.2900000000000005,-1.05,-1.33,0
1786849316.5075223,L,-0.754448,0.448472,0.478728,6.23,3.9200000000000004,-3.22,0
1786849316.5346658,R,-0.7671359999999999,0.333792,-0.568032,4.2,-1.6800000000000002,-1.4000000000000001,0
1786849316.53667,R,-0.761768,0.32939999999999997,-0.5675439999999999,5.11,0.6300000000000001,-0.42000000000000004,0
1786849316.5376694,L,-0.756888,0.452864,0.486048,6.16,2.66,-4.9,0
1786849316.53867,L,-0.759572,0.454572,0.492148,6.580000000000001,3.22,-5.74,0
1786849316.5500145,R,-0.7634759999999999,0.320372,-0.56974,7.3500000000000005,-0.35000000000000003,-0.9100000000000001,0
1786849316.5520134,L,-0.753228,0.452376,0.49898,8.680000000000001,2.87,-6.370000000000001,0
1786849316.564578,R,-0.765672,0.313052,-0.561688,10.500000000000002,-2.1,-1.7500000000000002,0
1786849316.5675817,L,-0.750056,0.449692,0.502152,8.75,5.11,-7.420000000000001,0
1786849316.5795975,R,-0.769088,0.310124,-0.571692,12.110000000000001,-5.32,-3.43,0
1786849316.5820978,L,-0.739564,0.445544,0.515572,7.700000000000001,6.0200000000000005,-8.82,0
1786849316.594621,R,-0.759084,0.326716,-0.5712039999999999,10.99,-1.8200000000000003,-1.8900000000000001,0
1786849316.597626,L,-0.7351719999999999,0.4453,0.526064,7.910000000000001,2.66,-10.500000000000002,0
1786849316.6101806,R,-0.762744,0.343064,-0.55876,10.430000000000001,-1.2600000000000002,0.7000000000000001,0
1786849316.6126869,L,-0.730536,0.441884,0.520208,9.100000000000001,-2.1700000000000004,-11.06,0
1786849316.6244202,R,-0.7686,0.34648,-0.5551,9.170000000000002,-4.0600000000000005,2.45,0
1786849316.627424,L,-0.731024,0.436516,0.49946799999999997,11.270000000000001,-4.130000000000001,-11.55,0
1786849316.639445,R,-0.772504,0.349164,-0.567788,6.86,-2.8000000000000003,3.08,0
1786849316.6419477,L,-0.727364,0.427,0.489952,14.070000000000002,-3.7100000000000004,-12.740000000000002,0
1786849316.6544697,R,-0.782264,0.362584,-0.571448,6.580000000000001,-0.49000000000000005,4.41,0
1786849316.6574733,L,-0.721752,0.414312,0.486292,17.85,-5.250000000000001,-14.490000000000002,0
1786849316.6694884,R,-0.793976,0.372588,-0.565836,6.86,1.7500000000000002,6.23,0
1786849316.6719885,L,-0.714676,0.402356,0.4819,21.770000000000003,-6.300000000000001,-16.87,0
1786849316.684513,R,-0.800808,0.378444,-0.563152,10.360000000000001,0.9100000000000001,7.910000000000001,0
1786849316.6875184,L,-0.710772,0.392596,0.4758,25.200000000000003,-6.16,-20.3,0
1786849316.699534,R,-0.797392,0.377956,-0.5626639999999999,13.020000000000001,2.7300000000000004,8.33,0
1786849316.7020357,L,-0.704916,0.38186,0.477752,29.540000000000003,-5.32,-22.96,0
1786849316.7144816,R,-0.788852,0.382104,-0.559248,15.890000000000002,5.390000000000001,7.7700000000000005,0
1786849316.7175333,L,-0.7015,0.3843,0.485072,33.95,-6.16,-27.020000000000003,0
1786849316.7320518,L,-0.709796,0.392108,0.491172,39.830000000000005,-9.030000000000001,-30.17,0
1786849316.7445748,R,-0.783972,0.400404,-0.55754,13.72,8.260000000000002,7.910000000000001,0
1786849316.7465785,R,-0.775188,0.421144,-0.553392,11.690000000000001,11.690000000000001,8.610000000000001,0
1786849316.7475789,L,-0.72712,0.417728,0.47482399999999997,43.400000000000006,-9.450000000000001,-30.800000000000004,0
1786849316.7595918,R,-0.775432,0.44042,-0.5367999999999999,13.510000000000002,14.280000000000001,11.760000000000002,0
1786849316.7626977,L,-0.748104,0.42944,0.499712,52.78000000000001,-8.260000000000002,-35.56,0
1786849316.7743826,R,-0.785192,0.45017999999999997,-0.525576,18.76,13.790000000000001,17.71,0
1786849316.7773862,L,-0.76128,0.449692,0.509472,54.60000000000001,-2.45,-38.92,0
1786849316.7894006,R,-0.790316,0.448716,-0.51118,27.720000000000002,10.080000000000002,24.570000000000004,0
1786849316.791905,L,-0.776896,0.468968,0.55388,54.74,2.5200000000000005,-39.2,0
1786849316.8050468,R,-0.783972,0.43554,-0.495564,37.52,4.340000000000001,30.800000000000004,0
1786849316.807051,L,-0.774456,0.47824,0.59658,51.24,4.69,-37.24,0
1786849316.819704,R,-0.77348,0.415532,-0.48434,45.99,0.7000000000000001,34.230000000000004,0
1786849316.8227937,L,-0.780556,0.47458,0.630008,50.82000000000001,5.53,-33.74,0
1786849316.8344152,R,-0.75518,0.400648,-0.476532,49.910000000000004,-1.61,35.49,0
1786849316.8374188,L,-0.7759199999999999,0.47092,0.662704,57.260000000000005,1.4700000000000002,-31.710000000000004,0
1786849316.849432,R,-0.734684,0.395036,-0.469456,48.580000000000005,-1.6800000000000002,34.720000000000006,0
1786849316.851937,L,-0.7795799999999999,0.457256,0.689788,70.35000000000001,-8.96,-32.27,0
1786849316.8644602,R,-0.713212,0.40382,-0.462868,45.57000000000001,-1.2600000000000002,33.25,0
1786849316.8674643,L,-0.773968,0.452132,0.70028,80.01,-21.35,-33.53,0
1786849316.879478,R,-0.70028,0.426268,-0.4453,44.870000000000005,-4.760000000000001,34.790000000000006,0
1786849316.8819823,L,-0.767624,0.454084,0.698816,80.85000000000001,-29.680000000000003,-32.970000000000006,0
1786849316.8945024,R,-0.687592,0.42944,-0.43968799999999997,44.45,-8.680000000000001,40.25000000000001,0
1786849316.8975067,L,-0.760304,0.454816,0.69906,73.43,-31.150000000000002,-31.220000000000002,0
1786849316.910184,R,-0.678808,0.42334,-0.432856,45.010000000000005,-11.760000000000002,45.92,0
1786849316.9126925,L,-0.744932,0.454084,0.704184,63.49000000000001,-33.46,-29.19,0
1786849316.924839,R,-0.681736,0.409188,-0.427,48.86000000000001,-19.880000000000003,51.940000000000005,0
1786849316.927287,L,-0.7315119999999999,0.450424,0.70516,56.00000000000001,-39.620000000000005,-25.480000000000004,0
1786849316.9399538,R,-0.685152,0.380396,-0.424804,53.480000000000004,-31.92,55.720000000000006,0
1786849316.9419563,L,-0.72468,0.44164,0.701012,51.730000000000004,-46.34,-21.560000000000002,0
1786849316.955942,R,-0.68808,0.360632,-0.45627999999999996,50.540000000000006,-35.77,56.14000000000001,0
1786849316.9579415,L,-0.725656,0.41846,0.68808,49.980000000000004,-53.34,-18.48,0
1786849316.9694896,R,-0.692228,0.35014,-0.467748,43.82000000000001,-35.56,53.760000000000005,0
1786849316.9725304,L,-0.734196,0.38356799999999996,0.6822239999999999,48.86000000000001,-61.60000000000001,-17.78,0
1786849316.9847715,R,-0.694912,0.35404399999999997,-0.482144,38.43000000000001,-37.1,53.06,0
1786849316.9872756,L,-0.75152,0.349164,0.665144,49.910000000000004,-70.07000000000001,-22.05,0
1786849316.9998055,R,-0.706624,0.360388,-0.49263599999999996,38.50000000000001,-41.230000000000004,53.480000000000004,0
1786849317.001805,L,-0.755424,0.342576,0.631228,49.980000000000004,-74.48,-25.410000000000004,0
1786849317.0145802,R,-0.7198,0.360144,-0.508984,40.95,-45.71,55.300000000000004,0
1786849317.0177026,L,-0.76128,0.34355199999999997,0.602192,48.440000000000005,-74.76,-24.360000000000003,0
1786849317.0297854,R,-0.726632,0.356972,-0.528992,42.910000000000004,-49.28,55.370000000000005,0
1786849317.032827,L,-0.76616,0.333792,0.577304,48.440000000000005,-73.71000000000001,-23.03,0
1786849317.044392,R,-0.728584,0.361364,-0.554612,42.7,-50.96000000000001,54.18000000000001,0
1786849317.0473962,L,-0.77348,0.33061999999999997,0.569252,49.910000000000004,-71.54,-22.19,0
1786849317.0594099,R,-0.7290719999999999,0.367708,-0.584136,44.59,-52.36000000000001,52.150000000000006,0
1786849317.062444,L,-0.768844,0.308172,0.5856,54.74,-69.02000000000001,-21.21,0
1786849317.0777013,L,-0.766404,0.279868,0.60146,62.510000000000005,-72.52000000000001,-24.85,0
1786849317.0894117,R,-0.724436,0.374296,-0.6107319999999999,47.74,-51.800000000000004,51.17,0
1786849317.091411,R,-0.716872,0.380152,-0.635132,51.870000000000005,-48.580000000000005,50.75000000000001,0
1786849317.092539,L,-0.763232,0.25742,0.61488,73.29,-78.19000000000001,-31.150000000000002,0
1786849317.104368,R,-0.704672,0.387472,-0.65514,55.370000000000005,-44.59,51.940000000000005,0
1786849317.1073716,L,-0.7671359999999999,0.264496,0.609268,81.9,-82.95,-37.38,0
1786849317.1198857,R,-0.692228,0.39772,-0.668316,58.59,-37.31,52.99,0
1786849317.1223924,L,-0.760548,0.27694,0.6039,83.09,-82.95,-40.6,0
1786849317.1345377,R,-0.687348,0.40504,-0.668316,62.790000000000006,-30.17,54.11000000000001,0
1786849317.1378236,L,-0.750544,0.28621199999999997,0.587796,78.26,-76.65,-41.09,0
1786849317.15287,L,-0.739564,0.288896,0.5856,73.57000000000001,-72.66000000000001,-41.02,0
1786849317.1644273,R,-0.682956,0.4087,-0.657336,69.23,-26.6,54.81,0
1786849317.1665442,R,-0.674416,0.410164,-0.654408,77.7,-24.01,56.56,0
1786849317.1675403,L,-0.732976,0.292312,0.591944,70.77000000000001,-68.25,-41.790000000000006,0
1786849317.1796727,R,-0.671,0.410896,-0.649772,84.42,-17.5,56.63,0
1786849317.1816723,L,-0.732244,0.2928,0.639768,77.56,-66.57000000000001,-45.150000000000006,0
1786849317.1946726,R,-0.675148,0.42212,-0.622688,88.69000000000001,-9.8,57.96000000000001,0
1786849317.1976874,L,-0.7424919999999999,0.3111,0.670756,91.7,-75.04,-51.03000000000001,0
1786849317.2102618,R,-0.69662,0.426512,-0.607804,91.98,-6.720000000000001,60.620000000000005,0
1786849317.2127686,L,-0.755912,0.338428,0.678076,104.93,-81.06,-53.34,0
1786849317.2248533,R,-0.695156,0.424072,-0.5958479999999999,98.91000000000001,-8.05,64.4,0
1786849317.2278574,L,-0.7564,0.364292,0.679296,113.33000000000001,-84.77000000000001,-53.970000000000006,0
1786849317.2394423,R,-0.67832,0.398452,-0.590236,101.71000000000001,-7.000000000000001,64.89,0
1786849317.242499,L,-0.742736,0.381372,0.6832,118.51,-85.05000000000001,-55.440000000000005,0
1786849317.2547603,R,-0.6426959999999999,0.3721,-0.581696,101.99000000000001,-1.2600000000000002,63.28000000000001,0
1786849317.2578826,L,-0.709064,0.39283999999999997,0.687592,120.19000000000001,-81.41000000000001,-55.300000000000004,0
1786849317.2695434,R,-0.619516,0.3477,-0.557052,103.25000000000001,4.340000000000001,61.18000000000001,0
1786849317.284697,R,-0.6365959999999999,0.343064,-0.511424,105.84,7.98,61.74000000000001,0
1786849317.2877011,L,-0.68808,0.412848,0.705404,122.71000000000001,-83.65,-53.480000000000004,0
1786849317.2887013,L,-0.70394,0.454572,0.752252,130.41000000000003,-87.36000000000001,-50.330000000000005,0
1786849317.2998884,R,-0.69906,0.349408,-0.477752,108.92000000000002,6.090000000000001,64.12,0
1786849317.3023968,L,-0.7424919999999999,0.48409599999999997,0.802272,142.52,-94.29,-47.81,0
1786849317.3148155,R,-0.7807999999999999,0.376004,-0.459208,106.47000000000001,3.99,63.77,0
1786849317.3169782,L,-0.778604,0.498492,0.82838,151.20000000000002,-102.48,-47.25000000000001,0
1786849317.3295438,R,-0.8418,0.399916,-0.446032,98.00000000000001,1.54,62.370000000000005,0
1786849317.3327384,L,-0.8054439999999999,0.48897599999999997,0.824232,153.93,-107.45000000000002,-46.690000000000005,0
1786849317.3444083,R,-0.842776,0.407724,-0.452132,87.08000000000001,-3.5000000000000004,63.28000000000001,0
1786849317.3474128,L,-0.779336,0.476532,0.7993439999999999,151.76000000000002,-109.97000000000001,-50.68000000000001,0
1786849317.3627374,L,-0.740784,0.46116,0.790316,152.18,-113.68,-53.13,0
1786849317.3744233,R,-0.820328,0.391132,-0.479216,82.32000000000001,-6.44,68.81,0
1786849317.376546,R,-0.820816,0.35770399999999997,-0.482388,88.27000000000001,-10.290000000000001,78.96000000000001,0
1786849317.3775458,L,-0.7076,0.422364,0.8252079999999999,168.14000000000001,-118.44000000000001,-60.34,0
1786849317.3898885,R,-0.846924,0.317932,-0.4819,101.71000000000001,-15.890000000000002,86.17,0
1786849317.3924022,L,-0.682712,0.388936,0.823256,196.63000000000002,-134.54000000000002,-69.65,0
1786849317.4045415,R,-0.87474,0.29524,-0.462624,115.92000000000002,-23.240000000000002,90.37,0
1786849317.407861,L,-0.668804,0.40211199999999997,0.798856,228.76000000000002,-164.92000000000002,-80.92,0
1786849317.4193895,R,-0.903288,0.290116,-0.441884,116.97000000000001,-24.71,90.93,0
1786849317.4224577,L,-0.692716,0.40699199999999996,0.76738,251.79000000000002,-186.69000000000003,-87.78000000000002,0
1786849317.4347935,R,-0.927688,0.301584,-0.42578,101.01,-24.360000000000003,89.74000000000001,0
1786849317.4369276,L,-0.737856,0.393572,0.744444,266.14000000000004,-204.19000000000003,-94.85000000000001,0
1786849317.4495482,R,-0.9472079999999999,0.312076,-0.500932,62.02,-25.200000000000003,87.29,0
1786849317.4526794,L,-0.757864,0.398208,0.709552,271.32000000000005,-219.03000000000003,-105.63000000000001,0
1786849317.4647825,R,-0.929152,0.298412,-0.61366,15.47,-16.73,84.28,0
1786849317.4670265,L,-0.759328,0.411628,0.674416,267.89000000000004,-224.84000000000003,-110.18,0
1786849317.4797568,R,-0.909388,0.274744,-0.673196,-12.32,-3.9200000000000004,82.95,0
1786849317.4828942,L,-0.7424919999999999,0.443836,0.653432,263.69,-230.93000000000004,-114.45000000000002,0
1786849317.49441,R,-0.8854759999999999,0.259616,-0.688568,-2.66,-5.670000000000001,85.33000000000001,0
1786849317.4974134,L,-0.714432,0.486048,0.613904,255.36,-238.07000000000002,-113.89000000000001,0
1786849317.5094924,R,-0.86132,0.245952,-0.6685599999999999,36.400000000000006,-15.96,91.49000000000001,0
1786849317.5125842,L,-0.684176,0.541436,0.599508,244.72000000000003,-237.65000000000003,-107.80000000000001,0
1786849317.524682,R,-0.8374079999999999,0.226432,-0.626592,84.63000000000001,-28.210000000000004,98.28000000000002,0
1786849317.5278242,L,-0.628056,0.592676,0.564372,225.19000000000003,-235.76000000000002,-94.64000000000001,0
1786849317.5393722,R,-0.8164239999999999,0.20813199999999998,-0.58316,122.29,-39.830000000000005,100.87,0
1786849317.5428777,L,-0.580964,0.617564,0.515328,193.69000000000003,-219.52,-70.7,0
1786849317.5544276,R,-0.809836,0.20252,-0.580476,131.74,-51.940000000000005,99.75000000000001,0
1786849317.5575454,L,-0.548512,0.641232,0.49532,153.44000000000003,-199.50000000000003,-48.160000000000004,0
1786849317.5697467,R,-0.787144,0.19763999999999998,-0.6095119999999999,114.52000000000001,-57.470000000000006,97.30000000000001,0
1786849317.572817,L,-0.5002,0.631472,0.5416799999999999,111.02000000000001,-182.91000000000003,-27.300000000000004,0
1786849317.5844986,R,-0.758352,0.17812,-0.648064,81.13000000000001,-53.34,93.59,0
1786849317.5875018,L,-0.49532,0.623176,0.556076,65.80000000000001,-162.26000000000002,-7.140000000000001,0
1786849317.5995176,R,-0.734684,0.16104,-0.670024,49.21000000000001,-47.040000000000006,88.41000000000001,0
1786849317.602543,L,-0.503616,0.573156,0.599996,30.240000000000002,-147.91000000000003,10.080000000000002,0
1786849317.614728,R,-0.718824,0.15128,-0.68564,34.790000000000006,-48.160000000000004,86.24000000000001,0
1786849317.6177313,L,-0.500688,0.5551,0.61488,21.630000000000003,-142.8,19.950000000000003,0
1786849317.6294007,R,-0.7129679999999999,0.14884,-0.711016,33.53,-52.92,84.91000000000001,0
1786849317.632545,L,-0.49288,0.563152,0.632448,36.400000000000006,-147.35000000000002,14.280000000000001,0
1786849317.6446326,R,-0.709796,0.15494,-0.733464,38.220000000000006,-55.160000000000004,84.7,0
1786849317.6476364,L,-0.521184,0.523624,0.611708,44.1,-148.47000000000003,17.290000000000003,0
1786849317.6594803,R,-0.697108,0.14274,-0.79666,42.63,-56.84,84.77000000000001,0
1786849317.674391,R,-0.387228,0.177388,-1.76412,49.42,-168.56,120.12,0
1786849317.6773953,L,-0.51118,0.539728,0.6082919999999999,46.13,-157.50000000000003,18.55,0
1786849317.6783948,L,-0.504104,0.59292,0.56486,42.14,-143.57000000000002,21.700000000000003,0
1786849317.690051,R,-0.6932039999999999,0.187392,-1.44082,233.03000000000003,-59.080000000000005,129.22,0
1786849317.6925573,L,-0.47116399999999997,0.571936,0.5651039999999999,32.410000000000004,-136.43,29.610000000000003,0
1786849317.704491,R,-0.72956,0.02196,-1.138504,238.84000000000003,30.17,92.05000000000001,0
1786849317.7074974,L,-0.449936,0.5638839999999999,0.575596,32.550000000000004,-138.67000000000002,29.19,0
1786849317.7195635,R,-0.7141879999999999,0.1098,-0.885232,169.61,13.72,77.28,0
1786849317.7228925,L,-0.429684,0.5453399999999999,0.560468,24.71,-138.32000000000002,34.790000000000006,0
1786849317.73505,R,-0.747616,0.200568,-0.725412,85.75000000000001,18.200000000000003,57.540000000000006,0
1786849317.737052,L,-0.454572,0.5206959999999999,0.538996,10.57,-133.07000000000002,38.99,0
1786849317.7496164,R,-0.707844,0.247172,-0.610488,-1.6800000000000002,57.470000000000006,46.2,0
1786849317.7526839,L,-0.42431599999999997,0.499712,0.515084,-5.32,-123.83000000000001,35.49,0
1786849317.7644813,R,-0.711504,0.275476,-0.499224,-70.91000000000001,68.04,44.1,0
1786849317.7674854,L,-0.42944,0.502884,0.5170359999999999,-20.23,-115.78000000000002,29.680000000000003,0
1786849317.7797022,R,-0.659044,0.30963599999999997,-0.48312,-83.37,41.510000000000005,60.410000000000004,0
1786849317.7822063,L,-0.409676,0.523868,0.52338,-35.7,-103.67000000000002,24.01,0
1786849317.7947958,R,-0.657824,0.30134,-0.495076,-38.71,11.06,76.02000000000001,0
1786849317.796921,L,-0.395768,0.53558,0.5246,-55.790000000000006,-87.57000000000001,21.630000000000003,0
1786849317.809509,R,-0.666364,0.277916,-0.488488,0.14,-4.970000000000001,80.99000000000001,0
1786849317.812616,L,-0.392596,0.547292,0.53314,-68.32000000000001,-73.92,17.5,0
1786849317.824852,R,-0.6624599999999999,0.277184,-0.442372,23.87,-14.910000000000002,74.48,0
1786849317.8269603,L,-0.380884,0.546072,0.532164,-75.18,-66.01,13.23,0
1786849317.8395514,R,-0.649284,0.294996,-0.415776,26.110000000000003,-23.520000000000003,64.47000000000001,0
1786849317.842057,L,-0.377712,0.533872,0.511668,-74.2,-60.620000000000005,5.6000000000000005,0
1786849317.8547642,R,-0.630984,0.31354,-0.40333199999999997,19.110000000000003,-28.210000000000004,54.81,0
1786849317.8569927,L,-0.371124,0.525576,0.4819,-68.11,-53.760000000000005,-6.510000000000001,0
1786849317.8695457,R,-0.612196,0.337452,-0.40577199999999997,7.700000000000001,-31.080000000000002,49.21000000000001,0
1786849317.8727393,L,-0.365512,0.53314,0.45505999999999996,-63.980000000000004,-43.68000000000001,-17.85,0
1786849317.886982,L,-0.356972,0.546804,0.435784,-61.81000000000001,-31.92,-24.64,0
1786849317.900001,R,-0.59414,0.338916,-0.543144,-2.5900000000000003,-47.46000000000001,49.07000000000001,0
1786849317.9015043,R,-0.51606,0.441884,-0.804712,55.160000000000004,-110.39000000000001,42.00000000000001,0
1786849317.9025085,L,-0.34477199999999997,0.58072,0.420656,-66.99000000000001,-16.380000000000003,-28.490000000000002,0
1786849317.9147778,R,-0.53192,0.406016,-0.88084,107.31000000000002,-80.99000000000001,52.150000000000006,0
1786849317.9179688,L,-0.355752,0.5614439999999999,0.391864,-70.84,-4.550000000000001,-24.500000000000004,0
1786849317.929547,R,-0.49898,0.34355199999999997,-0.9359839999999999,103.81000000000002,-59.36000000000001,60.830000000000005,0
1786849317.9326832,L,-0.358436,0.551928,0.372832,-80.29,14.63,-21.28,0
1786849317.9444563,R,-0.511912,0.327692,-0.877668,80.29,-32.550000000000004,60.2,0
1786849317.94755,L,-0.388936,0.537776,0.353556,-81.2,34.230000000000004,-29.960000000000004,0
1786849317.959688,R,-0.532408,0.261324,-0.874984,57.75000000000001,-15.47,54.74,0
1786849317.9616888,L,-0.42212,0.520208,0.334036,-66.57000000000001,42.49,-42.14,0
1786849317.9745917,R,-0.512888,0.219356,-0.813252,66.92,-2.24,43.190000000000005,0
1786849317.9778018,L,-0.429928,0.530944,0.310368,-41.650000000000006,48.580000000000005,-56.63,0
1786849317.9928558,L,-0.46311199999999997,0.5465599999999999,0.290848,-13.580000000000002,52.50000000000001,-67.9,0
1786849318.0044305,R,-0.521428,0.228384,-0.765672,58.24000000000001,2.0300000000000002,31.640000000000004,0
1786849318.0064347,R,-0.537044,0.269376,-0.709552,44.52,-5.95,25.55,0
1786849318.0074348,L,-0.495076,0.57218,0.28182,16.240000000000002,53.2,-76.44000000000001,0
1786849318.019788,R,-0.545828,0.30378,-0.726388,40.32000000000001,-17.430000000000003,24.080000000000002,0
1786849318.0228865,L,-0.52094,0.598532,0.29524,42.28,55.440000000000005,-84.28,0
1786849318.0345495,R,-0.563152,0.350384,-0.728096,36.540000000000006,-19.180000000000003,24.220000000000002,0
1786849318.037838,L,-0.551928,0.64782,0.32012799999999997,63.56000000000001,59.92000000000001,-84.63000000000001,0
1786849318.0498538,R,-0.581208,0.38064,-0.7141879999999999,33.39,-20.090000000000003,27.930000000000003,0
1786849318.0518548,L,-0.602192,0.68564,0.346968,79.80000000000001,59.92000000000001,-78.54,0
1786849318.0647843,R,-0.58926,0.37868799999999997,-0.706624,30.03,-23.87,32.620000000000005,0
1786849318.067173,L,-0.58316,0.728828,0.384788,92.68,50.260000000000005,-71.82000000000001,0
1786849318.0797482,R,-0.588772,0.36234,-0.705892,27.650000000000002,-25.270000000000003,37.1,0
1786849318.082796,L,-0.624152,0.7549359999999999,0.38552,101.57000000000001,39.480000000000004,-82.46000000000001,0
1786849318.0944147,R,-0.595116,0.35014,-0.702232,27.720000000000002,-25.270000000000003,38.010000000000005,0
1786849318.097418,L,-0.646844,0.743468,0.398452,102.13000000000001,42.07000000000001,-89.32000000000001,0
1786849318.1096268,R,-0.60634,0.335256,-0.700036,28.840000000000003,-28.35,38.36000000000001,0
1786849318.1126816,L,-0.678808,0.734196,0.42919599999999997,97.86000000000001,57.050000000000004,-89.53000000000002,0
1786849318.1248164,R,-0.614636,0.346236,-0.682712,33.67,-33.18,40.46,0
1786849318.126959,L,-0.697108,0.756888,0.458964,87.15,72.45,-91.91000000000001,0
1786849318.1395557,R,-0.621224,0.355752,-0.6673399999999999,36.540000000000006,-37.17,43.050000000000004,0
1786849318.1426537,L,-0.7198,0.783972,0.510448,79.73,80.78,-94.08000000000001,0
1786849318.1548088,R,-0.621956,0.365268,-0.653188,37.03,-41.650000000000006,47.18000000000001,0
1786849318.1578133,L,-0.7056479999999999,0.789828,0.5477799999999999,81.48,82.53,-94.01,0
1786849318.1696546,R,-0.629764,0.345504,-0.652212,33.74,-49.56,49.42,0
1786849318.1726897,L,-0.693448,0.793976,0.554856,75.39,82.81,-92.33000000000001,0
1786849318.1847994,R,-0.6082919999999999,0.328912,-0.663192,29.540000000000003,-59.64000000000001,48.93000000000001,0
1786849318.1878493,L,-0.67466,0.793244,0.570716,66.99000000000001,80.64000000000001,-87.92,0
1786849318.1998198,R,-0.606584,0.329156,-0.674416,19.32,-65.45,45.78,0
1786849318.202851,L,-0.652456,0.784704,0.593652,57.330000000000005,77.14,-82.11000000000001,0
1786849318.2144365,R,-0.601704,0.345504,-0.6907639999999999,5.040000000000001,-67.2,41.790000000000006,0
1786849318.2174406,L,-0.644648,0.7820199999999999,0.606096,39.2,75.46000000000001,-75.60000000000001,0
1786849318.2315857,R,-0.60878,0.375028,-0.6832,-5.040000000000001,-65.03,39.900000000000006,0
1786849318.232657,L,-0.6587999999999999,0.798612,0.6143919999999999,17.150000000000002,78.54,-64.89,0
1786849318.244601,R,-0.625372,0.406016,-0.6466,-10.290000000000001,-69.86000000000001,38.85,0
1786849318.2476084,L,-0.65514,0.807152,0.598288,-2.8000000000000003,87.01,-54.25000000000001,0
1786849318.259847,R,-0.6283,0.418948,-0.604876,-17.150000000000002,-80.99000000000001,37.730000000000004,0
1786849318.2628763,L,-0.681492,0.817156,0.593164,-13.3,86.45,-46.900000000000006,0
1786849318.274396,R,-0.632204,0.428708,-0.616344,-0.77,-98.00000000000001,40.11000000000001,0
1786849318.2773995,L,-0.764452,0.8781559999999999,0.608048,-17.990000000000002,76.65,-34.230000000000004,0
1786849318.2897656,R,-0.660508,0.427732,-0.623908,17.430000000000003,-112.21000000000001,50.190000000000005,0
1786849318.2928,L,-0.829844,0.93818,0.618296,-22.89,64.75,-18.060000000000002,0
1786849318.3043725,R,-0.704184,0.4636,-0.652944,34.790000000000006,-130.34,57.68000000000001,0
1786849318.307482,L,-0.8769359999999999,0.98454,0.628788,-25.900000000000002,66.29,-5.74,0
1786849318.319865,R,-0.70028,0.36966,-0.780556,81.2,-161.00000000000003,71.68,0
1786849318.3218648,L,-0.865712,1.018212,0.667828,-33.46,78.96000000000001,3.08,0
1786849318.3345542,R,-0.655872,0.317932,-0.798368,106.54,-168.14000000000001,63.910000000000004,0
1786849318.3375926,L,-0.788608,0.99552,0.733464,-42.28,99.05000000000001,10.920000000000002,0
1786849318.3497043,R,-0.6832,0.32696,-0.88938,105.21000000000001,-168.63000000000002,49.63,0
1786849318.3527384,L,-0.666608,0.902556,0.782508,-59.99000000000001,109.62,24.990000000000002,0
1786849318.3646069,R,-0.609024,0.335256,-0.955992,81.2,-166.53000000000003,26.390000000000004,0
1786849318.367611,L,-0.566812,0.808128,0.82106,-82.25000000000001,109.20000000000002,49.28,0
1786849318.381782,R,-0.5477799999999999,0.38186,-1.067988,49.56,-145.04000000000002,8.190000000000001,0
1786849318.3828886,L,-0.460428,0.730048,0.865712,-103.32000000000001,101.78000000000002,71.19000000000001,0
1786849318.3976905,L,-0.394548,0.638548,0.8486319999999999,-123.9,81.69000000000001,84.14000000000001,0
1786849318.4127944,L,-0.41870399999999997,0.58682,0.761524,-130.06,58.45,85.19000000000001,0
1786849318.424566,R,-0.489708,0.40699199999999996,-1.14436,8.680000000000001,-99.33000000000001,-3.5000000000000004,0
1786849318.426571,R,-0.4453,0.443104,-1.152412,-43.75000000000001,-40.040000000000006,-17.430000000000003,0
1786849318.4275723,L,-0.45627999999999996,0.538996,0.686616,-126.91000000000001,42.35,77.28,0
1786849318.4400039,R,-0.432612,0.486292,-1.112396,-95.76,11.270000000000001,-31.780000000000005,0
1786849318.4415073,R,-0.44042,0.536312,-1.054812,-135.17000000000002,53.13,-42.7,0
1786849318.4425118,L,-0.49702799999999997,0.545828,0.655384,-112.98,25.830000000000002,66.99000000000001,0
1786849318.4574137,L,-0.552416,0.570472,0.64904,-94.29,5.670000000000001,57.89000000000001,0
1786849318.4695592,R,-0.45994,0.596092,-1.000644,-151.20000000000002,83.37,-43.470000000000006,0
1786849318.4715605,R,-0.530944,0.623176,-0.95526,-153.58,106.05000000000001,-31.360000000000003,0
1786849318.4726417,L,-0.575596,0.62464,0.69662,-72.87,-14.910000000000002,56.77,0
1786849318.4848392,R,-0.544852,0.726876,-0.866688,-124.32000000000001,105.70000000000002,-15.260000000000002,0
1786849318.4869683,L,-0.612196,0.650748,0.7141879999999999,-55.790000000000006,-31.080000000000002,56.35000000000001,0
1786849318.4997842,R,-0.584624,0.714432,-0.870592,-88.2,87.15,-3.3600000000000003,0
1786849318.5028358,L,-0.6402559999999999,0.6771,0.742736,-43.82000000000001,-43.82000000000001,58.800000000000004,0
1786849318.5148528,R,-0.632448,0.664168,-0.805932,-52.85000000000001,82.53,17.5,0
1786849318.5189278,L,-0.615124,0.70638,0.769088,-42.07000000000001,-51.800000000000004,64.33000000000001,0
1786849318.5295002,R,-0.664656,0.605608,-0.81862,-25.69,83.93,38.71,0
1786849318.532008,L,-0.58926,0.723216,0.7893399999999999,-55.580000000000005,-47.18000000000001,69.44000000000001,0
1786849318.5445535,R,-0.678808,0.529968,-0.85034,-7.98,85.19000000000001,50.050000000000004,0
1786849318.5476928,L,-0.572912,0.7190679999999999,0.784704,-79.52000000000001,-34.160000000000004,73.57000000000001,0
1786849318.559709,R,-0.673196,0.482388,-0.878888,-5.040000000000001,102.2,47.39000000000001,0
1786849318.5617094,L,-0.560468,0.6919839999999999,0.83326,-103.95,-14.840000000000002,76.23,0
1786849318.5778677,L,-0.513132,0.67344,0.963556,-129.64000000000001,24.990000000000002,74.2,0
1786849318.589407,R,-0.708332,0.426268,-0.921588,-13.370000000000001,132.51000000000002,36.61000000000001,0
1786849318.5925186,L,-0.494832,0.664412,0.9569679999999999,-135.8,60.2,65.94000000000001,0
1786849318.6046202,R,-0.697108,0.402356,-0.962824,-20.020000000000003,165.9,36.540000000000006,0
1786849318.6067548,R,-0.658556,0.479216,-1.01382,-42.84,196.84000000000003,27.720000000000002,0
1786849318.6077547,L,-0.43724799999999997,0.723216,1.0553,-140.28,36.470000000000006,73.43,0
1786849318.6198757,R,-0.599508,0.542412,-1.065548,-51.03000000000001,207.13000000000002,18.200000000000003,0
1786849318.6218774,L,-0.45261999999999997,0.788364,1.112396,-168.42000000000002,-12.250000000000002,87.85000000000001,0
1786849318.634657,R,-0.59536,0.542656,-1.138992,-46.550000000000004,207.20000000000002,6.790000000000001,0
1786849318.6376846,L,-0.415288,0.889624,1.287588,-223.44000000000003,-49.7,104.02000000000001,0
1786849318.664756,R,-0.57584,0.599508,-1.22244,-44.870000000000005,207.9,-2.0300000000000002,0
1786849318.6659274,R,-0.569252,0.691496,-1.265628,-25.970000000000002,217.98000000000002,-2.0300000000000002,0
1786849318.6669292,L,-0.415776,0.9372039999999999,1.321992,-250.67000000000002,-83.02000000000001,125.51,0
1786849318.6689265,L,-0.39039999999999997,0.915244,1.266116,-236.46000000000004,-124.04,125.02000000000001,0
1786849318.6825428,L,-0.43602799999999997,0.8818159999999999,1.259772,-177.52,-162.4,100.73,0
1786849318.6948514,R,-0.5860879999999999,0.746152,-1.308816,-10.99,231.28000000000003,5.180000000000001,0
1786849318.6969037,R,-0.580476,0.766404,-1.401536,-15.610000000000001,239.54000000000002,10.430000000000001,0
1786849318.6979036,L,-0.47970399999999996,0.862784,1.258064,-109.76,-193.48000000000002,90.02000000000001,0
1786849318.7094884,R,-0.533384,0.7573759999999999,-1.4679039999999999,-27.720000000000002,242.62000000000003,-0.07,0
1786849318.7125566,L,-0.394792,0.891332,1.303692,-77.42,-216.02,104.44000000000001,0
1786849318.7246616,R,-0.507276,0.790072,-1.4701,-39.690000000000005,257.18,-7.700000000000001,0
1786849318.727832,L,-0.330132,0.8818159999999999,1.288808,-88.06,-214.55,115.57000000000001,0
1786849318.7394035,R,-0.473848,0.81862,-1.527196,-32.900000000000006,270.41,6.44,0
1786849318.742504,L,-0.30597599999999997,0.8757159999999999,1.311744,-107.59,-189.91000000000003,119.98000000000002,0
1786849318.754547,R,-0.4758,0.798856,-1.555988,-0.35000000000000003,266.21000000000004,31.710000000000004,0
1786849318.7576883,L,-0.28304,0.927688,1.374452,-113.47000000000001,-195.86,100.31000000000002,0
1786849318.7698836,R,-0.471896,0.67588,-1.590636,25.69,247.38000000000002,46.34,0
1786849318.772918,L,-0.302072,0.972096,1.447408,-82.60000000000001,-239.12000000000003,101.22000000000001,0
1786849318.7845564,R,-0.5133759999999999,0.6832,-1.508164,48.510000000000005,261.24,35.07,0
1786849318.7876956,L,-0.24570799999999998,0.9577,1.344684,-44.45,-274.05,112.00000000000001,0
1786849318.8000503,R,-0.417972,0.604144,-1.463268,59.220000000000006,285.74,10.64,0
1786849318.8025565,L,-0.28255199999999997,0.873032,1.231956,-31.85,-276.01000000000005,123.83000000000001,0
1786849318.8148458,R,-0.402356,0.528992,-1.368352,52.64000000000001,295.19000000000005,-14.070000000000002,0
1786849318.8169172,L,-0.218868,0.830576,1.105564,-37.1,-265.65000000000003,129.29000000000002,0
1786849318.8295474,R,-0.362584,0.486292,-1.213168,37.59,304.36,-31.290000000000003,0
1786849318.8315477,L,-0.131272,0.782264,0.996008,-53.620000000000005,-255.92000000000002,111.09000000000002,0
1786849318.8478234,L,-0.136396,0.72102,0.9359839999999999,-50.120000000000005,-243.95000000000002,102.62,0
1786849318.8595119,R,-0.32574,0.43066,-1.004792,36.96,311.57000000000005,-45.71,0
1786849318.8615112,R,-0.254248,0.410164,-0.888404,49.14000000000001,316.82000000000005,-42.63,0
1786849318.8626618,L,-0.061732,0.643428,0.82472,-40.040000000000006,-231.35000000000002,109.06000000000002,0
1786849318.8760295,R,-0.175192,0.346724,-0.776652,53.900000000000006,316.19000000000005,-42.63,0
1786849318.877028,L,-0.042943999999999996,0.533872,0.748104,-14.770000000000001,-224.56000000000003,109.69000000000001,0
1786849318.8916311,R,-0.13541999999999998,0.276696,-0.663192,44.03,311.57000000000005,-43.330000000000005,0
1786849318.8926685,L,-0.023667999999999998,0.486048,0.633424,16.450000000000003,-226.24,106.89000000000001,0
1786849318.9044352,R,-0.12688,0.154696,-0.521184,30.800000000000004,296.45000000000005,-58.940000000000005,0
1786849318.9195552,R,-0.033916,0.085156,-0.39283999999999997,8.96,282.52000000000004,-82.74000000000001,0
1786849318.934601,R,0.083936,0.034892,-0.2989,-15.47,277.34000000000003,-99.05000000000001,0
1786849318.9376059,L,0.05124,0.448228,0.554856,35.77,-227.85000000000002,99.75000000000001,0
1786849318.9386053,L,0.143716,0.423584,0.52704,41.650000000000006,-212.66000000000003,96.25000000000001,0
1786849318.9396052,L,0.194712,0.371124,0.422608,36.82,-178.50000000000003,91.28000000000002,0
1786849318.9517243,R,0.1769,-0.013663999999999999,-0.258152,-38.150000000000006,271.74,-105.56000000000002,0
1786849318.95276,L,0.22228399999999998,0.22204,0.381372,18.270000000000003,-137.83,80.22000000000001,0
1786849318.982851,L,0.280844,0.133712,0.272548,1.1900000000000002,-69.65,78.47000000000001,0
1786849318.9838512,L,0.277916,0.11712,0.181048,-22.400000000000002,-12.670000000000002,68.46000000000001,0
1786849319.0093954,R,0.228384,0.00122,-0.195688,-37.45,250.95000000000002,-112.42000000000002,0
1786849319.011903,R,0.276696,-0.051727999999999996,-0.03904,-26.46,228.13000000000002,-126.21000000000001,0
1786849319.0129638,L,0.315736,0.126392,0.123464,-33.6,16.73,54.60000000000001,0
1786849319.0149999,L,0.238388,0.20935199999999998,0.049044,-61.81000000000001,35.0,51.870000000000005,0
1786849319.0245116,R,0.29670399999999997,-0.06466,0.110044,-34.720000000000006,207.13000000000002,-141.33,0
1786849319.0395293,R,0.29158,-0.022935999999999998,0.169092,-64.19000000000001,196.14000000000001,-155.96,0
1786849319.041529,R,0.206424,0.07076,0.3782,-126.49000000000001,175.14000000000001,-187.95000000000002,0
1786849319.0425603,L,0.14884,0.336232,0.040504,-111.30000000000001,59.43000000000001,61.39000000000001,0
1786849319.04356,L,-0.00732,0.529968,0.017568,-161.49,97.09,89.25000000000001,0
1786849319.0559387,R,0.21716,0.193004,0.358436,-185.85000000000002,192.85000000000002,-213.01000000000002,0
1786849319.0569408,L,-0.14518,0.674904,0.093208,-176.05,152.81,127.96000000000001,0
1786849319.072558,L,-0.28426,0.725168,0.195688,-124.32000000000001,190.4,176.82000000000002,0
1786849319.0879107,L,-0.426268,0.6527,0.26596,-83.37,184.87,231.28000000000003,0
1786849319.099617,R,0.151036,0.342576,0.36941599999999997,-229.95000000000002,184.94000000000003,-226.94000000000003,0
1786849319.101617,R,0.041968,0.521428,0.401624,-209.09000000000003,140.0,-212.24,0
1786849319.1026614,L,-0.580232,0.5699839999999999,0.45627999999999996,-152.39000000000001,206.57000000000002,298.97,0
1786849319.1170616,L,-0.743712,0.38795999999999997,0.68442,-260.12,256.27000000000004,371.56000000000006,0
1786849319.1316936,R,-0.06539199999999999,0.693692,0.357948,-154.91000000000003,65.66000000000001,-164.71,0
1786849319.132891,L,-0.970876,0.050996,0.8374079999999999,-385.07000000000005,248.85000000000002,415.45000000000005,0
1786849319.1444645,R,-0.150548,0.797148,0.28255199999999997,-86.03,-19.46,-98.42000000000002,0
1786849319.1474795,L,-1.0796999999999999,-0.48531599999999997,0.932812,-471.87000000000006,233.03000000000003,406.84000000000003,0
1786849319.1597521,R,-0.273768,0.862784,0.098576,-14.350000000000001,-113.19000000000001,-17.64,0
1786849319.1617544,R,-0.408944,0.9137799999999999,-0.226676,12.250000000000002,-191.73000000000002,66.57000000000001,0
1786849319.162894,L,-1.065792,-0.885964,0.857416,-513.59,193.34000000000003,337.40000000000003,0
1786849319.1744144,R,-0.621956,1.033096,-0.642452,42.42,-225.75000000000003,154.42000000000002,0
1786849319.177418,L,-0.93818,-0.99308,0.762988,-513.6600000000001,166.32000000000002,239.96000000000004,0
1786849319.1896408,R,-0.7290719999999999,1.051152,-1.130696,101.08000000000001,-215.53000000000003,253.96000000000004,0
1786849319.191641,R,-0.571936,0.903532,-1.696288,191.66000000000003,-191.87,333.48,0
1786849319.1927025,L,-0.796416,-0.945256,0.8005639999999999,-480.06000000000006,173.81000000000003,169.75000000000003,0
1786849319.2047951,R,-0.429928,0.651236,-2.020076,322.56000000000006,-185.08,412.86,0
1786849319.2059712,R,-0.623908,0.108092,-1.8605,516.6,-237.02,533.33,0
1786849319.206971,L,-0.720776,-0.961604,0.936716,-393.47,152.67000000000002,124.18,0
1786849319.221557,R,-0.806176,-0.5367999999999999,-1.7167839999999999,664.72,-335.58000000000004,637.21,0
1786849319.2345595,R,-0.6893,-0.94428,-1.523048,680.1200000000001,-392.70000000000005,557.5500000000001,0
1786849319.237698,L,-0.621712,-1.02114,1.066524,-230.65000000000003,74.9,49.49,0
1786849319.238698,L,-0.50142,-0.955992,1.040416,-51.660000000000004,-24.080000000000002,-57.61000000000001,0
1786849319.251808,R,-0.71126,-1.2178039999999999,-1.521828,484.26000000000005,-358.82000000000005,248.08,0
1786849319.2528968,L,-0.390156,-0.707356,0.899872,54.46000000000001,-76.72000000000001,-140.63000000000002,0
1786849319.2645304,R,-0.72102,-1.134112,-1.1712,258.3,-192.99,-88.41000000000001,0
1786849319.2677028,L,-0.322324,-0.463356,0.691496,63.00000000000001,-70.35000000000001,-183.26000000000002,0
1786849319.2797961,R,-0.61976,-0.677832,-0.952332,119.28000000000002,40.18000000000001,-294.28000000000003,0
1786849319.2828572,L,-0.172752,-0.349164,0.553636,44.31,-51.940000000000005,-186.97000000000003,0
1786849319.29702,L,-0.132736,-0.21984399999999998,0.517524,63.980000000000004,-41.720000000000006,-177.24,0
1786849319.3100677,R,-0.58926,-0.275232,-0.9940559999999999,53.690000000000005,177.10000000000002,-344.12,0
1786849319.3115697,R,-0.532164,0.07442,-1.237568,70.63000000000001,117.67000000000002,-310.66,0
1786849319.312573,L,0.035623999999999996,-0.133956,0.522404,109.27000000000001,-40.6,-154.84,0
1786849319.3247073,R,-0.481168,0.278404,-0.935008,143.43,16.1,-263.48,0
1786849319.3277109,L,0.081252,-0.169824,0.512156,181.86,-40.67,-135.87,0
1786849319.3394701,R,-0.36234,0.315004,-0.813496,156.38000000000002,-39.410000000000004,-248.50000000000003,0
1786849319.342502,L,-0.013663999999999999,-0.231068,0.4575,236.39000000000001,-40.18000000000001,-122.50000000000001,0
1786849319.3547802,R,-0.333548,0.202032,-0.60024,137.41000000000003,-65.17,-244.86,0
1786849319.3579197,L,0.033672,-0.310856,0.335256,257.81,-34.650000000000006,-123.62000000000002,0
1786849319.3695035,R,-0.295972,0.174948,-0.409188,83.37,-68.18,-248.01000000000002,0
1786849319.3720107,L,0.034892,-0.332084,0.316712,270.41,-8.190000000000001,-128.17000000000002,0
1786849319.3847003,R,-0.286456,0.153476,-0.305732,25.76,-59.080000000000005,-259.49,0
1786849319.3994038,R,-0.285968,0.185928,-0.326228,-15.820000000000002,-46.620000000000005,-270.34000000000003,0
1786849319.4029136,L,-0.0053679999999999995,-0.273524,0.33794,281.19000000000005,23.1,-129.29000000000002,0
1786849319.4029136,L,-0.060756,-0.172752,0.470432,303.73,46.480000000000004,-132.79000000000002,0
1786849319.4146512,R,-0.296948,0.250588,-0.491172,-42.00000000000001,-36.120000000000005,-285.25,0
1786849319.4176552,L,-0.088328,-0.075884,0.49898,327.81000000000006,53.410000000000004,-131.60000000000002,0
1786849319.4302495,R,-0.235704,0.309392,-0.735416,-35.910000000000004,-30.380000000000003,-280.07000000000005,0
1786849319.4444213,R,-0.129076,0.3416,-1.0365119999999999,-13.72,-49.56,-241.43000000000004,0
1786849319.4475486,L,-0.043188,-0.09759999999999999,0.50264,319.69000000000005,62.510000000000005,-123.69000000000001,0
1786849319.448551,L,-0.068564,-0.091012,0.551196,268.31,94.08000000000001,-93.52000000000001,0
1786849319.4600675,R,-0.026352,0.365512,-1.085068,-11.48,-69.16000000000001,-202.72000000000003,0
1786849319.4625728,L,-0.116876,-0.112728,0.683932,191.52,158.62,-73.64,0
1786849319.4748082,R,-0.00366,0.359168,-1.051396,-63.14000000000001,-59.71000000000001,-200.20000000000002,0
1786849319.4778435,L,-0.198128,-0.116632,0.88328,124.25000000000001,193.62,-78.54,0
1786849319.4893847,R,-0.019764,0.34648,-1.005524,-104.72000000000001,-49.63,-213.57000000000002,0
1786849319.4928925,L,-0.22082,-0.060024,1.050908,61.60000000000001,203.70000000000002,-88.41000000000001,0
1786849319.504562,R,-0.024888,0.316224,-1.1041,-102.55000000000001,-60.06,-214.20000000000002,0
1786849319.5075963,L,-0.13663999999999998,-0.02196,1.16632,1.9600000000000002,205.73000000000002,-79.73,0
1786849319.5198793,R,0.057096,0.375516,-1.208776,-84.91000000000001,-59.080000000000005,-206.64000000000001,0
1786849319.5229192,L,-0.09028,-0.010248,1.244156,5.040000000000001,189.63000000000002,-64.19000000000001,0
1786849319.5366316,R,0.129808,0.471408,-1.357372,-59.64000000000001,-42.42,-204.19000000000003,0
1786849319.5376332,L,-0.066612,-0.022692,1.218048,9.520000000000001,171.85000000000002,-46.410000000000004,0
1786849319.5496485,R,0.25376,0.6390359999999999,-1.402756,-22.96,-16.87,-192.92000000000002,0
1786849319.5529144,L,-0.162504,0.000488,1.165588,14.700000000000001,170.59,-23.450000000000003,0
1786849319.5647264,R,0.275476,0.634888,-1.29198,25.76,-26.880000000000003,-167.16000000000003,0
1786849319.5670733,L,-0.173972,-0.052948,1.181448,7.98,184.8,-6.0200000000000005,0
1786849319.5816176,R,0.241316,0.57584,-1.148508,80.15,-65.59,-119.56000000000002,0
1786849319.582651,L,-0.158356,-0.099796,1.316136,1.33,191.8,-16.1,0
1786849319.5964677,R,0.23058,0.531188,-1.089704,114.52000000000001,-104.58000000000001,-74.83000000000001,0
1786849319.5974686,L,-0.15372,-0.044652,1.42618,16.73,167.58,-39.760000000000005,0
1786849319.6095634,R,0.201544,0.512888,-1.142896,122.15,-126.91000000000001,-55.510000000000005,0
1786849319.6126072,L,-0.134688,0.05978,1.463268,25.480000000000004,129.08,-51.660000000000004,0
1786849319.6272826,L,-0.16226,0.14152,1.356396,31.500000000000004,102.9,-34.86000000000001,0
1786849319.6417665,R,0.272548,0.5002,-1.239276,92.68,-137.41000000000003,-62.370000000000005,0
1786849319.6427708,L,-0.201788,0.142008,1.2805119999999999,16.03,108.15,-2.1,0
1786849319.6544342,R,0.30719599999999997,0.565836,-1.237812,27.37,-116.97000000000001,-96.74000000000001,0
1786849319.6564384,R,0.2989,0.5970679999999999,-1.176568,1.8200000000000003,-73.71000000000001,-105.28000000000002,0
1786849319.6574388,L,-0.23741199999999998,0.049288,1.245376,-30.380000000000003,129.5,27.230000000000004,0
1786849319.6707637,R,0.289384,0.60024,-1.19194,23.590000000000003,-65.03,-76.37,0
1786849319.6728246,L,-0.26156799999999997,-0.09272,1.24074,-63.35000000000001,140.63000000000002,41.230000000000004,0
1786849319.6844745,R,0.262544,0.5453399999999999,-1.217072,80.64000000000001,-107.38000000000001,-29.680000000000003,0
1786849319.6874778,L,-0.217648,-0.14396,1.28954,-61.25000000000001,132.02,25.62,0
1786849319.6996095,R,0.174704,0.383324,-1.193404,143.15,-151.48000000000002,16.380000000000003,0
1786849319.7026455,L,-0.1403,-0.14396,1.286368,-43.96,105.84,-22.610000000000003,0
1786849319.714703,R,0.134444,0.223748,-1.129964,168.84,-161.77,39.620000000000005,0
1786849319.7179265,L,-0.17446,-0.067344,1.21146,-2.0300000000000002,88.55000000000001,-91.28000000000002,0
1786849319.7326796,L,-0.14835199999999998,0.208376,1.286856,48.440000000000005,62.510000000000005,-100.80000000000001,0
1786849319.7444658,R,0.13541999999999998,0.14884,-1.072868,141.89000000000001,-139.37,14.560000000000002,0
1786849319.746469,R,0.10004,0.141764,-1.089948,71.12,-91.42,-27.650000000000002,0
1786849319.74747,L,-0.132248,0.355508,1.165344,28.490000000000002,44.800000000000004,-75.18,0
1786849319.7595212,R,0.033916,0.209596,-1.206824,-5.8100000000000005,-54.18000000000001,-58.800000000000004,0
1786849319.7626204,L,-0.172508,0.367708,1.108736,-15.96,61.81000000000001,-19.46,0
1786849319.7777946,L,-0.187392,0.176656,1.098976,-64.05000000000001,70.14,31.640000000000004,0
1786849319.7900453,R,0.016347999999999998,0.25986,-1.29564,-51.940000000000005,-33.39,-74.06,0
1786849319.79155,R,0.000488,0.289628,-1.370304,-61.95,-17.360000000000003,-63.00000000000001,0
1786849319.7925537,L,-0.23619199999999999,-0.030012,1.097268,-75.53,64.33000000000001,50.61000000000001,0
1786849319.804609,R,-0.049288,0.2501,-1.2993,-42.35,-15.260000000000002,-43.75000000000001,0
1786849319.8071268,L,-0.29524,-0.159576,1.106296,-48.230000000000004,51.52,32.690000000000005,0
1786849319.8199167,R,-0.090524,0.192516,-1.182668,-14.420000000000002,-23.660000000000004,-34.160000000000004,0
1786849319.8224242,L,-0.326472,-0.188856,1.142164,-17.990000000000002,32.550000000000004,2.9400000000000004,0
1786849319.8344378,R,-0.11223999999999999,0.17177599999999998,-1.082628,2.5900000000000003,-28.210000000000004,-40.25000000000001,0
1786849319.837524,L,-0.345504,-0.153964,1.160952,-17.290000000000003,18.130000000000003,-16.66,0
1786849319.8496768,R,-0.128588,0.170068,-0.988688,0.9100000000000001,-27.930000000000003,-55.93000000000001,0
1786849319.8527045,L,-0.331352,-0.158356,1.16388,-64.4,18.62,-17.64,0
1786849319.8670309,L,-0.323544,-0.18788,1.153388,-114.94000000000001,23.520000000000003,-3.8500000000000005,0
1786849319.8806672,R,-0.180316,0.202764,-0.917928,4.9,-12.950000000000001,-73.15,0
1786849319.8816671,R,-0.128832,0.227408,-0.88694,-8.190000000000001,-12.950000000000001,-79.80000000000001,0
1786849319.8826978,L,-0.345748,-0.271572,1.157292,-126.42000000000002,15.96,1.2600000000000002,0
1786849319.897555,L,-0.37576,-0.326472,1.136552,-92.89000000000001,1.54,-11.340000000000002,0
1786849319.9095654,R,-0.124928,0.253516,-0.921588,-6.930000000000001,-21.630000000000003,-59.71000000000001,0
1786849319.9116426,R,-0.12688,0.263276,-0.895968,12.32,-41.160000000000004,-28.210000000000004,0
1786849319.9126503,L,-0.445056,-0.287188,1.094096,-46.06,-7.700000000000001,-31.220000000000002,0
1786849319.9247541,R,-0.13298,0.190076,-0.8757159999999999,42.14,-59.290000000000006,-1.7500000000000002,0
1786849319.927874,L,-0.488,-0.197152,1.039196,-16.73,1.9600000000000002,-39.06,0
1786849319.9394207,R,-0.165188,0.10760399999999999,-0.84302,65.24000000000001,-74.76,12.32,0
1786849319.9424508,L,-0.524112,-0.09881999999999999,1.020652,-5.8100000000000005,16.94,-37.870000000000005,0
1786849319.9546478,R,-0.193248,0.0793,-0.8066639999999999,84.7,-91.7,13.160000000000002,0
1786849319.9576657,L,-0.544852,-0.04758,1.0291919999999999,-0.56,30.94,-38.080000000000005,0
1786849319.9694383,R,-0.20569199999999999,0.054168,-0.814228,100.03000000000002,-117.88000000000001,12.46,0
1786849319.972471,L,-0.462624,-0.029036,1.029924,36.75,41.720000000000006,-40.18000000000001,0
1786849319.984549,R,-0.22204,0.034892,-0.917928,100.87,-140.84,19.110000000000003,0
1786849319.987566,L,-0.464576,0.03538,1.051884,67.97000000000001,42.35,-42.77,0
1786849319.999744,R,-0.261324,0.050508,-1.089704,86.10000000000001,-142.31,32.830000000000005,0
1786849320.0027757,L,-0.43602799999999997,0.0854,1.132892,84.00000000000001,36.260000000000005,-38.57,0
1786849320.015296,R,-0.278404,0.006588,-1.171688,62.160000000000004,-115.92000000000002,38.36000000000001,0
1786849320.0172997,L,-0.40821199999999996,0.098576,1.226832,61.60000000000001,32.760000000000005,-20.37,0
1786849320.0299547,R,-0.30134,-0.081008,-1.12728,27.930000000000003,-76.30000000000001,26.740000000000002,0
1786849320.0324605,L,-0.3538,0.075884,1.266604,0.21000000000000002,15.330000000000002,-5.040000000000001,0
1786849320.0445654,R,-0.30744,-0.13419999999999999,-1.025776,-10.71,-49.84,7.5600000000000005,0
1786849320.047707,L,-0.327692,0.056119999999999996,1.173152,-53.760000000000005,-4.69,0.56,0
1786849320.059835,R,-0.294508,-0.13541999999999998,-0.9447679999999999,-40.11000000000001,-28.140000000000004,-17.01,0
1786849320.0628836,L,-0.31890799999999997,0.050263999999999996,1.046028,-65.87,-12.88,-8.680000000000001,0
1786849320.0748992,R,-0.307928,-0.07442,-0.842288,-60.690000000000005,-5.6000000000000005,-41.720000000000006,0
1786849320.0770793,L,-0.29036,0.082472,0.94306,-48.02,-21.770000000000003,-27.650000000000002,0
1786849320.0898254,R,-0.336964,0.013908,-0.770308,-70.98,7.3500000000000005,-60.2,0
1786849320.0928583,L,-0.253516,0.168604,0.883768,-9.520000000000001,-31.430000000000003,-38.36000000000001,0
1786849320.1044464,R,-0.354776,0.10736,-0.7807999999999999,-80.85000000000001,6.0200000000000005,-61.67000000000001,0
1786849320.1074514,L,-0.220332,0.21276799999999998,0.825696,22.19,-36.260000000000005,-35.14,0
1786849320.1226006,L,-0.21716,0.219356,0.7783599999999999,30.520000000000003,-25.55,-16.380000000000003,0
1786849320.134397,R,-0.353312,0.18178,-0.814716,-63.910000000000004,-0.21000000000000002,-50.68000000000001,0
1786849320.1364005,R,-0.366732,0.22204,-0.823744,-30.660000000000004,-11.06,-35.28,0
1786849320.1374013,L,-0.252296,0.179096,0.792512,26.180000000000003,-7.910000000000001,5.95,0
1786849320.149417,R,-0.390888,0.236924,-0.842776,-3.99,-28.28,-17.57,0
1786849320.1524673,L,-0.282064,0.10345599999999999,0.8337479999999999,21.770000000000003,3.5700000000000003,24.220000000000002,0
1786849320.1644974,R,-0.414068,0.239364,-0.897188,8.96,-48.09,-1.61,0
1786849320.1675131,L,-0.332328,0.04514,0.894992,21.630000000000003,7.910000000000001,36.89,0
1786849320.1797955,R,-0.446276,0.22569999999999998,-0.98088,15.890000000000002,-56.49,12.81,0
1786849320.1828713,L,-0.384544,-0.01464,0.953796,31.710000000000004,2.5900000000000003,41.02,0
1786849320.1948917,R,-0.45945199999999997,0.188368,-1.068476,15.260000000000002,-55.370000000000005,24.85,0
1786849320.1964478,L,-0.43968799999999997,-0.082716,1.0065,47.25000000000001,-3.7800000000000002,40.32000000000001,0
1786849320.2095766,R,-0.48434,0.135908,-1.102392,14.21,-46.970000000000006,30.730000000000004,0
1786849320.2137346,L,-0.488244,-0.126148,1.0426119999999999,54.88,-8.05,37.17,0
1786849320.2248473,R,-0.501908,0.082228,-1.094096,17.360000000000003,-38.78,30.1,0
1786849320.2272408,L,-0.518988,-0.159088,1.071892,39.06,0.07,40.25000000000001,0
1786849320.2399726,R,-0.486048,0.06222,-1.083604,20.790000000000003,-29.19,25.55,0
1786849320.242479,L,-0.532164,-0.204228,1.097024,12.950000000000001,3.9200000000000004,40.67,0
1786849320.2545729,R,-0.469456,0.057828,-1.049932,21.770000000000003,-17.71,17.080000000000002,0
1786849320.2577817,L,-0.535824,-0.227896,1.061156,-7.490000000000001,-0.21000000000000002,33.95,0
1786849320.2698767,R,-0.42309599999999997,0.106872,-1.022116,22.330000000000002,-8.680000000000001,7.490000000000001,0
1786849320.2844262,R,-0.388936,0.234484,-1.092632,55.93000000000001,-31.92,1.7500000000000002,0
1786849320.2874296,L,-0.5124,-0.292312,0.945744,-17.64,-2.87,21.21,0
1786849320.288431,L,-0.647332,-0.31232,0.627568,-48.370000000000005,25.55,4.48,0
1786849320.2994444,R,-0.353556,0.17568,-0.995032,32.34,10.64,25.900000000000002,0
1786849320.3146548,R,-0.403576,0.110288,-0.9101199999999999,7.210000000000001,26.880000000000003,26.740000000000002,0
1786849320.3178444,L,-0.471652,-0.28548,0.660264,-54.25000000000001,33.11000000000001,2.24,0
1786849320.3188467,L,-0.433832,-0.24204799999999999,0.773236,-28.980000000000004,10.71,-10.57,0
1786849320.330139,R,-0.415776,0.047092,-0.856928,5.11,17.990000000000002,19.810000000000002,0
1786849320.3326461,L,-0.4148,-0.183976,0.7302919999999999,20.650000000000002,-10.500000000000002,-19.39,0
1786849320.3447533,R,-0.42675599999999997,0.038064,-0.84058,11.9,19.880000000000003,9.870000000000001,0
1786849320.3479161,L,-0.409188,-0.152012,0.707112,58.730000000000004,-11.690000000000001,-20.020000000000003,0
1786849320.3595128,R,-0.427,0.067344,-0.82716,17.220000000000002,15.330000000000002,0.49000000000000005,0
1786849320.362016,L,-0.399428,-0.138104,0.722728,72.94000000000001,-10.850000000000001,-19.53,0
1786849320.3745337,R,-0.42797599999999997,0.09467199999999999,-0.785436,14.420000000000002,15.540000000000001,-3.5000000000000004,0
1786849320.378537,L,-0.37576,-0.117364,0.744688,65.87,-10.920000000000002,-12.530000000000001,0
1786849320.3895507,R,-0.426512,0.118828,-0.7503,1.61,21.07,-4.62,0
1786849320.3920543,L,-0.370148,-0.122,0.753472,34.230000000000004,3.7100000000000004,-0.77,0
1786849320.4045756,R,-0.431148,0.131028,-0.721264,-12.46,23.17,-2.87,0
1786849320.407579,L,-0.388204,-0.153476,0.756644,3.22,12.32,5.880000000000001,0
1786849320.4195936,R,-0.442372,0.137128,-0.6810039999999999,-18.060000000000002,22.89,1.54,0
1786849320.4220986,L,-0.42212,-0.1769,0.744688,-11.200000000000001,18.200000000000003,4.41,0
1786849320.434621,R,-0.446764,0.151524,-0.6673399999999999,-13.020000000000001,22.89,7.7700000000000005,0
1786849320.4376285,L,-0.43676,-0.142984,0.7351719999999999,-12.040000000000001,21.42,2.45,0
1786849320.4496427,R,-0.45945199999999997,0.15298799999999999,-0.634644,-4.340000000000001,22.330000000000002,14.910000000000002,0
1786849320.4521492,L,-0.45017999999999997,-0.110776,0.70394,-8.120000000000001,23.03,5.6000000000000005,0
1786849320.4646761,R,-0.468968,0.147376,-0.596824,-9.8,15.120000000000001,18.270000000000003,0
1786849320.46768,L,-0.4819,-0.08418,0.673928,-3.6400000000000006,29.540000000000003,15.47,0
1786849320.479699,R,-0.45139999999999997,0.148108,-0.5673,-14.980000000000002,3.08,18.62,0
1786849320.4822023,L,-0.508008,-0.086864,0.642208,-0.42000000000000004,42.14,21.98,0
1786849320.4967365,R,-0.437492,0.15616,-0.543388,-22.12,-3.7100000000000004,21.840000000000003,0
1786849320.4977362,L,-0.5158159999999999,-0.099064,0.61976,3.43,53.550000000000004,20.580000000000002,0
1786849320.509754,R,-0.44212799999999997,0.165676,-0.570228,-27.930000000000003,-10.57,23.380000000000003,0
1786849320.5122566,L,-0.509716,-0.111508,0.6161,8.190000000000001,61.46000000000001,14.560000000000002,0
1786849320.524779,R,-0.43554,0.1525,-0.617076,-25.55,-19.740000000000002,32.550000000000004,0
1786849320.5277836,L,-0.510936,-0.122976,0.649772,7.210000000000001,68.95,9.66,0
1786849320.5398016,R,-0.439444,0.13054,-0.668072,1.7500000000000002,-32.480000000000004,49.21000000000001,0
1786849320.542305,L,-0.53314,-0.113216,0.687348,-8.4,85.68,6.090000000000001,0
1786849320.5548344,R,-0.436516,0.097356,-0.709064,4.970000000000001,-38.92,58.17000000000001,0
1786849320.5578387,L,-0.574376,-0.078812,0.715652,-22.610000000000003,95.76,-1.12,0
1786849320.569851,R,-0.501664,0.08295999999999999,-0.73688,-2.5200000000000005,-38.57,57.190000000000005,0
1786849320.5723555,L,-0.61854,-0.03294,0.738588,-30.450000000000003,98.35000000000001,-6.86,0
1786849320.5848818,R,-0.49288,0.081252,-0.757864,-26.250000000000004,-34.440000000000005,40.6,0
1786849320.5878851,L,-0.6624599999999999,0.005124,0.7381,-11.340000000000002,88.83000000000001,-9.8,0
1786849320.599902,R,-0.502884,0.103212,-0.767868,-46.690000000000005,-31.640000000000004,32.760000000000005,0
1786849320.6024053,L,-0.712724,0.053436,0.724192,25.270000000000003,81.97000000000001,-12.530000000000001,0
1786849320.6175194,L,-0.7881199999999999,0.08295999999999999,0.82594,65.87,87.78000000000002,-11.200000000000001,0
1786849320.629543,R,-0.576816,0.142008,-0.85156,-53.690000000000005,-47.6,39.480000000000004,0
1786849320.630543,R,-0.634644,0.129076,-1.026996,-34.93000000000001,-76.51,66.85000000000001,0
1786849320.632047,L,-0.825452,0.116876,1.079456,92.61000000000001,98.14000000000001,-1.33,0
1786849320.6445746,R,-0.660508,0.066124,-1.307596,-18.970000000000002,-91.7,98.49000000000001,0
1786849320.647578,L,-0.828624,0.08052,1.342,91.35000000000001,92.75000000000001,9.73,0
1786849320.6621037,L,-0.828624,0.010248,1.4703439999999999,86.17,58.660000000000004,5.8100000000000005,0
1786849320.674627,R,-0.655872,-0.03782,-1.506456,-19.32,-76.86000000000001,103.67000000000002,0
1786849320.676631,R,-0.67222,-0.100772,-1.5689199999999999,-17.85,-50.82000000000001,93.59,0
1786849320.677631,L,-0.842532,0.018788,1.435208,53.06,20.860000000000003,0.14,0
1786849320.6896458,R,-0.6414759999999999,-0.133712,-1.525976,17.92,-32.06,83.23,0
1786849320.6921487,L,-0.776408,0.016592,1.367132,14.700000000000001,-7.910000000000001,-1.12,0
1786849320.7046719,R,-0.626348,-0.152012,-1.401048,68.81,-24.150000000000002,76.23,0
1786849320.707676,L,-0.655628,0.089792,1.341756,-2.45,-56.49,5.74,0
1786849320.7196925,R,-0.58072,-0.154696,-1.277096,108.64000000000001,-25.200000000000003,66.01,0
1786849320.722194,L,-0.617808,0.117364,1.225368,-4.550000000000001,-97.51,19.110000000000003,0
1786849320.734716,R,-0.493368,-0.148596,-1.182912,122.29,-23.240000000000002,49.00000000000001,0
1786849320.7377195,L,-0.61488,0.11931599999999999,1.081164,-16.520000000000003,-97.02000000000001,31.85,0
1786849320.7497346,R,-0.453108,-0.10174799999999999,-1.11752,123.41000000000001,-15.260000000000002,29.400000000000002,0
1786849320.752238,L,-0.606828,0.111264,1.025776,-33.88,-86.31,33.040000000000006,0
1786849320.7647588,R,-0.40577199999999997,-0.036844,-1.06994,114.10000000000001,-2.7300000000000004,13.23,0
1786849320.7677627,L,-0.585356,0.104188,0.961604,-45.290000000000006,-87.99000000000001,26.040000000000003,0
1786849320.7797742,R,-0.36575599999999997,-0.019275999999999998,-1.01748,91.42,12.600000000000001,2.1,0
1786849320.7822776,L,-0.578524,0.12102399999999999,0.9027999999999999,-48.790000000000006,-86.31,18.970000000000002,0
1786849320.7978017,L,-0.550952,0.142008,0.868884,-50.190000000000005,-84.98,12.81,0
1786849320.80995,R,-0.342088,0.008296,-0.984296,57.82000000000001,30.730000000000004,-8.05,0
1786849320.8109484,R,-0.331596,0.019764,-0.94672,30.17,45.78,-12.81,0
1786849320.812452,L,-0.551684,0.16591999999999998,0.8793759999999999,-42.84,-81.27000000000001,9.24,0
1786849320.824578,R,-0.35136,0.041724,-0.9213439999999999,20.580000000000002,48.160000000000004,-8.610000000000001,0
1786849320.8276281,L,-0.531432,0.180072,0.901092,-28.840000000000003,-79.38000000000001,5.74,0
1786849320.8397794,R,-0.35160399999999997,0.037087999999999996,-0.890844,20.51,46.550000000000004,-4.0600000000000005,0
1786849320.8422825,L,-0.517524,0.169336,0.8854759999999999,-17.360000000000003,-79.59,2.45,0
1786849320.854808,R,-0.387716,0.038308,-0.880108,24.01,41.93000000000001,5.670000000000001,0
1786849320.8578112,L,-0.496052,0.17446,0.847656,-8.680000000000001,-76.86000000000001,0.6300000000000001,0
1786849320.8698297,R,-0.397476,0.013908,-0.871812,20.930000000000003,41.370000000000005,15.05,0
1786849320.8848536,R,-0.392596,0.017324,-0.8954799999999999,28.490000000000002,27.090000000000003,18.48,0
1786849320.8878572,L,-0.473848,0.18178,0.816668,-1.05,-68.95,-2.7300000000000004,0
1786849320.8888597,L,-0.49580799999999997,0.220576,0.630008,-5.74,-43.75000000000001,-9.940000000000001,0
1786849320.899872,R,-0.323056,0.013663999999999999,-0.94672,49.07000000000001,10.780000000000001,25.69,0
1786849320.902378,L,-0.554612,0.232532,0.546316,-22.89,22.820000000000004,-3.7800000000000002,0
1786849320.9148993,R,-0.285968,0.047335999999999996,-1.021628,40.53,22.05,37.38,0
1786849320.917903,L,-0.5133759999999999,0.085156,0.695156,-6.930000000000001,25.55,-10.99,0
1786849320.9299169,R,-0.2806,0.017568,-1.012112,24.220000000000002,39.27,40.32000000000001,0
1786849320.9324205,L,-0.509228,0.005856,0.794464,26.810000000000002,-22.05,-25.900000000000002,0
1786849320.944441,R,-0.337696,-0.06417199999999999,-0.957944,22.610000000000003,44.45,39.27,0
1786849320.9474542,L,-0.51972,0.093452,0.794464,44.03,-53.690000000000005,-25.340000000000003,0
1786849320.95979,R,-0.366732,-0.112972,-0.87962,25.55,48.370000000000005,35.84,0
1786849320.9627907,L,-0.485804,0.112972,0.819108,41.02,-59.080000000000005,-13.440000000000001,0
1786849320.9745073,R,-0.374296,-0.151768,-0.804468,24.430000000000003,39.480000000000004,32.06,0
1786849320.9775767,L,-0.48287599999999997,0.106628,0.822036,34.160000000000004,-57.260000000000005,-7.7700000000000005,0
1786849320.9897616,R,-0.364292,-0.193492,-0.776164,17.360000000000003,29.470000000000002,28.000000000000004,0
1786849320.9927616,L,-0.48409599999999997,0.06588,0.833016,26.320000000000004,-44.660000000000004,-10.22,0
1786849321.004906,R,-0.359656,-0.2196,-0.802028,13.650000000000002,20.580000000000002,23.660000000000004,0
1786849321.0069468,L,-0.49654,0.040504,0.84668,23.380000000000003,-35.77,-18.76,0
1786849321.0194929,R,-0.367464,-0.241316,-0.850584,8.96,17.990000000000002,18.340000000000003,0
1786849321.022493,L,-0.51606,0.10467599999999999,0.835944,22.96,-29.330000000000002,-21.07,0
1786849321.0348804,R,-0.37454,-0.256444,-0.886452,2.87,19.880000000000003,12.46,0
1786849321.039159,L,-0.5133759999999999,0.166408,0.82594,21.490000000000002,-23.03,-15.120000000000001,0
1786849321.049681,R,-0.383812,-0.270352,-0.896944,-1.61,24.570000000000004,7.210000000000001,0
1786849321.064445,R,-0.39283999999999997,-0.282796,-0.888892,-2.24,26.320000000000004,1.33,0
1786849321.0674486,L,-0.539728,0.194956,0.823256,16.66,-19.46,-9.870000000000001,0
1786849321.068449,L,-0.57096,0.194956,0.820572,13.72,-19.950000000000003,-8.260000000000002,0
1786849321.0795507,R,-0.39283999999999997,-0.284748,-0.8744959999999999,-0.42000000000000004,25.480000000000004,-6.65,0
1786849321.0825524,L,-0.587796,0.211304,0.8252079999999999,13.370000000000001,-20.090000000000003,-8.89,0
1786849321.0945218,R,-0.398208,-0.286456,-0.85888,1.1900000000000002,22.470000000000002,-14.490000000000002,0
1786849321.0986753,L,-0.596092,0.205204,0.824476,12.250000000000002,-17.220000000000002,-13.3,0
1786849321.1097612,R,-0.399916,-0.282308,-0.8644919999999999,3.6400000000000006,16.240000000000002,-23.310000000000002,0
1786849321.112871,L,-0.5856,0.20496,0.845704,13.370000000000001,-15.680000000000001,-16.73,0
1786849321.1245782,R,-0.397232,-0.258884,-0.8906,7.5600000000000005,12.88,-30.450000000000003,0
1786849321.127718,L,-0.5380199999999999,0.212524,0.864248,7.490000000000001,-10.920000000000002,-14.560000000000002,0
1786849321.1408162,R,-0.384544,-0.245464,-0.9176839999999999,6.86,10.57,-37.870000000000005,0
1786849321.1428158,L,-0.535336,0.214476,0.8632719999999999,1.8200000000000003,-10.780000000000001,-16.17,0
1786849321.1545565,R,-0.383812,-0.227164,-0.904996,5.670000000000001,14.490000000000002,-42.42,0
1786849321.15756,L,-0.482388,0.233752,0.82228,3.99,-16.03,-11.55,0
1786849321.1696694,R,-0.364048,-0.221552,-0.87718,3.43,14.770000000000001,-50.330000000000005,0
1786849321.1726694,L,-0.47726399999999997,0.21106,0.807396,6.300000000000001,-16.94,-10.920000000000002,0
1786849321.1846263,R,-0.361364,-0.194224,-0.848876,2.31,14.350000000000001,-48.160000000000004,0
1786849321.1876302,L,-0.489464,0.156892,0.788608,13.580000000000002,-17.92,-12.88,0
1786849321.1996453,R,-0.34355199999999997,-0.194468,-0.837896,3.7100000000000004,7.7700000000000005,-41.09,0
1786849321.203712,L,-0.508252,0.099552,0.792512,28.210000000000004,-19.250000000000004,-16.520000000000003,0
1786849321.214512,R,-0.34599199999999997,-0.183976,-0.843996,6.0200000000000005,1.8200000000000003,-35.56,0
1786849321.2175157,L,-0.498736,0.099064,0.792756,37.03,-16.8,-14.560000000000002,0
1786849321.229766,R,-0.35160399999999997,-0.19641999999999998,-0.861076,0.35000000000000003,-2.1,-35.7,0
1786849321.2327652,L,-0.447984,0.088572,0.797392,34.580000000000005,-9.8,-2.1,0
1786849321.2445862,R,-0.35404399999999997,-0.188612,-0.895724,-10.010000000000002,0.42000000000000004,-37.59,0
1786849321.2475896,L,-0.394792,0.101992,0.815692,20.3,2.9400000000000004,19.53,0
1786849321.259779,R,-0.339648,-0.187148,-0.91866,-17.78,3.99,-40.32000000000001,0
1786849321.2627785,L,-0.330132,0.105896,0.8793759999999999,8.540000000000001,10.15,44.1,0
1786849321.274856,R,-0.330864,-0.181292,-0.936228,-17.290000000000003,3.3600000000000003,-43.82000000000001,0
1786849321.2778723,L,-0.302072,0.089792,0.9730719999999999,4.2,10.920000000000002,65.03,0
1786849321.2901924,R,-0.326472,-0.140544,-0.9669719999999999,-11.830000000000002,0.42000000000000004,-50.82000000000001,0
1786849321.2926917,L,-0.299144,0.060024,1.0304119999999999,1.7500000000000002,10.500000000000002,74.06,0
1786849321.3049035,R,-0.33305999999999997,-0.066124,-0.994788,-7.910000000000001,1.54,-59.010000000000005,0
1786849321.307918,L,-0.313296,0.025376,1.040416,-7.7700000000000005,6.44,77.49000000000001,0
1786849321.319558,R,-0.310612,0.017811999999999998,-1.033828,-9.940000000000001,4.340000000000001,-65.52000000000001,0
1786849321.3346558,R,-0.270108,0.18544,-1.067744,-8.540000000000001,14.280000000000001,-61.25000000000001,0
1786849321.3376887,L,-0.392352,-0.05734,0.98088,-17.430000000000003,2.3800000000000003,78.47000000000001,0
1786849321.3386886,L,-0.360632,-0.137128,0.945012,-28.840000000000003,-7.07,73.5,0
1786849321.3498454,R,-0.292068,0.21862399999999999,-1.032608,-4.550000000000001,24.85,-45.010000000000005,0
1786849321.3528447,L,-0.333548,-0.077348,0.992592,-44.31,-11.48,71.54,0
1786849321.3645122,R,-0.301828,0.177876,-0.964044,7.3500000000000005,23.17,-33.46,0
1786849321.36752,L,-0.382592,0.016104,1.030168,-56.7,-12.250000000000002,84.35000000000001,0
1786849321.3795547,R,-0.33427999999999997,0.155428,-0.895236,19.740000000000002,12.600000000000001,-25.060000000000002,0
1786849321.381552,L,-0.420168,0.051484,1.049688,-64.75,-6.090000000000001,99.12,0
1786849321.3946338,R,-0.358436,0.140544,-0.868152,26.320000000000004,6.44,-21.560000000000002,0
1786849321.3976374,L,-0.449692,-0.008052,1.0340719999999999,-66.71000000000001,-4.760000000000001,109.41000000000001,0
1786849321.4098272,R,-0.37088,0.14249599999999998,-0.861808,24.92,2.45,-17.430000000000003,0
1786849321.41287,L,-0.469456,-0.08418,0.970144,-62.720000000000006,-7.490000000000001,109.97000000000001,0
1786849321.426998,L,0.27572,-0.2806,0.667828,-64.61,-5.040000000000001,75.04,0
1786849321.4395146,R,-0.389424,0.122488,-0.843752,22.610000000000003,1.8900000000000001,-16.450000000000003,0
1786849321.4415166,R,-0.380396,0.11223999999999999,-0.834724,14.14,2.5900000000000003,-18.62,0
1786849321.4430203,L,0.5404599999999999,-0.203252,0.612196,-67.34,-4.83,19.880000000000003,0
1786849321.4546125,R,-0.37868799999999997,0.083692,-0.802516,14.070000000000002,-3.3600000000000003,-18.060000000000002,0
1786849321.4576159,L,-0.009271999999999999,0.221796,1.112884,-2.0300000000000002,16.520000000000003,68.95,0
1786849321.4716692,R,-0.379176,0.08662,-0.793976,18.060000000000002,-9.100000000000001,-18.340000000000003,0
1786849321.472669,L,-0.31842,0.288164,1.575996,73.92,31.150000000000002,135.24,0
1786849321.4849114,R,-0.328912,0.14127599999999998,-0.894748,10.430000000000001,-15.120000000000001,-19.740000000000002,0
1786849321.486948,L,-0.636352,-0.09174399999999999,1.7180039999999999,162.4,34.720000000000006,165.83,0
1786849321.499466,R,-0.278648,0.29646,-1.021384,8.610000000000001,-12.32,-17.150000000000002,0
1786849321.5014663,L,-0.77104,-0.334036,1.26636,213.71,48.160000000000004,129.22,0
1786849321.5145316,R,-0.335012,0.165676,-1.109712,125.58000000000001,-69.93,13.930000000000001,0
1786849321.5175352,L,-0.910852,-0.159576,0.9940559999999999,174.3,63.21000000000001,80.01,0
1786849321.529591,R,-0.306464,0.014884,-1.186328,181.44000000000003,-66.71000000000001,28.630000000000003,0
1786849321.5447657,R,-0.350872,-0.0366,-1.1346,170.38000000000002,-39.2,29.750000000000004,0
1786849321.5477695,L,-0.7105279999999999,0.011467999999999999,0.713944,94.99000000000001,51.59,42.00000000000001,0
1786849321.559865,R,-0.41724,-0.016347999999999998,-1.083848,110.95000000000002,-12.180000000000001,14.350000000000001,0
1786849321.562866,L,-0.482388,0.092964,0.738344,24.150000000000002,5.390000000000001,29.960000000000004,0
1786849321.563884,L,-0.39967199999999997,0.042456,0.815692,-38.50000000000001,-14.840000000000002,38.150000000000006,0
1786849321.5744832,R,-0.439932,-0.0075639999999999995,-1.000888,47.39000000000001,26.250000000000004,2.9400000000000004,0
1786849321.5784876,L,-0.38112799999999997,-0.09638,0.793244,-82.18,-29.680000000000003,38.36000000000001,0
1786849321.5895326,R,-0.489464,0.0060999999999999995,-0.887428,3.9200000000000004,51.03000000000001,-2.0300000000000002,0
1786849321.5915327,L,-0.432124,-0.069052,0.752008,-108.71000000000001,-48.720000000000006,21.07,0
1786849321.604647,R,-0.527284,0.032695999999999996,-0.8066639999999999,-22.400000000000002,55.02,-5.880000000000001,0
1786849321.6076503,L,-0.387228,0.00488,0.70638,-110.67000000000002,-53.690000000000005,-11.48,0
1786849321.6198928,R,-0.536556,0.030744,-0.770064,-13.160000000000002,34.02,-1.54,0
1786849321.6228936,L,-0.387472,0.05002,0.612196,-114.24000000000001,-28.42,-14.000000000000002,0
1786849321.6345222,R,-0.522404,0.004392,-0.734684,13.160000000000002,13.650000000000002,5.8100000000000005,0
1786849321.6375268,L,-0.393816,0.045871999999999996,0.609024,-131.04000000000002,1.2600000000000002,14.980000000000002,0
1786849321.6495833,R,-0.50752,-0.000976,-0.736636,26.040000000000003,5.8100000000000005,7.140000000000001,0
1786849321.6515822,L,-0.360876,-0.069296,0.670268,-133.63000000000002,0.35000000000000003,31.01,0
1786849321.6646683,R,-0.488244,-0.001952,-0.746396,18.62,1.7500000000000002,5.6000000000000005,0
1786849321.6676764,L,-0.366,-0.135908,0.698816,-114.80000000000001,-23.450000000000003,7.840000000000001,0
1786849321.679717,R,-0.45627999999999996,-0.00244,-0.772748,3.3600000000000003,2.9400000000000004,4.48,0
1786849321.6827166,L,-0.385276,-0.105164,0.6834439999999999,-92.89000000000001,-47.46000000000001,-29.330000000000002,0
1786849321.6948657,R,-0.425048,0.012931999999999999,-0.8066639999999999,-13.370000000000001,8.33,7.490000000000001,0
1786849321.6969688,L,-0.3538,-0.0549,0.648064,-85.12,-44.52,-58.52,0
1786849321.709527,R,-0.390888,0.024888,-0.83936,-25.060000000000002,13.090000000000002,11.48,0
1786849321.713029,L,-0.285968,-0.018543999999999998,0.636108,-92.26,-15.400000000000002,-60.27,0
1786849321.7246225,R,-0.37088,0.011224,-0.854976,-26.180000000000003,17.5,14.63,0
1786849321.72763,L,-0.25376,-0.028304,0.7315119999999999,-98.07000000000001,23.240000000000002,-39.900000000000006,0
1786849321.7397015,R,-0.355508,0.002928,-0.8374079999999999,-23.730000000000004,17.990000000000002,15.890000000000002,0
1786849321.741701,L,-0.282796,-0.11468,0.91622,-73.78,42.56,-22.680000000000003,0
1786849321.7545803,R,-0.3416,-0.004148,-0.833016,-21.630000000000003,14.840000000000002,22.26,0
1786849321.7577257,L,-0.26718,-0.251808,1.04188,-25.76,36.68000000000001,-19.53,0
1786849321.769776,R,-0.332572,-0.020739999999999998,-0.852048,-16.240000000000002,11.9,30.590000000000003,0
1786849321.7727754,L,-0.160308,-0.387472,1.073356,37.45,15.400000000000002,-44.870000000000005,0
1786849321.7850833,R,-0.32256799999999997,-0.053436,-0.865956,-17.78,12.81,38.220000000000006,0
1786849321.787088,L,-0.133224,-0.338184,1.0845799999999999,61.25000000000001,1.12,-64.82000000000001,0
1786849321.7996912,R,-0.30988,-0.068564,-0.905972,-33.6,15.190000000000001,45.36000000000001,0
1786849321.8016906,L,-0.118828,-0.341356,1.112152,41.02,16.94,-56.35000000000001,0
1786849321.8147488,R,-0.2928,-0.121268,-0.982588,-60.480000000000004,34.160000000000004,49.49,0
1786849321.8170412,L,-0.127612,-0.456036,1.192184,19.810000000000002,29.890000000000004,-47.18000000000001,0
1786849321.8296318,R,-0.262544,-0.118584,-1.01016,-91.00000000000001,61.11000000000001,42.77,0
1786849321.831627,L,-0.12566,-0.510204,1.256356,13.860000000000001,28.070000000000004,-53.27,0
1786849321.844768,R,-0.284504,-0.17324,-1.011136,-104.51,67.62,33.88,0
1786849321.847773,L,-0.11956,-0.49141599999999996,1.2902719999999999,19.39,15.680000000000001,-65.17,0
1786849321.85978,R,-0.26961999999999997,-0.175192,-1.00894,-90.51,53.410000000000004,34.93000000000001,0
1786849321.8627787,L,-0.117608,-0.432612,1.403732,41.300000000000004,-10.64,-73.64,0
1786849321.8747451,R,-0.247416,-0.166652,-1.0340719999999999,-45.78,45.50000000000001,45.50000000000001,0
1786849321.8777485,L,-0.100772,-0.3721,1.455216,64.82000000000001,-62.580000000000005,-74.34,0
1786849321.8900175,R,-0.22447999999999999,-0.130052,-1.0304119999999999,-12.040000000000001,32.970000000000006,58.52,0
1786849321.892017,L,-0.12444,-0.323788,1.342,72.87,-85.05000000000001,-72.10000000000001,0
1786849321.9046364,R,-0.18666,-0.119804,-1.023092,-5.670000000000001,27.37,53.970000000000006,0
1786849321.9076421,L,-0.150792,-0.327692,1.2348839999999999,72.87,-82.11000000000001,-79.80000000000001,0
1786849321.9196875,R,-0.127368,-0.0549,-1.086776,-12.88,38.71,48.86000000000001,0
1786849321.9216871,L,-0.178608,-0.26108,1.169248,59.220000000000006,-84.91000000000001,-100.87,0
1786849321.9367797,R,-0.08174,0.013176,-1.113616,-18.69,59.36000000000001,43.540000000000006,0
1786849321.9377816,L,-0.18178,-0.132736,1.081164,52.78000000000001,-78.47000000000001,-124.60000000000001,0
1786849321.949973,R,-0.073444,0.062708,-1.094828,-22.19,72.31,39.900000000000006,0
1786849321.9519713,L,-0.18544,0.006588,1.002108,60.900000000000006,-76.37,-132.02,0
1786849321.9649088,R,-0.063928,0.11712,-1.081652,-17.990000000000002,72.66000000000001,45.64000000000001,0
1786849321.9679353,L,-0.190076,0.131516,0.9891759999999999,61.95,-79.24000000000001,-121.87,0
1786849321.9795349,R,-0.069296,0.14518,-1.048712,-6.720000000000001,68.74000000000001,56.49,0
1786849321.981536,L,-0.17885199999999998,0.2196,0.976488,61.81000000000001,-87.08000000000001,-97.44000000000001,0
1786849321.9946148,R,-0.072956,0.138348,-1.0126,4.970000000000001,61.32000000000001,68.67,0
1786849321.9976223,L,-0.189832,0.237168,1.010648,54.81,-91.21000000000001,-68.88000000000001,0
1786849322.0096684,R,-0.074908,0.12322,-0.9840519999999999,13.580000000000002,53.620000000000005,77.84,0
1786849322.012669,L,-0.19154,0.21154799999999999,1.0248,64.96000000000001,-109.62,-57.75000000000001,0
1786849322.0245535,R,-0.07442,0.111264,-0.9755119999999999,13.580000000000002,52.92,81.9,0
1786849322.0275574,L,-0.190808,0.20935199999999998,0.9569679999999999,75.88000000000001,-125.58000000000001,-54.60000000000001,0
1786849322.0396006,R,-0.087596,0.120292,-0.9569679999999999,7.280000000000001,59.50000000000001,83.30000000000001,0
1786849322.054708,R,-0.116632,0.114436,-0.9516,-4.83,60.830000000000005,83.23,0
1786849322.0577116,L,-0.19056399999999998,0.199592,0.930372,65.80000000000001,-122.29,-52.290000000000006,0
1786849322.0597134,L,-0.333304,0.350872,0.675392,55.86000000000001,-64.47000000000001,-28.980000000000004,0
1786849322.0697546,R,-0.095404,0.220576,-0.9557479999999999,-21.770000000000003,45.290000000000006,68.81,0
1786849322.0727544,L,-0.07198,0.295728,0.542412,1.54,61.46000000000001,-3.0100000000000002,0
1786849322.0846198,R,-0.07442,0.121268,-0.916952,-19.180000000000003,74.83000000000001,84.91000000000001,0
1786849322.087624,L,-0.21716,0.0068319999999999995,0.8052,12.39,6.930000000000001,-9.24,0
1786849322.0996647,R,-0.13908,0.104432,-0.827404,-3.5000000000000004,41.86000000000001,86.03,0
1786849322.1016657,L,-0.226676,0.0075639999999999995,0.9816119999999999,35.35,-30.03,-20.720000000000002,0
1786849322.1147254,R,-0.146888,0.070516,-0.824232,3.22,20.3,89.81,0
1786849322.1177285,L,-0.224236,0.054655999999999996,0.977464,42.49,-37.31,-27.720000000000002,0
1786849322.1298337,R,-0.16713999999999998,0.033672,-0.842776,3.6400000000000006,10.57,85.82000000000001,0
1786849322.1328347,L,-0.20569199999999999,0.034159999999999996,0.955504,40.46,-30.730000000000004,-29.19,0
1786849322.144464,R,-0.197884,0.000244,-0.852048,7.07,2.66,77.07000000000001,0
1786849322.1474676,L,-0.214476,0.01098,0.904264,32.970000000000006,-21.98,-34.300000000000004,0
1786849322.159515,R,-0.210328,-0.008296,-0.854488,19.110000000000003,-2.9400000000000004,75.25000000000001,0
1786849322.161514,L,-0.18812399999999999,-0.003904,0.87352,11.55,-18.060000000000002,-35.0,0
1786849322.1746125,R,-0.220088,0.00488,-0.867908,19.810000000000002,-8.120000000000001,74.97000000000001,0
1786849322.1776161,L,-0.15494,-0.013176,0.846924,-6.790000000000001,-9.450000000000001,-31.290000000000003,0
1786849322.1896682,R,-0.195444,-0.003904,-0.85766,12.740000000000002,-6.23,76.72000000000001,0
1786849322.1916678,L,-0.12444,-0.026108,0.818132,-19.040000000000003,-1.05,-26.6,0
1786849322.2047527,R,-0.20569199999999999,-0.027084,-0.8235,5.390000000000001,-7.700000000000001,71.26,0
1786849322.2077565,L,-0.122732,-0.056608,0.834236,-32.06,9.24,-24.64,0
1786849322.2197697,R,-0.205936,-0.047092,-0.779092,-2.5200000000000005,-11.830000000000002,60.13,0
1786849322.22277,L,-0.110776,-0.0366,0.829844,-28.700000000000003,12.180000000000001,-29.750000000000004,0
1786849322.2349281,R,-0.21838,-0.037332,-0.752008,-4.970000000000001,-19.950000000000003,46.620000000000005,0
1786849322.2369633,L,-0.09467199999999999,0.019032,0.814716,-21.98,10.71,-36.75,0
1786849322.2494771,R,-0.214476,-0.018788,-0.702964,-8.190000000000001,-31.570000000000004,31.570000000000004,0
1786849322.2514772,L,-0.098332,0.007076,0.746152,-5.460000000000001,8.260000000000002,-48.720000000000006,0
1786849322.264594,R,-0.20349599999999998,-0.00244,-0.637084,-17.290000000000003,-40.67,17.57,0
1786849322.2675982,L,-0.12956399999999998,-0.028304,0.7315119999999999,10.360000000000001,7.280000000000001,-60.06,0
1786849322.2797494,R,-0.196664,0.040015999999999996,-0.58682,-32.06,-49.14000000000001,6.44,0
1786849322.2827492,L,-0.15006,-0.049776,0.695644,19.39,8.33,-69.86000000000001,0
1786849322.2949414,R,-0.207888,0.086864,-0.569252,-50.75000000000001,-58.38,-3.08,0
1786849322.2979455,L,-0.142008,-0.059536,0.6426959999999999,7.140000000000001,25.830000000000002,-77.49000000000001,0
1786849322.309591,R,-0.24912399999999998,0.11102,-0.543632,-54.60000000000001,-66.43,-4.69,0
1786849322.3125906,L,-0.244244,-0.054655999999999996,0.613416,-9.8,45.71,-86.66000000000001,0
1786849322.3247273,R,-0.327936,0.155184,-0.586576,-39.13,-80.71000000000001,9.38,0
1786849322.3277311,L,-0.226676,-0.0026839999999999998,0.690276,3.6400000000000006,55.510000000000005,-93.52000000000001,0
1786849322.3396084,R,-0.386008,0.147864,-0.633912,-11.270000000000001,-106.19000000000001,30.380000000000003,0
1786849322.3416066,L,-0.24278,0.074664,0.809592,46.410000000000004,71.47000000000001,-79.80000000000001,0
1786849322.3546813,R,-0.421876,0.08906,-0.674904,-3.5000000000000004,-134.05,37.38,0
1786849322.3576853,L,-0.285968,0.1464,0.879864,83.79,65.10000000000001,-72.87,0
1786849322.3697026,R,-0.423828,0.033916,-0.76006,-15.750000000000002,-143.64000000000001,28.560000000000002,0
1786849322.3727012,L,-0.324764,0.09759999999999999,0.953064,73.71000000000001,65.31,-64.4,0
1786849322.3847773,R,-0.354532,0.02562,-0.881328,-34.580000000000005,-149.10000000000002,12.040000000000001,0
1786849322.3877938,L,-0.390888,-0.132004,0.989908,39.620000000000005,93.17000000000002,-83.23,0
1786849322.3999126,R,-0.33916,0.04636,-0.986248,-34.300000000000004,-159.32000000000002,7.490000000000001,0
1786849322.4029121,L,-0.452864,-0.20569199999999999,1.028704,37.870000000000005,93.52000000000001,-120.26,0
1786849322.414757,R,-0.399428,0.098332,-1.067256,-35.42,-144.97000000000003,1.7500000000000002,0
1786849322.4177797,L,-0.405284,-0.029523999999999998,0.9882,38.99,72.52000000000001,-124.81000000000002,0
1786849322.430023,R,-0.49776,0.115412,-1.135576,-39.06,-125.16000000000001,-1.9600000000000002,0
1786849322.4330232,L,-0.42578,0.124684,1.048468,51.52,54.39000000000001,-111.79,0
1786849322.4446213,R,-0.559736,0.142008,-1.185352,-48.230000000000004,-91.42,0.6300000000000001,0
1786849322.4476252,L,-0.490928,0.282796,1.1253279999999999,54.81,56.910000000000004,-86.52000000000001,0
1786849322.459675,R,-0.590236,0.108092,-1.157292,-56.21000000000001,-64.19000000000001,-5.040000000000001,0
1786849322.462674,L,-0.601216,0.306952,1.063108,40.53,56.980000000000004,-46.830000000000005,0
1786849322.4747922,R,-0.554856,0.005856,-1.097512,-60.970000000000006,-65.66000000000001,-12.32,0
1786849322.477031,L,-0.335012,0.29158,1.1709559999999999,91.35000000000001,31.570000000000004,-35.77,0
1786849322.489619,R,-0.549,-0.081496,-1.03456,-38.64,-79.87,-15.120000000000001,0
1786849322.492619,L,-0.277672,0.302316,1.159244,85.54,45.64000000000001,-66.5,0
1786849322.5047219,R,-0.514108,-0.125416,-1.03822,-22.330000000000002,-89.11000000000001,-26.53,0
1786849322.50774,L,-0.253516,0.207888,1.0918999999999999,64.96000000000001,63.84,-85.61000000000001,0
1786849322.5199437,R,-0.468968,-0.091988,-1.079944,-33.67,-80.01,-54.32000000000001,0
1786849322.5229433,L,-0.291824,0.1769,1.082872,64.19000000000001,46.27,-88.9,0
1786849322.5350919,R,-0.427,0.008539999999999999,-1.169492,-55.09,-61.18000000000001,-82.95,0
1786849322.5370927,L,-0.371612,0.26474,1.0309,50.82000000000001,39.410000000000004,-99.54,0
1786849322.5496726,R,-0.406748,0.158112,-1.240008,-61.67000000000001,-33.46,-87.36000000000001,0
1786849322.552671,L,-0.355752,0.31964,1.109468,37.870000000000005,27.720000000000002,-93.10000000000001,0
1786849322.5648558,R,-0.398696,0.23668,-1.2373239999999999,-52.78000000000001,-13.23,-84.28,0
1786849322.567862,L,-0.327936,0.404308,1.1253279999999999,27.230000000000004,24.290000000000003,-69.72000000000001,0
1786849322.579989,R,-0.39967199999999997,0.24570799999999998,-1.177544,-32.13,-12.600000000000001,-72.17,0
1786849322.5819871,L,-0.305732,0.50508,1.118984,-1.1900000000000002,44.940000000000005,-37.940000000000005,0
1786849322.59696,L,-0.304024,0.534116,1.097268,10.360000000000001,65.66000000000001,-30.870000000000005,0
1786849322.6127286,L,-0.27816,0.5194759999999999,1.114104,32.27,67.62,-49.980000000000004,0
1786849322.6249568,R,-0.372344,0.19983599999999999,-1.127036,-11.55,-20.860000000000003,-61.88,0
1786849322.625973,R,-0.343796,0.16104,-1.119472,-12.110000000000001,-24.85,-53.06,0
1786849322.6289725,L,-0.251808,0.487268,1.1712,36.68000000000001,42.14,-62.650000000000006,0
1786849322.6397343,R,-0.2867,0.138592,-1.164612,-24.85,-17.290000000000003,-53.970000000000006,0
1786849322.6417358,R,-0.270352,0.180072,-1.21634,-28.42,-12.32,-56.00000000000001,0
1786849322.6427348,L,-0.261812,0.488732,1.145092,39.970000000000006,15.47,-64.19000000000001,0
1786849322.6548767,R,-0.278892,0.262056,-1.275388,-12.88,-4.760000000000001,-54.60000000000001,0
1786849322.6579127,L,-0.242292,0.524356,1.078724,-6.720000000000001,19.040000000000003,-44.660000000000004,0
1786849322.6696498,R,-0.244732,0.28182,-1.274168,-3.7100000000000004,7.3500000000000005,-38.71,0
1786849322.67265,L,-0.294996,0.554856,1.098244,-69.72000000000001,40.39,5.390000000000001,0
1786849322.685823,R,-0.286456,0.291092,-1.229516,-5.460000000000001,21.14,-17.080000000000002,0
1786849322.687822,L,-0.24204799999999999,0.544852,1.247572,-139.86,35.49,51.660000000000004,0
1786849322.6998286,R,-0.2867,0.249612,-1.1892559999999999,-10.64,28.210000000000004,4.69,0
1786849322.7028282,L,-0.20496,0.581696,1.22,-136.78,19.6,61.88,0
1786849322.714495,R,-0.28377199999999997,0.19178399999999998,-1.2261,-21.21,27.160000000000004,22.680000000000003,0
1786849322.7174985,L,-0.327448,0.410408,1.078968,-155.61,23.8,76.65,0
1786849322.729574,R,-0.28182,0.159576,-1.318576,-27.300000000000004,18.830000000000002,32.2,0
1786849322.732574,L,-0.434564,0.315004,1.136552,-178.57000000000002,71.82000000000001,78.68,0
1786849322.7452931,R,-0.308904,0.106872,-1.257332,-16.17,34.580000000000005,44.940000000000005,0
1786849322.7472942,L,-0.422364,0.278404,1.077748,-129.5,43.330000000000005,68.74000000000001,0
1786849322.759829,R,-0.407724,0.144936,-1.25294,8.33,27.860000000000003,40.32000000000001,0
1786849322.7628305,L,-0.42334,0.266692,1.064572,-100.38000000000001,-11.270000000000001,55.580000000000005,0
1786849322.77489,R,-0.408944,0.114192,-1.210484,28.630000000000003,23.660000000000004,38.64,0
1786849322.7895265,R,-0.442372,0.136884,-1.205116,28.490000000000002,32.830000000000005,43.470000000000006,0
1786849322.7925272,L,-0.454572,0.259372,1.1265479999999999,-78.89,-48.86000000000001,34.230000000000004,0
1786849322.7935936,L,-0.427244,0.268644,1.1895,-56.14000000000001,-65.45,22.400000000000002,0
1786849322.8077548,L,-0.46238,0.315736,1.208044,-61.46000000000001,-57.96000000000001,38.43000000000001,0
1786849322.8199098,R,-0.482632,0.1464,-1.235128,15.610000000000001,35.77,51.45,0
1786849322.8219097,R,-0.476532,0.13786,-1.24806,9.31,40.81,62.300000000000004,0
1786849322.822911,L,-0.43554,0.315492,1.292224,-90.93,-49.07000000000001,61.11000000000001,0
1786849322.834922,R,-0.50264,0.154452,-1.27734,15.47,34.86000000000001,76.51,0
1786849322.837926,L,-0.576816,0.242292,1.232932,-91.14000000000001,-55.440000000000005,72.52000000000001,0
1786849322.8496864,R,-0.5699839999999999,0.15982,-1.304912,23.1,49.00000000000001,88.55000000000001,0
1786849322.852686,L,-0.631472,0.11516799999999999,1.199016,-74.97000000000001,-69.23,71.05000000000001,0
1786849322.8645911,R,-0.589016,0.14762,-1.327604,19.180000000000003,79.17,98.07000000000001,0
1786849322.8677242,L,-0.5958479999999999,0.11638799999999999,1.1721759999999999,-47.67,-93.87,48.160000000000004,0
1786849322.879784,R,-0.574132,0.102968,-1.260504,11.270000000000001,108.85000000000001,101.01,0
1786849322.8827837,L,-0.584624,0.222528,1.137772,-39.900000000000006,-107.66000000000001,35.35,0
1786849322.894939,R,-0.5885279999999999,0.03782,-1.2251239999999999,-2.9400000000000004,134.19000000000003,106.61000000000001,0
1786849322.9099615,R,-0.599996,0.01952,-1.186572,-3.5000000000000004,144.06,105.21000000000001,0
1786849322.912464,L,-0.541436,0.272304,1.167784,-57.190000000000005,-98.84,41.440000000000005,0
1786849322.9134698,L,-0.598288,0.20374,1.211948,-81.9,-91.7,49.00000000000001,0
1786849322.9245987,R,-0.622444,0.013176,-1.14192,13.090000000000002,135.73000000000002,111.58000000000001,0
1786849322.9276562,L,-0.652456,0.146644,1.1709559999999999,-98.42000000000002,-79.73,53.970000000000006,0
1786849322.9397368,R,-0.599508,0.022935999999999998,-1.0918999999999999,52.010000000000005,123.83000000000001,122.08000000000001,0
1786849322.9427361,L,-0.656604,-0.00488,1.192428,-59.010000000000005,-83.86000000000001,55.160000000000004,0
1786849322.9547997,R,-0.63196,0.026352,-1.121424,99.96000000000001,102.41000000000001,146.16000000000003,0
1786849322.957815,L,-0.75518,-0.074664,1.162172,35.42,-109.27000000000001,41.230000000000004,0
1786849322.9710424,R,-0.586576,-0.028304,-1.202676,113.75000000000001,101.99000000000001,149.10000000000002,0
1786849322.9725456,L,-0.698572,-0.00732,1.143872,76.23,-134.12,19.46,0
1786849322.984735,R,-0.6143919999999999,-0.094428,-1.3607879999999999,85.89000000000001,131.95000000000002,127.96000000000001,0
1786849322.9877572,L,-0.669048,0.022692,1.109224,92.05000000000001,-135.73000000000002,17.78,0
1786849323.0027635,L,-0.677344,0.089304,1.083116,33.74,-135.24,29.470000000000002,0
1786849323.0145874,R,-0.614148,-0.171288,-1.456436,59.220000000000006,181.79000000000002,107.66000000000001,0
1786849323.0181007,L,-0.727608,0.133224,1.015284,-5.95,-140.91000000000003,49.980000000000004,0
1786849323.0301156,R,-0.622688,-0.233264,-1.43106,41.580000000000005,220.43,97.79,0
1786849323.031115,R,-0.680516,-0.186416,-1.315404,51.940000000000005,231.49,100.52000000000001,0
1786849323.0326185,L,-0.691008,0.189588,0.96624,2.0300000000000002,-161.77,57.050000000000004,0
1786849323.0448763,R,-0.659776,-0.186172,-1.240496,69.23,215.04000000000002,95.76,0
1786849323.0479236,L,-0.6624599999999999,0.135176,1.240496,40.32000000000001,-202.3,53.690000000000005,0
1786849323.059773,R,-0.623908,-0.147864,-1.312476,62.300000000000004,197.05,71.12,0
1786849323.0627725,L,-0.6222,0.113216,1.4642439999999999,68.95,-232.89000000000001,53.900000000000006,0
1786849323.0767205,R,-0.553636,-0.105652,-1.45668,49.00000000000001,194.60000000000002,42.980000000000004,0
1786849323.0777214,L,-0.65026,0.0732,1.341512,12.180000000000001,-225.68000000000004,63.14000000000001,0
1786849323.0918312,R,-0.506056,-0.081008,-1.561112,62.09,215.88000000000002,25.62,0
1786849323.0928302,L,-0.7376119999999999,0.034159999999999996,1.109712,-61.67000000000001,-225.75000000000003,69.93,0
1786849323.107477,L,-0.647332,-0.049532,1.081652,-88.9,-245.63000000000002,56.28000000000001,0
1786849323.1377578,L,-0.5219159999999999,-0.072956,1.269044,-29.26,-291.27000000000004,21.700000000000003,0
1786849323.1397545,L,-0.374052,0.009271999999999999,1.403488,50.330000000000005,-331.87,-15.47,0
1786849323.1498766,R,-0.491172,-0.067588,-1.491328,98.14000000000001,255.78000000000003,20.44,0
1786849323.168956,L,-0.20813199999999998,0.113948,1.209508,52.57000000000001,-323.89000000000004,-22.26,0
1786849323.1699564,L,-0.172508,0.069784,0.94306,-0.56,-285.53000000000003,-16.94,0
1786849323.1816013,R,-0.528016,-0.09467199999999999,-1.273924,110.25000000000001,270.27000000000004,10.430000000000001,0
1786849323.1826012,L,-0.128832,-0.012688,0.780312,-45.85,-264.11,-20.37,0
1786849323.1974952,L,-0.033916,-0.13541999999999998,0.8486319999999999,-16.310000000000002,-273.84000000000003,-38.43000000000001,0
1786849323.2101076,R,-0.540216,-0.116876,-1.0675,96.81,253.75000000000003,-15.47,0
1786849323.2126126,L,0.072712,-0.16104,0.958676,86.31,-317.73,-63.7,0
1786849323.2276459,L,0.20496,-0.072468,0.898896,129.71,-321.09000000000003,-63.49000000000001,0
1786849323.2569427,R,-0.480436,-0.155672,-0.95526,77.42,227.64000000000001,-42.28,0
1786849323.2579432,L,0.231068,-0.086132,0.64904,57.82000000000001,-269.15000000000003,-36.470000000000006,0
1786849323.2589436,L,0.29670399999999997,-0.061,0.512156,-18.69,-223.44000000000003,-23.730000000000004,0
1786849323.2699573,R,-0.417972,-0.17177599999999998,-1.047736,63.84,211.89000000000001,-56.7,0
1786849323.2709568,R,-0.29036,-0.184464,-1.078724,68.39,226.24,-56.77,0
1786849323.3295896,R,-0.237656,-0.17885199999999998,-0.915976,62.650000000000006,249.55,-61.67000000000001,0
1786849323.3325908,L,0.371612,-0.072224,0.418948,-36.400000000000006,-229.53000000000003,-29.470000000000002,0
1786849323.3337817,L,0.469944,-0.038308,0.454816,36.540000000000006,-262.71000000000004,-45.50000000000001,0
1786849323.3347855,L,0.622932,-0.04514,0.504104,96.25000000000001,-286.58000000000004,-67.76,0
1786849323.3362167,L,0.626104,-0.005124,0.530456,134.47,-289.17,-76.93,0
1786849323.3372173,L,0.646356,0.020496,0.320372,132.09,-274.47,-60.970000000000006,0
1786849323.3477702,L,0.62708,0.082228,0.184952,76.65,-247.8,-12.950000000000001,0
1786849323.362881,L,0.6365959999999999,0.04514,0.265716,7.140000000000001,-225.47000000000003,21.700000000000003,0
1786849323.3785977,L,0.725412,0.026108,0.329156,26.67,-239.54000000000002,18.970000000000002,0
1786849323.3928394,L,0.815448,0.058804,0.374784,117.74000000000001,-253.75000000000003,5.460000000000001,0
1786849323.406938,R,-0.16104,-0.169092,-0.729316,17.430000000000003,258.16,-87.43,0
1786849323.4079385,L,0.8510719999999999,0.108336,0.07808,155.33,-247.66000000000003,3.3600000000000003,0
1786849323.42255,L,0.884012,0.054168,-0.062464,100.52000000000001,-191.45000000000002,28.28,0
1786849323.4382303,L,0.897188,-0.0305,0.083692,45.43000000000001,-159.53,46.34,0
1786849323.452754,L,0.85522,-0.032452,0.18422,46.27,-173.46,55.440000000000005,0
1786849323.467784,L,0.914756,0.129808,0.153964,94.92000000000002,-213.15000000000003,59.99000000000001,0
1786849323.4827352,L,0.952332,0.118828,-0.007808,109.62,-223.65000000000003,58.10000000000001,0
1786849323.497888,L,0.8845,-0.029036,-0.278892,94.50000000000001,-215.11,60.06,0
1786849323.5127401,L,0.823744,-0.21520799999999998,-0.477996,63.49000000000001,-184.87,62.720000000000006,0
1786849323.527235,L,0.775188,-0.315004,-0.527772,36.540000000000006,-150.99,64.4,0
1786849323.5398347,R,-0.060511999999999996,-0.084912,-0.666364,-33.39,268.17,-113.19000000000001,0
1786849323.5418339,R,0.0427,-0.0060999999999999995,-0.587064,-53.13,273.35,-116.27000000000001,0
1786849323.5428343,L,0.7424919999999999,-0.27694,-0.565348,15.400000000000002,-125.51,68.11,0
1786849323.5574903,L,0.708332,-0.2379,-0.65514,-2.1,-105.91000000000001,63.84,0
1786849323.5710852,R,0.17299599999999998,0.131028,-0.610976,-61.88,275.31,-103.53000000000002,0
1786849323.5725884,L,0.61732,-0.198128,-0.71858,-2.0300000000000002,-92.68,57.89000000000001,0
1786849323.5877335,L,0.525088,-0.193004,-0.965264,-1.8900000000000001,-82.60000000000001,50.470000000000006,0
1786849323.6025002,L,0.46677199999999996,-0.253272,-1.050176,3.8500000000000005,-71.68,53.34,0
1786849323.6171558,L,0.41382399999999997,-0.376004,-1.11386,-7.420000000000001,-38.85,55.790000000000006,0
1786849323.632728,L,0.429684,-0.388692,-1.083604,-29.470000000000002,20.23,51.1,0
1786849323.647497,L,0.479216,-0.270352,-0.892796,-57.050000000000004,89.18,29.680000000000003,0
1786849323.6629317,L,0.48434,-0.09516,-0.745664,-66.22000000000001,148.19000000000003,8.82,0
1786849323.6776392,L,0.633424,-0.002928,-0.6612399999999999,-64.12,173.53000000000003,-14.840000000000002,0
1786849323.691046,R,0.27572,0.21276799999999998,-0.543876,-48.160000000000004,280.91,-77.21000000000001,0
1786849323.6925495,L,0.524112,-0.059292,-0.62464,-58.24000000000001,182.84,-18.48,0
1786849323.7047117,R,0.34477199999999997,0.232288,-0.386496,-52.50000000000001,277.13000000000005,-46.690000000000005,0
1786849323.7067444,R,0.410408,0.120292,-0.217404,-61.11000000000001,261.31,-33.95,0
1786849323.7077453,L,0.442372,-0.227896,-0.5687639999999999,-39.27,189.77,-15.540000000000001,0
1786849323.7219143,R,0.445056,0.087108,-0.285724,-93.24000000000001,252.91000000000003,-42.49,0
1786849323.722915,L,0.380152,-0.283528,-0.510936,-16.94,206.92000000000002,-24.92,0
1786849323.7348435,R,0.570716,0.121756,-0.257176,-82.95,258.23,-53.550000000000004,0
1786849323.7378802,L,0.37063599999999997,-0.25912799999999997,-0.463356,-17.150000000000002,241.36,-45.57000000000001,0
1786849323.7525775,L,0.25864,-0.203984,-0.377956,-56.49,298.55,-58.17000000000001,0
1786849323.7677453,L,0.320616,-0.03782,0.06831999999999999,-138.60000000000002,382.83000000000004,-60.970000000000006,0
1786849323.7824671,L,0.414556,0.197152,0.560468,-201.25000000000003,409.71000000000004,9.450000000000001,0
1786849323.7978182,L,0.430172,0.090768,0.642452,-147.07000000000002,409.71000000000004,58.31,0
1786849323.8128436,L,0.41992399999999996,-0.191052,0.62586,-80.43,380.87000000000006,68.18,0
1786849323.8274739,L,0.250832,-0.48531599999999997,0.393816,-74.76,431.41,4.760000000000001,0
1786849323.8401113,R,0.764452,0.146888,0.100284,-87.92,258.93,-84.77000000000001,0
1786849323.8411136,R,0.538752,0.507276,0.8784,-21.14,170.45000000000002,-59.71000000000001,0
1786849323.8426163,L,0.088572,-0.395036,0.620736,-137.62,478.24000000000007,-22.19,0
1786849323.857666,L,-0.025376,-0.146888,1.38104,-228.76000000000002,562.94,15.05,0
1786849323.8728483,L,0.204472,-0.020739999999999998,2.5622439999999997,-192.57000000000002,500.15000000000003,100.66000000000001,0
1786849323.8874817,L,0.398452,-0.573644,2.995832,18.76,192.15,75.32000000000001,0
1786849323.9026062,L,0.490928,-0.727608,1.86538,193.41000000000003,47.53,-36.96,0
1786849323.9179838,L,0.428952,-0.137128,1.2670919999999999,124.46000000000001,139.02,-45.92,0
1786849323.931507,R,0.47824,0.57706,0.991372,-22.26,149.87,-36.61000000000001,0
1786849323.9325085,L,0.518744,0.19983599999999999,1.7502119999999999,-59.150000000000006,140.07000000000002,33.18,0
1786849323.947607,L,0.7044279999999999,0.238144,2.140612,-112.98,78.47000000000001,69.02000000000001,0
1786849323.961733,R,0.332816,0.397964,1.274656,-3.6400000000000006,99.61000000000001,17.57,0
1786849323.9627337,L,0.741516,0.291092,2.09352,-10.22,-39.410000000000004,48.720000000000006,0
1786849323.9780827,L,0.71248,0.222772,1.605032,88.27000000000001,-170.03000000000003,-3.22,0
1786849323.9896054,R,0.325252,0.19641999999999998,0.782508,-19.32,-219.94000000000003,25.130000000000003,0
1786849323.9926057,L,0.7044279999999999,0.116632,1.316868,81.83000000000001,-235.76000000000002,-37.38,0
1786849324.0078506,L,0.74054,-0.039284,1.295152,5.11,-226.66000000000003,-42.07000000000001,0
1786849324.0225043,L,0.764208,-0.020739999999999998,1.46156,-57.470000000000006,-198.52,-51.870000000000005,0
1786849324.0366542,R,0.25668799999999997,0.066124,0.797636,-47.53,-243.88000000000002,-7.840000000000001,0
1786849324.0376546,L,0.787632,0.091012,1.530856,-17.71,-209.86,-67.55000000000001,0
1786849324.0518064,R,0.22082,0.008539999999999999,0.772992,-65.24000000000001,-276.08000000000004,-51.17,0
1786849324.0528066,L,0.792024,0.167872,1.310768,59.220000000000006,-260.47,-81.48,0
1786849324.06495,R,0.176168,0.13663999999999998,0.553392,-53.550000000000004,-322.77000000000004,-81.13000000000001,0
1786849324.0660138,R,0.139568,0.338672,0.224968,2.87,-376.39000000000004,-65.03,0
1786849324.0680127,L,0.798368,0.080764,1.0796999999999999,79.59,-303.24,-79.66000000000001,0
1786849324.0825305,L,0.8418,-0.013908,0.847656,52.92,-314.09000000000003,-73.29,0
1786849324.0976822,L,0.877912,-0.057828,0.693692,13.510000000000002,-297.08000000000004,-58.870000000000005,0
1786849324.1126943,L,0.92476,-0.014395999999999999,0.7044279999999999,-13.370000000000001,-277.62,-41.02,0
1786849324.1270187,L,0.85278,0.068808,0.734684,4.2700000000000005,-269.43,-36.050000000000004,0
1786849324.142571,L,0.847656,0.23399599999999998,0.698328,61.18000000000001,-288.89000000000004,-37.730000000000004,0
1786849324.1578507,L,0.784704,0.245952,0.500932,76.51,-299.25000000000006,-17.990000000000002,0
1786849324.172655,L,0.765672,0.098576,0.279624,50.89000000000001,-293.3,-5.53,0
1786849324.1874914,L,0.715896,0.019032,0.189588,8.75,-269.99,4.550000000000001,0
1786849324.202743,L,0.680028,0.04636,0.199104,8.190000000000001,-261.03000000000003,2.87,0
1786849324.2177467,L,0.629032,0.052216,0.220332,32.970000000000006,-280.84000000000003,-17.5,0
1786849324.2328067,L,0.686616,0.35014,0.14274,73.64,-299.81,-13.440000000000001,0
1786849324.2449236,R,-0.094916,0.588772,-1.303936,1.4700000000000002,-500.57000000000005,-35.49,0
1786849324.2479286,L,0.678564,0.386496,-0.022935999999999998,70.35000000000001,-306.25000000000006,0.21000000000000002,0
1786849324.2626407,L,0.597556,0.212036,-0.168604,32.620000000000005,-306.67,12.600000000000001,0
1786849324.2778256,L,0.532896,0.06709999999999999,-0.274988,-9.38,-308.56,18.270000000000003,0
1786849324.2929318,L,0.547292,0.019764,-0.336232,-35.07,-304.71000000000004,15.400000000000002,0
1786849324.3073628,L,0.629764,0.128832,-0.335988,-51.17,-285.11,-6.370000000000001,0
1786849324.3225238,L,0.72834,0.32696,-0.215696,-63.49000000000001,-267.05,-17.64,0
1786849324.35293,L,0.717604,0.45872,-0.288164,-42.63,-269.99,-7.140000000000001,0
1786849324.3543556,L,0.566568,0.248148,-0.49141599999999996,-1.4700000000000002,-277.34000000000003,11.9,0
1786849324.3666072,R,-0.18544,0.836676,-1.956636,79.24000000000001,-499.45000000000005,28.840000000000003,0
1786849324.3676074,L,0.427488,0.050996,-0.6414759999999999,-0.42000000000000004,-268.45000000000005,28.560000000000002,0
1786849324.3828099,L,0.294508,0.05368,-0.785192,-26.810000000000002,-238.00000000000003,37.17,0
1786849324.3977892,L,0.174216,0.166896,-0.923296,-51.52,-187.81000000000003,46.760000000000005,0
1786849324.4129388,L,0.045628,0.26156799999999997,-0.9803919999999999,-45.99,-156.45000000000002,49.28,0
1786849324.4277382,L,0.011224,0.28133199999999997,-1.0918999999999999,-22.400000000000002,-135.24,52.78000000000001,0
1786849324.4427493,L,-0.043188,0.236436,-1.224636,-4.760000000000001,-106.19000000000001,66.71000000000001,0
1786849324.4575408,L,-0.126392,0.177144,-1.276608,0.9100000000000001,-78.19000000000001,75.39,0
1786849324.4726672,L,-0.133224,0.121512,-1.333704,18.76,-40.53,67.62,0
1786849324.487749,L,-0.08295999999999999,0.10638399999999999,-1.3607879999999999,6.23,3.5000000000000004,53.550000000000004,0
1786849324.5027595,L,0.011956,0.150548,-1.284416,-18.48,44.940000000000005,38.78,0
1786849324.5187461,L,0.120536,0.129076,-1.088728,1.6800000000000002,68.11,7.5600000000000005,0
1786849324.5318038,R,0.485804,-0.021716,-2.624708,-10.500000000000002,84.00000000000001,-52.71000000000001,0
1786849324.532806,L,0.281088,0.150792,-0.937448,8.4,93.80000000000001,-6.720000000000001,0
1786849324.544541,R,0.510204,0.334524,-1.707268,80.92,189.35000000000002,-71.33000000000001,0
1786849324.5475447,L,0.36356,0.126636,-0.791292,22.540000000000003,112.14000000000001,-14.14,0
1786849324.5626152,L,0.395524,0.17812,-0.691252,40.74,118.51,-14.770000000000001,0
1786849324.5777774,L,0.49458799999999997,0.138836,-0.613904,48.650000000000006,126.98000000000002,-17.430000000000003,0
1786849324.5928884,L,0.677588,0.12395199999999999,-0.542412,46.27,140.35000000000002,-30.660000000000004,0
1786849324.607984,L,0.854,0.083936,-0.383812,18.55,161.77,-42.56,0
1786849324.6225123,L,0.9681919999999999,0.052948,-0.181536,14.840000000000002,145.88000000000002,-63.07000000000001,0
1786849324.6371987,L,1.041636,0.117852,-0.11053199999999999,8.4,110.04,-61.32000000000001,0
1786849324.6527483,L,1.067988,0.125904,-0.116876,5.390000000000001,67.97000000000001,-39.2,0
1786849324.6675024,L,1.164856,0.158112,-0.08881599999999999,-1.8900000000000001,35.21,-12.110000000000001,0
1786849324.682532,L,1.274656,0.10638399999999999,-0.20935199999999998,-4.0600000000000005,18.340000000000003,10.290000000000001,0
1786849324.6977968,L,1.342,0.032452,-0.26034799999999997,-4.340000000000001,21.630000000000003,23.450000000000003,0
1786849324.7128115,L,1.2853919999999999,0.033672,-0.394548,7.210000000000001,18.55,27.580000000000002,0
1786849324.7280188,L,1.164612,0.0732,-0.5185,10.850000000000001,12.670000000000002,32.2,0
1786849324.7425435,L,1.037244,0.083692,-0.646356,16.450000000000003,-0.56,31.150000000000002,0
1786849324.7578616,L,0.9359839999999999,0.056364,-0.701988,15.540000000000001,-11.13,27.37,0
1786849324.7877717,L,0.846436,-0.008296,-0.721996,18.060000000000002,-17.080000000000002,19.180000000000003,0
1786849324.7887707,L,0.825696,0.01952,-0.6143919999999999,20.930000000000003,-24.01,19.250000000000004,0
1786849324.802906,L,0.741028,-0.13298,-0.538752,14.910000000000002,-44.17,8.96,0
1786849324.8177533,L,0.723948,-0.173972,-0.732244,12.040000000000001,-36.330000000000005,-0.21000000000000002,0
1786849324.8328662,L,0.706136,-0.150304,-0.7622559999999999,-7.420000000000001,-10.780000000000001,-3.7800000000000002,0
1786849324.8472788,L,0.7278519999999999,-0.098088,-0.70516,-5.8100000000000005,14.280000000000001,-7.420000000000001,0
1786849324.8629272,L,0.80642,0.06709999999999999,-0.65026,-6.370000000000001,34.300000000000004,6.510000000000001,0
1786849324.8779774,L,0.902068,0.173972,-0.558272,-4.340000000000001,40.39,27.930000000000003,0
1786849324.8925474,L,0.9618479999999999,0.155184,-0.587064,10.15,34.510000000000005,43.470000000000006,0
1786849324.9073462,L,0.949892,-0.008539999999999999,-0.6107319999999999,19.180000000000003,25.970000000000002,40.39,0
1786849324.9225245,L,0.906948,-0.06709999999999999,-0.619028,26.110000000000003,12.740000000000002,18.76,0
1786849324.9376922,L,0.87718,-0.023667999999999998,-0.623664,20.44,0.42000000000000004,-4.62,0
1786849324.952917,L,0.888892,-0.012688,-0.55876,13.510000000000002,-14.700000000000001,-22.610000000000003,0
1786849324.9824715,L,0.9088999999999999,-0.033916,-0.49654,10.71,-27.650000000000002,-37.03,0
1786849324.9834762,L,0.897676,-0.042943999999999996,-0.46116,5.32,-34.790000000000006,-42.910000000000004,0
1786849324.996996,L,0.85522,-0.072956,-0.502152,3.5700000000000003,-33.81,-45.010000000000005,0
1786849325.0125208,L,0.7991,-0.099552,-0.536556,-3.99,-23.450000000000003,-42.56,0
1786849325.0276165,L,0.762744,-0.127612,-0.551684,-11.760000000000002,-12.81,-38.85,0
1786849325.0427158,L,0.778116,-0.091988,-0.534848,-18.970000000000002,-1.6800000000000002,-29.470000000000002,0
1786849325.0600376,L,0.7905599999999999,-0.044407999999999996,-0.542168,-26.6,7.07,-20.160000000000004,0
1786849325.0725508,L,0.81618,0.066856,-0.49580799999999997,-22.820000000000004,4.760000000000001,-13.370000000000001,0
1786849325.0872169,L,0.807152,0.097112,-0.55388,-8.610000000000001,-6.300000000000001,-13.020000000000001,0
1786849325.1027913,L,0.7795799999999999,0.089792,-0.639524,-2.87,-11.410000000000002,-10.15,0
1786849325.1169808,L,0.75152,0.032208,-0.63928,-4.9,-10.080000000000002,-5.180000000000001,0
1786849325.133502,L,0.747616,0.0060999999999999995,-0.60756,-6.510000000000001,-5.6000000000000005,-2.3800000000000003,0
1786849325.1470232,L,0.75518,0.024399999999999998,-0.583892,-4.760000000000001,-1.7500000000000002,0.14,0
1786849325.1625507,L,0.7671359999999999,0.055876,-0.566812,-2.1,-0.35000000000000003,3.5000000000000004,0
1786849325.176992,L,0.7659159999999999,0.056119999999999996,-0.590236,-2.8000000000000003,1.54,4.550000000000001,0
1786849325.1925104,L,0.75152,0.05246,-0.630496,-5.32,6.65,4.760000000000001,0
1786849325.2077577,L,0.755912,0.043432,-0.61244,-8.4,10.780000000000001,6.86,0
1786849325.2228105,L,0.77226,0.038308,-0.574864,-4.970000000000001,10.71,6.790000000000001,0
1786849325.2370825,L,0.791536,0.05978,-0.5465599999999999,-3.99,9.030000000000001,7.490000000000001,0
1786849325.2526054,L,0.787632,0.054655999999999996,-0.577548,-1.54,6.0200000000000005,5.460000000000001,0
1786849325.267243,L,0.80398,0.02684,-0.579744,-2.31,3.8500000000000005,1.7500000000000002,0
1786849325.282765,L,0.830576,0.033184,-0.570716,-1.7500000000000002,2.24,-1.6800000000000002,0
1786849325.296995,L,0.845948,0.040748,-0.57584,-4.550000000000001,3.6400000000000006,-1.61,0
1786849325.3125846,L,0.843264,0.033184,-0.551196,-6.16,5.74,-1.8200000000000003,0
1786849325.327016,L,0.844972,0.036844,-0.532164,-7.840000000000001,4.2700000000000005,-1.8200000000000003,0
1786849325.3425543,L,0.8662,0.05368,-0.512644,-10.850000000000001,1.9600000000000002,-0.6300000000000001,0
1786849325.356989,L,0.8818159999999999,0.061732,-0.533628,-4.41,-2.66,-2.1,0
1786849325.3725033,L,0.867664,0.053191999999999996,-0.56974,-6.580000000000001,-3.3600000000000003,-0.21000000000000002,0
1786849325.3876188,L,0.85278,0.034648,-0.57584,-9.38,-1.61,0.8400000000000001,0
1786849325.4027572,L,0.834724,0.045871999999999996,-0.563152,-10.57,-0.21000000000000002,0.9100000000000001,0
1786849325.417569,L,0.8127639999999999,0.056364,-0.5734,-11.760000000000002,2.24,2.3800000000000003,0
1786849325.432734,L,0.792024,0.058804,-0.5885279999999999,-13.3,5.53,3.8500000000000005,0
1786849325.449102,L,0.781288,0.06417199999999999,-0.586576,-10.57,7.000000000000001,5.040000000000001,0
1786849325.4627585,L,0.7783599999999999,0.07076,-0.596092,-5.32,6.370000000000001,4.760000000000001,0
1786849325.4776556,L,0.76006,0.064416,-0.602924,-9.170000000000002,8.89,5.880000000000001,0
1786849325.4928472,L,0.746396,0.061975999999999996,-0.599752,-14.420000000000002,14.420000000000002,4.970000000000001,0
1786849325.5075147,L,0.727608,0.071004,-0.5860879999999999,-16.17,19.46,5.74,0
1786849325.5229492,L,0.71126,0.05368,-0.5856,-20.160000000000004,28.630000000000003,8.89,0
1786849325.5379834,L,0.707844,0.018788,-0.5651039999999999,-19.810000000000002,37.870000000000005,10.15,0
1786849325.552499,L,0.693692,0.028548,-0.559248,-16.380000000000003,43.96,9.170000000000002,0
1786849325.568025,L,0.703452,0.054412,-0.579012,-15.890000000000002,49.980000000000004,7.98,0
1786849325.5825503,L,0.697596,0.07686,-0.59414,-20.37,56.49,8.82,0
1786849325.5976706,L,0.677344,0.069052,-0.598044,-27.44,64.82000000000001,10.99,0
1786849325.612708,L,0.655384,0.049776,-0.5978,-35.77,77.28,17.430000000000003,0
1786849325.6279562,L,0.652944,0.036356,-0.579988,-40.53,89.46000000000001,28.560000000000002,0
1786849325.6427584,L,0.660508,0.000488,-0.556808,-34.09,98.7,36.050000000000004,0
1786849325.6571288,L,0.703696,0.00244,-0.538752,-21.560000000000002,110.04,35.35,0
1786849325.6726754,L,0.753472,0.05856,-0.522892,-25.69,124.11000000000001,31.430000000000003,0
1786849325.6876712,L,0.74664,0.083448,-0.472872,-28.28,131.04000000000002,36.330000000000005,0
1786849325.7027898,L,0.749324,0.039528,-0.406748,-29.820000000000004,135.73000000000002,40.88,0
1786849325.7150202,R,0.572912,0.328668,-1.399828,58.24000000000001,190.19000000000003,-42.14,0
1786849325.717024,L,0.751764,-0.017324,-0.37624799999999997,-32.760000000000005,142.94000000000003,44.660000000000004,0
1786849325.732622,L,0.798856,-0.033916,-0.345016,-37.800000000000004,152.81,51.52,0
1786849325.7472532,L,0.8723,-0.034892,-0.24766,-38.290000000000006,166.39000000000001,53.830000000000005,0
1786849325.7638807,L,0.961116,0.002196,-0.10467599999999999,-41.93000000000001,185.99,61.32000000000001,0
1786849325.7777798,L,1.02114,-0.023424,0.109556,-35.49,194.39000000000001,65.94000000000001,0
1786849325.7928586,L,1.060668,-0.061488,0.150304,-9.24,174.58,58.870000000000005,0
1786849325.805562,R,0.767624,0.169336,-1.178032,111.16000000000001,183.61,11.48,0
1786849325.8065622,R,0.765672,0.040504,-1.090924,103.95,187.60000000000002,13.23,0
1786849325.8075619,L,1.105564,-0.028059999999999998,0.06344,-1.4000000000000001,149.45000000000002,51.59,0
1786849325.8205698,R,0.71004,-0.07002799999999999,-0.985028,61.53000000000001,218.12000000000003,-7.910000000000001,0
1786849325.8215704,R,0.67832,-0.136396,-0.875228,23.87,253.61,-25.060000000000002,0
1786849325.8230739,L,1.2017,-0.067588,0.075152,-10.290000000000001,125.02000000000001,45.99,0
1786849325.8357406,R,0.427244,-0.06417199999999999,0.056364,-79.52000000000001,374.50000000000006,4.130000000000001,0
1786849325.83774,L,1.3054,-0.1098,0.169824,-20.020000000000003,108.71000000000001,35.35,0
1786849325.852863,L,1.35298,-0.175192,0.323788,-23.8,88.76,24.430000000000003,0
1786849325.86705,L,1.3656679999999999,-0.203008,0.483364,-1.2600000000000002,48.02,5.32,0
1786849325.882573,L,1.35298,-0.127124,0.389668,27.090000000000003,-3.5700000000000003,-10.080000000000002,0
1786849325.8978379,L,1.36396,-0.127368,0.257664,17.78,-34.580000000000005,-10.290000000000001,0
1786849325.9124806,L,1.357372,-0.186172,0.184952,6.090000000000001,-49.7,-13.440000000000001,0
1786849325.9280791,L,1.333216,-0.159576,0.15420799999999998,-7.3500000000000005,-54.25000000000001,-19.46,0
1786849325.9426136,L,1.292224,-0.15128,0.101504,-15.820000000000002,-58.870000000000005,-22.05,0
1786849325.9570172,L,1.24318,-0.13078399999999998,0.06831999999999999,-14.420000000000002,-63.910000000000004,-22.680000000000003,0
1786849325.9725711,L,1.185352,-0.113704,0.053191999999999996,-6.65,-71.96000000000001,-23.660000000000004,0
1786849325.9878194,L,1.125816,-0.087352,0.016836,-2.1,-79.24000000000001,-25.130000000000003,0
1786849326.002962,L,1.080432,-0.053436,0.00122,-1.33,-83.79,-26.180000000000003,0
1786849326.017765,L,1.035048,-0.02562,-0.056364,-2.5900000000000003,-88.62,-24.080000000000002,0
1786849326.0329442,L,0.997472,-0.05002,-0.117608,-9.31,-84.63000000000001,-24.150000000000002,0
1786849326.047704,L,0.963068,-0.041968,-0.130052,-16.66,-80.50000000000001,-26.880000000000003,0
1786849326.0628257,L,0.948184,-0.011956,-0.125416,-13.23,-84.00000000000001,-30.800000000000004,0
1786849326.0779753,L,0.95892,0.014884,-0.071492,5.11,-95.06,-36.75,0
1786849326.0915277,L,0.951112,0.039528,-0.092476,23.240000000000002,-110.18,-36.330000000000005,0
1786849326.1079576,L,0.907192,0.011956,-0.17324,13.930000000000001,-107.45000000000002,-28.000000000000004,0
1786849326.1201842,R,0.050996,-0.059536,1.2695319999999999,-65.87,312.55,32.830000000000005,0
1786849326.1231852,L,0.81862,-0.02196,-0.237656,0.35000000000000003,-97.72000000000001,-20.930000000000003,0
1786849326.1377964,L,0.687836,0.009271999999999999,-0.32086,-11.830000000000002,-87.29,-12.110000000000001,0
1786849326.15288,L,0.595604,0.014152,-0.36722,-11.830000000000002,-75.32000000000001,-1.9600000000000002,0
1786849326.1655629,R,0.040504,-0.007808,0.976,-6.16,-135.17000000000002,-108.64000000000001,0
1786849326.167563,L,0.527772,0.034159999999999996,-0.35502,-4.760000000000001,-59.78000000000001,15.750000000000002,0
1786849326.1806006,R,0.634888,0.322324,0.528992,9.450000000000001,-155.4,-96.39000000000001,0
1786849326.1816027,R,0.758108,0.146888,0.376492,18.41,-197.05,-44.45,0
1786849326.183106,L,0.450424,0.068808,-0.445544,17.5,-46.760000000000005,29.890000000000004,0
1786849326.1976886,L,0.38064,0.055632,-0.68564,35.63,-23.94,45.78,0
1786849326.2117646,R,1.052616,0.29158,-0.569496,23.87,-170.87,-3.1500000000000004,0
1786849326.2251267,R,1.107272,0.207156,-0.678076,6.44,-127.26,-2.5900000000000003,0
1786849326.2261312,R,1.155096,0.18934399999999998,-0.753228,-6.65,-92.05000000000001,-13.650000000000002,0
1786849326.2281299,L,0.35770399999999997,-0.012688,-0.775676,31.430000000000003,14.280000000000001,58.730000000000004,0
1786849326.2291303,L,0.38356799999999996,-0.055876,-0.7771399999999999,10.22,61.60000000000001,64.89,0
1786849326.2418027,L,0.453596,-0.0549,-0.73688,-11.270000000000001,104.23,66.22000000000001,0
1786849326.257937,L,0.551684,-0.011467999999999999,-0.61732,-24.500000000000004,134.4,67.34,0
1786849326.2729778,L,0.671976,-0.000488,-0.459696,-22.96,145.95000000000002,64.96000000000001,0
1786849326.2877512,L,0.8313079999999999,0.033428,-0.2745,-9.030000000000001,146.72000000000003,52.85000000000001,0
1786849326.3017976,L,0.92232,-0.0026839999999999998,-0.20813199999999998,-4.2700000000000005,144.13000000000002,41.580000000000005,0
1786849326.3175967,L,0.967216,-0.111752,-0.156892,-13.160000000000002,143.71,28.28,0
1786849326.3316553,L,0.988444,-0.174216,-0.124928,-32.13,146.79000000000002,15.47,0
1786849326.347776,L,1.028216,-0.16591999999999998,-0.00122,-48.440000000000005,151.62,11.200000000000001,0
1786849326.3779173,L,1.073356,-0.1159,0.30988,-10.500000000000002,126.70000000000002,2.5900000000000003,0
1786849326.3789175,L,1.052616,-0.080276,0.1403,13.160000000000002,96.53000000000002,-2.5200000000000005,0
1786849326.3909664,R,1.2275639999999999,0.25986,-0.826916,-5.670000000000001,-60.900000000000006,-24.290000000000003,0
1786849326.3934708,L,1.027484,-0.162748,0.062464,-2.5200000000000005,89.60000000000001,-1.7500000000000002,0
1786849326.4076288,L,1.039684,-0.20008,0.120292,-13.23,82.18,-10.850000000000001,0
1786849326.42172,L,1.059936,-0.09589199999999999,0.150792,-29.540000000000003,80.50000000000001,-9.590000000000002,0
1786849326.4378095,L,1.058472,-0.068076,0.126636,-55.86000000000001,89.25000000000001,4.83,0
1786849326.4533534,L,1.0723799999999999,-0.105652,0.349408,-34.510000000000005,90.09,9.450000000000001,0
1786849326.4659672,R,1.2744119999999999,0.349896,-0.882548,-3.2900000000000005,-24.430000000000003,-28.980000000000004,0
1786849326.4669645,R,0.702476,-0.06466,0.239364,-36.260000000000005,156.59,1.6800000000000002,0
1786849326.4679651,L,1.059692,-0.120536,0.387472,2.8000000000000003,76.58000000000001,6.0200000000000005,0
1786849326.4820275,L,1.051152,-0.146156,0.321592,1.33,75.67,15.680000000000001,0
1786849326.4969976,L,1.052372,-0.150792,0.29646,-8.82,76.02000000000001,23.520000000000003,0
1786849326.5110557,R,0.404308,0.041236,0.987224,-10.290000000000001,96.67000000000002,-22.610000000000003,0
1786849326.5120559,L,1.084092,-0.095648,0.302072,-15.820000000000002,65.38000000000001,25.69,0
1786849326.5260105,R,0.410408,0.0732,1.1163,2.3800000000000003,49.910000000000004,-16.1,0
1786849326.5280128,L,1.1314279999999999,-0.072712,0.280844,-21.07,51.52,21.42,0
1786849326.540061,R,0.382836,0.010735999999999999,1.246596,2.24,-40.6,-20.51,0
1786849326.5410569,R,0.37990799999999997,0.018543999999999998,1.197552,0.9800000000000001,-84.42,-38.64,0
1786849326.542056,L,1.1916959999999999,-0.035868,0.35648399999999997,-6.510000000000001,30.310000000000002,14.63,0
1786849326.5578876,L,1.226832,-0.036844,0.385032,11.200000000000001,7.07,8.260000000000002,0
1786849326.5719435,L,1.239032,-0.08588799999999999,0.366244,18.060000000000002,-10.22,1.1900000000000002,0
1786849326.5860438,R,0.399916,0.08662,1.06018,4.550000000000001,-126.42000000000002,-50.96000000000001,0
1786849326.588045,L,1.218292,-0.122,0.332084,6.720000000000001,-15.820000000000002,-1.1900000000000002,0
1786849326.6022387,L,1.184132,-0.122488,0.31842,-1.12,-20.790000000000003,-1.4000000000000001,0
1786849326.617846,L,1.159732,-0.09516,0.295972,-4.9,-27.51,0.8400000000000001,0
1786849326.631858,R,0.455548,0.168848,0.881084,9.31,-169.33,-47.39000000000001,0
1786849326.6333609,L,1.152168,-0.108092,0.271328,-6.44,-35.28,4.0600000000000005,0
1786849326.6479492,L,1.141432,-0.088572,0.270352,-1.4000000000000001,-45.50000000000001,4.41,0
1786849326.6599965,R,1.014308,0.267912,-0.257664,8.680000000000001,-116.55000000000001,-8.4,0
1786849326.6619945,L,1.1204479999999999,-0.119804,0.22326,-5.460000000000001,-58.31,3.8500000000000005,0
1786849326.6776278,L,1.100684,-0.140544,0.160796,-7.210000000000001,-72.24000000000001,-3.5700000000000003,0
1786849326.6926768,L,1.075064,-0.122976,0.08588799999999999,-13.160000000000002,-78.68,-7.700000000000001,0
1786849326.7079668,L,1.0352919999999999,-0.10931199999999999,0.044896,-15.260000000000002,-77.98,-8.260000000000002,0
1786849326.7221248,L,1.002352,-0.087352,0.059292,-18.130000000000003,-73.78,-5.880000000000001,0
1786849326.7379477,L,0.9435479999999999,-0.078324,0.072468,-14.070000000000002,-73.92,-4.62,0
1786849326.7519853,L,0.889868,-0.07076,0.03538,-10.500000000000002,-72.59,-0.9800000000000001,0
1786849326.7681155,L,0.822036,-0.102236,-0.018543999999999998,-10.290000000000001,-61.95,2.5200000000000005,0
1786849326.7827315,L,0.761524,-0.12224399999999999,-0.06222,-14.700000000000001,-43.68000000000001,12.040000000000001,0
1786849326.7971845,L,0.7044279999999999,-0.1098,-0.091988,-22.19,-19.53,23.87,0
1786849326.8117657,L,0.658312,-0.100772,-0.094916,-15.190000000000001,-0.49000000000000005,32.2,0
1786849326.8260007,R,1.04676,0.286456,-0.305,-17.360000000000003,-56.7,-29.680000000000003,0
1786849326.8279989,L,0.607072,-0.08662,-0.162016,-5.670000000000001,13.72,38.50000000000001,0
1786849326.8425064,L,0.58072,-0.092476,-0.19983599999999999,3.5700000000000003,26.950000000000003,38.92,0
1786849326.872699,L,0.559004,-0.086864,-0.213256,9.870000000000001,43.68000000000001,34.580000000000005,0
1786849326.8736985,L,0.552416,-0.041724,-0.17934,11.340000000000002,65.03,31.640000000000004,0
1786849326.887768,L,0.578524,-0.036844,-0.105408,9.450000000000001,85.33000000000001,30.450000000000003,0
1786849326.9027858,L,0.589016,-0.0366,-0.065636,13.580000000000002,96.53000000000002,22.820000000000004,0
1786849326.9181645,L,0.582916,-0.056852,-0.028791999999999998,14.770000000000001,102.41000000000001,11.97,0
1786849326.947955,L,0.576572,-0.084424,0.026595999999999998,12.600000000000001,108.71000000000001,-0.77,0
1786849326.9489548,L,0.574864,-0.0732,0.105652,11.55,115.85000000000001,-8.680000000000001,0
1786849326.9629736,L,0.5897479999999999,-0.09272,0.197396,14.21,120.96000000000001,-8.540000000000001,0
1786849326.992637,L,0.648796,-0.127124,0.25254,19.040000000000003,126.00000000000001,-5.6000000000000005,0
1786849326.9936373,L,0.777872,-0.138104,0.38234799999999997,16.03,145.53,-0.9100000000000001,0
1786849327.0069027,R,1.113372,0.334768,-0.375028,-12.600000000000001,-50.470000000000006,-21.07,0
1786849327.0079007,L,0.8723,-0.16348,0.5063,11.340000000000002,159.53,5.53,0
1786849327.0204535,R,1.098,0.285968,-0.40089199999999997,-9.940000000000001,-17.85,-27.020000000000003,0
1786849327.0224535,L,0.900604,-0.2196,0.610976,5.040000000000001,167.72000000000003,6.0200000000000005,0
1786849327.037877,L,0.9594079999999999,-0.215452,0.666852,-2.5900000000000003,154.21,7.5600000000000005,0
1786849327.0528963,L,1.009672,-0.239608,0.652212,0.42000000000000004,128.59,6.790000000000001,0
1786849327.067066,L,1.104832,-0.221796,0.671,-2.1,107.03000000000002,13.930000000000001,0
1786849327.0840743,L,1.211948,-0.233752,0.763964,9.520000000000001,86.73,24.290000000000003,0
1786849327.097707,L,1.3127199999999999,-0.242536,0.7771399999999999,-0.9800000000000001,85.12,33.32,0
1786849327.1120903,L,1.29198,-0.444812,0.8042239999999999,-6.090000000000001,74.34,36.050000000000004,0
1786849327.1427898,L,1.239032,-0.41992399999999996,0.8042239999999999,-26.040000000000003,57.75000000000001,30.520000000000003,0
1786849327.1437898,L,1.247816,-0.38917999999999997,0.7610359999999999,-35.42,34.370000000000005,25.55,0
1786849327.1570363,L,1.362984,-0.330132,0.79666,-40.46,18.200000000000003,26.040000000000003,0
1786849327.1725428,L,1.399828,-0.36478,0.796416,-48.790000000000006,5.95,21.14,0
1786849327.1876247,L,1.357372,-0.315492,0.701744,-57.400000000000006,-9.38,15.120000000000001,0
1786849327.2174706,L,1.293688,-0.28792,0.5934079999999999,-63.14000000000001,-31.01,6.86,0
1786849327.232396,L,1.235372,-0.259372,0.549732,-76.02000000000001,-61.39000000000001,8.120000000000001,0
1786849327.2338984,L,1.312232,-0.290604,0.603168,-79.31,-87.92,4.2700000000000005,0
1786849327.2470295,L,1.350296,-0.333304,0.614148,-73.15,-100.66000000000001,-2.9400000000000004,0
1786849327.2650487,L,1.325652,-0.324032,0.589504,-76.86000000000001,-102.83000000000001,-3.2900000000000005,0
1786849327.3077137,L,1.235372,-0.258884,0.532164,-87.92,-116.27000000000001,5.95,0
1786849327.3087158,L,1.121424,-0.250832,0.434808,-87.22000000000001,-143.29000000000002,18.060000000000002,0
1786849327.3107138,L,1.044808,-0.30597599999999997,0.30841599999999997,-83.51,-161.84,29.400000000000002,0
1786849327.3378806,L,1.046028,-0.367708,0.196664,-81.83000000000001,-153.65,45.290000000000006,0
1786849327.3388815,L,1.086044,-0.369904,0.229604,-84.28,-125.37000000000002,52.64000000000001,0
1786849327.366195,R,1.135332,0.358192,-0.434808,-0.77,-4.0600000000000005,-20.37,0
1786849327.3681943,L,1.047736,-0.32208,0.190808,-97.02000000000001,-101.43,65.17,0
1786849327.399089,L,0.91866,-0.31842,0.155184,-100.31000000000002,-95.55000000000001,75.46000000000001,0
1786849327.4000926,L,0.816912,-0.306708,0.105164,-105.42000000000002,-89.18,77.84,0
1786849327.5619113,R,1.17486,0.35404399999999997,-0.42797599999999997,1.05,8.89,-11.48,0
1786849327.562912,L,0.70638,-0.330376,0.051484,-96.39000000000001,-95.62,73.36000000000001,0
1786849327.580189,L,0.747372,-0.30988,-0.063196,-98.35000000000001,-86.31,72.73,0
1786849327.5867164,L,0.8571719999999999,-0.22228399999999998,0.011712,-97.23,-59.99000000000001,67.34,0
1786849327.637526,L,0.8510719999999999,-0.1281,-0.012688,-97.51,-46.13,66.43,0
1786849327.6679838,L,0.726876,-0.175924,-0.017568,-87.64000000000001,-51.45,58.59,0
1786849327.6689856,L,0.587796,-0.333304,-0.114924,-81.41000000000001,-57.330000000000005,45.64000000000001,0
1786849327.712664,L,0.504104,-0.372832,-0.199104,-81.69000000000001,-41.230000000000004,40.25000000000001,0
1786849327.714167,L,0.471896,-0.387716,-0.223992,-68.11,-24.500000000000004,35.77,0
1786849327.7157032,L,0.5231359999999999,-0.330132,-0.277672,-55.86000000000001,-10.500000000000002,28.42,0
1786849327.7177036,L,0.46482,-0.35282399999999997,-0.376492,-41.720000000000006,52.220000000000006,34.02,0
1786849327.7208343,L,0.43676,-0.23741199999999998,-0.331108,-31.85,73.57000000000001,30.590000000000003,0
1786849327.7218318,L,0.524112,-0.0034159999999999998,-0.332084,4.48,90.16000000000001,-11.06,0
1786849327.7228324,L,0.426024,-0.03904,-0.309392,13.860000000000001,116.69000000000001,-43.470000000000006,0
1786849327.7591307,L,0.30256,0.122488,-0.21276799999999998,45.92,168.70000000000002,-67.76,0
1786849327.8343928,L,0.323056,0.25376,-0.252784,81.76,181.93,-98.35000000000001,0
1786849327.8477285,L,0.266936,0.551196,-0.038064,66.78,206.08,-134.96,0
1786849327.8487291,L,0.216184,0.40504,0.02318,91.91000000000001,240.87000000000003,-180.67000000000002,0
1786849327.8507292,L,-0.05856,0.295972,-0.03294,171.85000000000002,281.19000000000005,-296.24,0
1786849327.8517292,L,-0.08052,1.198528,0.2623,135.52,314.72,-273.28000000000003,0
1786849327.8527284,L,-0.45994,1.3322399999999999,0.370148,143.22000000000003,339.85,-321.02000000000004,0
1786849327.8542325,L,-0.916708,1.21512,0.548756,193.34000000000003,398.23,-392.98,0
1786849327.8557749,L,-1.317112,1.181692,0.640012,223.86,460.53000000000003,-507.64000000000004,0
1786849327.8567748,L,-2.23626,2.104012,1.222928,193.97000000000003,524.09,-570.71,0
1786849327.857774,L,-2.742804,2.97558,1.729472,287.77000000000004,527.73,-512.33,0
1786849327.8642774,L,-3.282776,3.08172,1.614304,294.07000000000005,623.84,-390.81000000000006,0
1786849327.8756495,R,1.164368,0.303536,-0.36941599999999997,-13.3,41.02,-17.150000000000002,0
1786849327.8766496,R,1.1224,0.287432,-0.32208,-22.26,61.74000000000001,-24.290000000000003,0
1786849327.8786507,L,-4.1236,2.975824,1.830244,138.95000000000002,897.4000000000001,-254.03000000000003,0
1786849327.950717,R,1.100196,0.41992399999999996,-0.240584,-21.770000000000003,92.61000000000001,-16.73,0
1786849327.952717,L,-5.37776,2.773548,2.667164,-9.66,1144.0100000000002,-99.4,0
1786849327.95439,L,-5.704476,1.896124,3.582408,-69.51,1195.1100000000001,14.560000000000002,0
1786849327.956717,L,-5.025912,1.238788,4.299036,72.87,969.3600000000001,-11.410000000000002,0
1786849327.9577172,L,-4.013068,1.073844,3.7524759999999997,166.39000000000001,648.34,-81.2,0
1786849327.959717,L,-3.628768,1.323944,2.7386559999999998,16.59,479.57000000000005,32.34,0
1786849327.9657743,R,1.06872,0.373808,-0.171532,-28.210000000000004,101.64000000000001,-9.520000000000001,0
1786849327.9667747,R,0.4758,0.20496,0.57584,-0.77,-24.430000000000003,-2.1,0
1786849327.9677746,L,-3.854224,1.5579399999999999,1.972252,-173.74,496.44000000000005,268.45000000000005,0
1786849327.982847,L,-4.630388,1.484496,1.509628,-235.76000000000002,587.5100000000001,475.09000000000003,0
1786849327.9970374,L,-5.14596,0.596092,1.9437039999999999,-217.00000000000003,630.84,579.5300000000001,0
1786849328.0108876,R,0.890356,0.440176,-0.807152,38.92,-173.67000000000002,-47.46000000000001,0
1786849328.0118902,R,0.97112,0.38917999999999997,-0.861076,20.51,-124.60000000000001,-63.28000000000001,0
1786849328.0128887,L,-5.369708,-0.084912,2.413892,-210.49,575.19,556.0100000000001,0
1786849328.0255983,R,0.473848,0.596336,0.124684,-132.02,168.42000000000002,-154.00000000000003,0
1786849328.0265985,R,0.018056,0.603168,0.886452,-77.00000000000001,-38.010000000000005,-4.970000000000001,0
1786849328.0275981,L,-5.682516,0.3538,1.588684,-405.37000000000006,336.56000000000006,492.7300000000001,0
1786849328.040733,R,-2.96216,-1.064572,-2.897988,-393.75000000000006,-423.92,136.29000000000002,0
1786849328.0417337,R,-4.434456,-0.247172,-3.115148,-299.6,-758.3100000000001,165.76000000000002,0
1786849328.0559676,R,-7.994904,0.424072,-7.994904,-432.95000000000005,-74.83000000000001,-1209.46,0
1786849328.0569663,R,-7.994904,3.930596,-7.4237,-237.02,553.9100000000001,-1766.94,0
1786849328.057966,L,-5.226724,-0.249612,1.675304,-388.36,416.29,446.46000000000004,0
1786849328.058966,L,-5.108872,0.723216,2.598112,-357.28000000000003,310.17,543.69,0
1786849328.0700212,R,-7.994904,5.8728359999999995,-5.928468,85.89000000000001,448.63000000000005,-1792.9800000000002,0
1786849328.0710235,R,-4.565728,5.568568,-6.299592,431.06000000000006,-498.68000000000006,-694.6800000000001,0
1786849328.073022,L,-5.589796,0.9952759999999999,2.672044,-133.14000000000001,185.57000000000002,617.6800000000001,0
1786849328.085589,R,-5.331644,3.894484,-6.77466,326.97,-331.24,-768.6,0
1786849328.0865884,R,-5.854292,3.3957479999999998,-6.527488,242.69000000000003,-44.870000000000005,-793.1700000000001,0
1786849328.087589,L,-5.846972,0.984296,2.997784,19.880000000000003,121.87,717.4300000000001,0
1786849328.100725,R,-6.3086199999999995,3.107584,-5.795976,167.09,209.58,-868.84,0
1786849328.101725,R,-6.092924,2.979972,-5.327984,338.17,184.03000000000003,-880.7400000000001,0
1786849328.102726,L,-6.306668,1.112396,3.454064,33.18,51.45,826.35,0
1786849328.115051,R,-6.37938,3.174196,-5.48634,430.08000000000004,144.27,-860.09,0
1786849328.1160553,R,-6.359128,2.7755,-5.179388,426.72,196.98000000000002,-844.6200000000001,0
1786849328.1180544,L,-6.8829959999999994,1.179984,3.963536,16.310000000000002,4.2700000000000005,978.5300000000001,0
1786849328.1307244,R,-6.294956,2.426824,-4.919772,451.92,191.8,-895.6500000000001,0
1786849328.1337245,L,-7.241188,0.7671359999999999,4.214368,42.84,-59.220000000000006,1116.92,0
1786849328.1452622,R,-6.240056,2.703032,-5.105212,521.57,193.83,-992.7400000000001,0
1786849328.1472669,L,-7.3487919999999995,0.066124,3.885212,57.82000000000001,-81.48,1183.49,0
1786849328.1609025,R,-6.334728,3.575332,-5.759132,539.35,318.85,-1009.2600000000001,0
1786849328.1639032,L,-6.701216,-0.974536,3.8181119999999997,220.08,-108.64000000000001,1080.0300000000002,0
1786849328.174881,R,-5.623468,3.905952,-5.331156,492.1,514.5,-920.4300000000001,0
1786849328.1771336,L,-5.6927639999999995,-1.19926,3.997208,400.12000000000006,-142.8,894.95,0
1786849328.1922936,L,-4.9139159999999995,-0.7844599999999999,4.431772,427.56000000000006,-210.98000000000002,799.2600000000001,0
1786849328.2069309,R,-4.862432,3.665612,-4.466908,393.33000000000004,568.5400000000001,-792.6800000000001,0
1786849328.2079308,L,-4.1777679999999995,-0.754448,4.25902,381.01000000000005,-300.37,793.45,0
1786849328.220517,R,-4.170936,3.249104,-3.87472,333.69000000000005,552.23,-652.61,0
1786849328.235712,R,-3.512136,2.805268,-3.71734,329.70000000000005,540.82,-560.7,0
1786849328.2537322,L,-3.974028,-1.53476,3.68196,453.32000000000005,-277.62,752.6400000000001,0
1786849328.2557821,L,-3.7463759999999997,-1.842932,3.41844,721.4900000000001,-231.14000000000001,635.6700000000001,0
1786849328.2567823,L,-3.110024,-1.42862,3.43796,463.82000000000005,-143.85000000000002,621.8100000000001,0
1786849328.2688808,L,-2.650084,-1.821948,3.27814,260.82000000000005,-105.98,671.58,0
1786849328.2800193,R,-3.09026,2.9406879999999997,-4.1106679999999995,437.64000000000004,535.5,-473.69000000000005,0
1786849328.3128839,L,-2.515884,-2.026908,3.134668,199.22000000000003,-188.65,601.1600000000001,0
1786849328.313975,L,-2.229916,-2.4490279999999998,2.999736,334.6,-303.94000000000005,484.89000000000004,0
1786849328.3149796,L,-2.054236,-2.5659039999999997,2.794776,393.89000000000004,-354.13000000000005,413.42,0
1786849328.3280597,L,-1.771928,-2.643008,2.458056,271.11,-332.71000000000004,398.51000000000005,0
1786849328.3425682,L,-1.48718,-2.7532959999999997,2.12158,130.55,-298.69000000000005,360.01000000000005,0
1786849328.3577878,L,-1.13216,-2.815516,1.6304079999999999,103.60000000000001,-327.18,262.92,0
1786849328.402216,L,-0.834724,-2.714256,1.114836,114.24000000000001,-357.98,149.17000000000002,0
1786849328.403719,L,-0.692716,-2.474892,0.541436,75.39,-367.85,75.04,0
1786849328.4171627,L,-0.661484,-2.153056,0.11834,50.61000000000001,-341.32000000000005,51.730000000000004,0
1786849328.4206502,L,-0.49019599999999997,-1.919304,-0.17934,8.89,-296.66,67.55000000000001,0
1786849328.4326937,L,-0.529968,-1.852936,-0.34404,-17.85,-272.51000000000005,79.24000000000001,0
1786849328.4507635,L,-0.604632,-1.839272,-0.64904,-45.43000000000001,-267.19,70.42,0
1786849328.4638486,L,-0.852536,-2.096936,-1.20902,-10.500000000000002,-258.23,48.720000000000006,0
1786849328.4907906,R,-3.1329599999999997,3.148088,-3.625352,424.48,675.9200000000001,-522.9000000000001,0
1786849328.5068932,R,-3.044388,3.711484,-3.0331639999999997,225.75000000000003,784.21,-522.13,0
1786849328.522117,L,-1.097024,-2.288232,-1.754604,14.910000000000002,-178.29000000000002,6.580000000000001,0
1786849328.537987,L,-1.318332,-2.228208,-1.8707479999999999,-12.81,-43.050000000000004,-16.66,0
1786849328.5409868,L,-1.183888,-2.0693639999999998,-1.5493999999999999,-36.260000000000005,63.42000000000001,-51.660000000000004,0
1786849328.5676374,L,-0.786168,-1.89222,-1.013332,-32.970000000000006,102.13000000000001,-100.66000000000001,0
1786849328.5706387,L,-0.28133199999999997,-1.563796,-0.528016,-16.380000000000003,98.77000000000001,-147.98000000000002,0
1786849328.5726388,L,0.117852,-1.212924,-0.16713999999999998,-22.26,99.89000000000001,-151.20000000000002,0
1786849328.5757647,L,0.433344,-1.01138,0.076128,-69.93,127.33000000000001,-117.74000000000001,0
1786849328.5827694,L,0.58682,-0.990152,0.213256,-109.20000000000002,152.11,-79.45,0
1786849328.5979693,L,0.639768,-0.96868,0.220576,-128.03,153.72000000000003,-63.42000000000001,0
1786849328.6120064,L,0.629276,-0.894016,0.20374,-127.96000000000001,133.84,-62.440000000000005,0
1786849328.6289005,L,0.608048,-0.771772,0.163724,-115.57000000000001,94.50000000000001,-61.95,0
1786849328.657053,L,0.557052,-0.69418,0.043676,-111.37,60.690000000000005,-47.32000000000001,0
1786849328.660053,L,0.493856,-0.67832,-0.09394,-116.20000000000002,48.160000000000004,-28.700000000000003,0
1786849328.6879077,L,0.443592,-0.722484,-0.215452,-132.02,61.040000000000006,-14.770000000000001,0
1786849328.6889083,L,0.417728,-0.72712,-0.22936,-144.06,79.80000000000001,-9.590000000000002,0
1786849328.7009335,R,-2.861144,3.797616,-2.04594,15.680000000000001,849.3100000000001,-407.40000000000003,0
1786849328.7029345,L,-0.042943999999999996,-0.32208,-1.376892,-166.11,209.23000000000002,24.220000000000002,0
1786849328.7171113,L,-0.030012,-0.92598,-0.915,-132.65,377.79,70.49000000000001,0
1786849328.7327418,L,0.048312,-1.441552,0.046604,-65.03,204.68,-57.89000000000001,0
1786849328.7479417,L,0.304268,-1.0906799999999999,0.288652,-49.77,129.15,-107.87,0
1786849328.7620015,L,0.433588,-0.665632,0.177388,-93.10000000000001,118.16000000000001,-108.43,0
1786849328.7778876,L,0.580476,-0.524844,0.108092,-120.05000000000001,133.98000000000002,-83.65,0
1786849328.7929454,L,0.6222,-0.5848679999999999,0.10052799999999999,-111.44000000000001,137.9,-51.31,0
1786849328.8076508,L,0.574376,-0.707356,0.042212,-116.48000000000002,152.88000000000002,-29.820000000000004,0
1786849328.8202934,R,-2.602992,3.4408879999999997,-1.094096,-150.01000000000002,821.5200000000001,-271.32000000000005,0
1786849328.8222926,L,0.520208,-0.882548,-0.059292,-141.33,179.48000000000002,-21.28,0
1786849328.8376513,L,0.51362,-0.959652,-0.073688,-149.24,190.96,-34.440000000000005,0
1786849328.8527062,L,0.569252,-0.837164,-0.024156,-142.31,183.26000000000002,-48.160000000000004,0
1786849328.867801,L,0.721996,-0.627568,0.10004,-132.79000000000002,177.17000000000002,-57.82000000000001,0
1786849328.8808107,R,-2.484164,3.2156759999999998,-0.535336,-107.59,715.47,-125.37000000000002,0
1786849328.88281,L,0.83448,-0.498492,0.178364,-126.07000000000001,175.07000000000002,-60.410000000000004,0
1786849328.8980546,L,0.866444,-0.488244,0.16958,-128.66000000000003,174.09,-47.67,0
1786849328.9126127,L,0.788364,-0.64172,0.136152,-137.97000000000003,175.07000000000002,-45.85,0
1786849328.9277892,L,0.686616,-0.79544,0.10760399999999999,-148.96,172.97000000000003,-60.760000000000005,0
1786849328.9559455,R,-2.481236,3.126128,-0.11223999999999999,65.73,558.6,37.730000000000004,0
1786849328.9589458,L,0.656848,-0.793488,0.122976,-160.58,166.53000000000003,-79.66000000000001,0
1786849328.9721403,L,0.68564,-0.667828,0.2562,-163.24,161.42000000000002,-95.62,0
1786849328.9736435,L,0.731268,-0.552904,0.35136,-158.27,157.99,-101.15,0
1786849328.9877799,L,0.701988,-0.552172,0.360632,-161.21,160.72000000000003,-95.13000000000001,0
1786849329.002896,L,0.624152,-0.640012,0.341844,-176.96,164.71,-87.43,0
1786849329.0184307,L,0.533628,-0.7032079999999999,0.30988,-199.57000000000002,165.76000000000002,-85.12,0
1786849329.0301032,R,-2.608848,3.0526839999999997,0.188856,197.68,434.77000000000004,168.07000000000002,0
1786849329.0321043,L,0.480436,-0.752252,0.288652,-225.26000000000002,166.53000000000003,-89.53000000000002,0
1786849329.0487885,L,0.467504,-0.7290719999999999,0.35892399999999997,-231.35000000000002,163.17000000000002,-104.30000000000001,0
1786849329.0608523,R,-2.6717999999999997,3.016572,0.337208,200.62000000000003,380.87000000000006,225.68000000000004,0
1786849329.0628498,L,0.522648,-0.58804,0.46482,-206.22000000000003,153.79000000000002,-124.60000000000001,0
1786849329.0751135,R,-2.5622439999999997,2.680828,0.666608,36.330000000000005,401.87000000000006,229.04000000000002,0
1786849329.0761178,R,-0.17177599999999998,0.298412,1.305644,-36.75,-97.58000000000001,89.04,0
1786849329.0781167,L,0.5626639999999999,-0.388692,0.538508,-193.34000000000003,155.19000000000003,-132.09,0
1786849329.0920024,L,0.5795,-0.298412,0.57218,-207.97000000000003,161.00000000000003,-123.76,0
1786849329.1051066,R,-0.05978,0.303292,1.186084,-39.830000000000005,-116.13000000000001,80.01,0
1786849329.1081102,L,0.501176,-0.323544,0.516304,-217.07000000000002,160.3,-113.12,0
1786849329.1227162,L,0.441152,-0.406016,0.40748,-237.02,168.21,-110.46000000000001,0
1786849329.1389568,L,0.46067199999999997,-0.477996,0.39405999999999997,-247.45000000000002,183.96,-122.78000000000002,0
1786849329.1529677,L,0.518012,-0.412848,0.60878,-218.19000000000003,209.86,-148.05,0
1786849329.182004,L,0.500932,-0.286944,0.8866959999999999,-179.06000000000003,225.82000000000002,-218.96,0
1786849329.1835077,L,0.53192,-0.17324,1.12362,-180.04000000000002,193.34000000000003,-273.84000000000003,0
1786849329.196771,R,0.46604,0.854976,0.259616,-115.85000000000001,-182.91000000000003,-27.020000000000003,0
1786849329.1977708,L,0.540704,0.030012,1.167052,-208.95000000000002,142.24,-287.07000000000005,0
1786849329.2107806,R,0.476288,0.666364,0.139568,-131.60000000000002,-199.15,-52.85000000000001,0
1786849329.2137814,L,0.505568,0.173728,0.991128,-232.82000000000002,113.4,-265.79,0
1786849329.2256587,R,0.606828,0.775432,0.26108,-136.15,-194.95000000000002,-34.230000000000004,0
1786849329.226659,R,0.559248,0.853024,0.14835199999999998,-169.89000000000001,-185.50000000000003,-2.24,0
1786849329.2276587,L,0.408944,0.189832,0.711016,-251.16000000000003,115.57000000000001,-225.33,0
1786849329.240795,R,0.434076,0.814716,-0.18178,-208.60000000000002,-199.01000000000002,10.920000000000002,0
1786849329.2427948,L,0.35892399999999997,0.137372,0.589504,-243.67000000000002,162.19000000000003,-199.92000000000002,0
1786849329.2550364,R,0.42553599999999997,0.757132,-0.12224399999999999,-217.00000000000003,-210.63000000000002,19.46,0
1786849329.2560403,R,0.394304,0.695888,-0.160552,-198.10000000000002,-246.75000000000003,37.38,0
1786849329.2720866,L,0.279624,0.08881599999999999,0.7137,-207.20000000000002,232.47000000000003,-226.59000000000003,0
1786849329.2735925,L,0.185196,0.05002,0.856928,-176.05,256.55,-260.05,0
1786849329.285665,R,0.367952,0.703696,-0.290848,-193.97000000000003,-272.72,38.71,0
1786849329.2866652,R,0.32939999999999997,0.7549359999999999,-0.4758,-215.67000000000002,-286.02000000000004,27.37,0
1786849329.287665,L,0.091256,0.162992,1.0309,-177.10000000000002,234.71000000000004,-274.96000000000004,0
1786849329.3008823,R,-0.179828,0.6039,-1.434232,-262.15000000000003,-358.40000000000003,36.190000000000005,0
1786849329.3018825,R,-0.29304399999999997,0.617564,-1.496208,-258.93,-306.18,31.430000000000003,0
1786849329.3028822,L,0.045384,0.374296,1.172908,-212.73000000000002,181.02,-264.67,0
1786849329.3156583,R,-0.17568,0.647576,-1.345904,-219.24,-292.74,95.97000000000001,0
1786849329.3166583,R,-0.290848,0.42309599999999997,-1.363472,-153.93,-280.28000000000003,157.64000000000001,0
1786849329.3176582,L,0.06588,0.455548,1.0255319999999999,-254.45000000000002,144.9,-222.39000000000001,0
1786849329.3307624,R,-0.40504,0.198128,-1.443992,-160.58,-250.04000000000002,185.57000000000002,0
1786849329.3317623,R,-0.435784,-0.052216,-1.60186,-224.56000000000003,-195.65,129.92000000000002,0
1786849329.3327625,L,-0.001464,0.3416,0.748592,-273.07000000000005,137.9,-172.69000000000003,0
1786849329.3451257,R,-0.36356,-0.081252,-1.587952,-258.79,-130.13000000000002,30.94,0
1786849329.348129,L,-0.070272,0.250588,0.748104,-231.42000000000002,178.50000000000003,-157.50000000000003,0
1786849329.3601465,R,-0.315736,0.003172,-1.497184,-228.62000000000003,-122.29,-25.480000000000004,0
1786849329.3621466,L,-0.141764,0.222772,0.860588,-156.10000000000002,222.60000000000002,-199.01000000000002,0
1786849329.3758032,R,-0.369172,-0.066612,-1.37128,-148.12,-204.61,29.470000000000002,0
1786849329.3778038,L,-0.224724,0.178364,0.930616,-92.89000000000001,228.55,-248.71000000000004,0
1786849329.390822,R,-0.331596,0.08784,-1.237812,-91.77000000000001,-315.63000000000005,105.28000000000002,0
1786849329.3918219,R,-0.399184,0.082472,-1.431792,-69.72000000000001,-374.29,158.20000000000002,0
1786849329.392821,L,-0.339404,0.21520799999999998,0.96624,-55.720000000000006,219.59000000000003,-292.95000000000005,0
1786849329.406063,R,-0.404308,0.074908,-1.584536,-105.91000000000001,-351.05,151.62,0
1786849329.406063,R,-0.41626399999999997,-0.00732,-1.74948,-151.13000000000002,-252.63000000000002,99.12,0
1786849329.408064,L,-0.404796,0.453596,1.102636,-38.57,173.46,-307.37,0
1786849329.4207304,R,-0.440176,0.006588,-1.7228839999999999,-162.68,-157.85000000000002,61.60000000000001,0
1786849329.4227297,L,-0.46311199999999997,0.593164,1.02846,-34.02,119.77000000000001,-289.45000000000005,0
1786849329.4359639,R,-0.41748399999999997,0.109556,-1.589904,-156.03,-133.07000000000002,62.510000000000005,0
1786849329.4379666,L,-0.556076,0.634644,0.928908,-1.9600000000000002,93.87,-275.73,0
1786849329.4504337,R,-0.370148,0.201788,-1.396656,-140.63000000000002,-173.25000000000003,76.65,0
1786849329.4524283,L,-0.64172,0.686616,0.987468,47.39000000000001,113.89000000000001,-300.65000000000003,0
1786849329.4657965,R,-0.475068,0.174948,-1.44936,-98.42000000000002,-243.95000000000002,94.71000000000001,0
1786849329.4677958,L,-0.633668,0.801296,1.208288,85.75000000000001,178.71,-359.94000000000005,0
1786849329.4808452,R,-0.45139999999999997,-0.008052,-2.02276,-9.31,-436.24000000000007,161.77,0
1786849329.4828458,L,-0.659044,1.022604,1.494744,59.150000000000006,229.32000000000002,-406.28000000000003,0
1786849329.495873,R,-0.4148,0.12688,-2.037888,-15.820000000000002,-448.00000000000006,180.88000000000002,0
1786849329.497873,L,-0.647088,1.409344,1.835856,7.07,215.81000000000003,-384.93000000000006,0
1786849329.5100918,R,-0.30012,-0.009028,-2.176968,-62.510000000000005,-376.74,149.94000000000003,0
1786849329.5120924,L,-0.525576,1.52744,1.725812,-36.400000000000006,151.27,-307.72,0
1786849329.525764,R,-0.34038,-0.086132,-2.058628,-83.79,-305.13000000000005,117.32000000000001,0
1786849329.5277653,L,-0.429928,1.295884,1.383236,-30.520000000000003,114.66000000000001,-231.56000000000003,0
1786849329.541016,R,-0.3843,-0.03782,-1.822924,-88.69000000000001,-278.25,91.35000000000001,0
1786849329.543519,L,-0.497272,1.110444,1.105564,-2.9400000000000004,109.97000000000001,-207.48000000000002,0
1786849329.5551019,R,-0.40504,0.028059999999999998,-1.715808,-74.55000000000001,-304.71000000000004,98.00000000000001,0
1786849329.5571058,L,-0.537776,1.008208,0.962092,16.310000000000002,110.67000000000002,-223.79000000000002,0
1786849329.5702376,R,-0.405528,-0.00244,-1.767536,-31.360000000000003,-362.88000000000005,137.27,0
1786849329.572238,L,-0.534116,0.965996,0.8866959999999999,30.1,114.80000000000001,-251.93000000000004,0
1786849329.5859413,R,-0.44090799999999997,-0.049776,-1.907104,-29.19,-387.17,153.86,0
1786849329.5879412,L,-0.524112,1.02968,1.019432,11.48,140.84,-264.39000000000004,0
1786849329.6000595,R,-0.21862399999999999,-0.1708,-1.936872,-18.130000000000003,-338.17,122.71000000000001,0
1786849329.6020598,L,-0.4453,1.2566,1.418372,-33.25,168.56,-237.51000000000002,0
1786849329.6159625,R,-0.310368,-0.223504,-2.207956,-21.14,-251.09000000000003,94.85000000000001,0
1786849329.6179626,L,-0.331352,1.416908,1.631872,-81.48,152.11,-171.29000000000002,0
1786849329.6309493,R,-0.264008,-0.125416,-2.1532999999999998,-38.64,-209.93,82.39000000000001,0
1786849329.6329472,L,-0.33183999999999997,1.296128,1.501576,-87.92,120.96000000000001,-102.83000000000001,0
1786849329.6467364,R,-0.241316,-0.006588,-2.015684,-8.96,-201.18,83.16000000000001,0
1786849329.6477363,L,-0.387716,1.12362,1.375916,-77.21000000000001,103.39000000000001,-73.64,0
1786849329.660287,R,-0.250832,-0.011467999999999999,-1.964932,43.82000000000001,-219.94000000000003,97.72000000000001,0
1786849329.6622877,L,-0.375272,0.933788,1.326384,-57.82000000000001,91.77000000000001,-77.77000000000001,0
1786849329.6759045,R,-0.17324,-0.044652,-1.91418,77.35000000000001,-232.47000000000003,107.24000000000001,0
1786849329.6779041,L,-0.351848,0.87596,1.38348,-40.32000000000001,69.30000000000001,-80.01,0
1786849329.690916,R,-0.156648,-0.16226,-1.815848,100.52000000000001,-221.76000000000002,119.91000000000001,0
1786849329.6929176,L,-0.349164,0.831064,1.4088559999999999,-29.400000000000002,57.89000000000001,-69.93,0
1786849329.7050655,R,-0.102236,-0.120048,-1.758508,95.62,-201.81000000000003,127.61000000000001,0
1786849329.7070692,L,-0.343796,0.732244,1.3815279999999999,-29.820000000000004,45.50000000000001,-59.85000000000001,0
1786849329.7201555,R,-0.113704,-0.2196,-1.647732,78.47000000000001,-163.59,125.58000000000001,0
1786849329.7221556,L,-0.319884,0.6390359999999999,1.27246,-28.840000000000003,30.240000000000002,-62.370000000000005,0
1786849329.7358525,R,-0.01342,-0.145668,-1.507676,70.7,-133.21,112.70000000000002,0
1786849329.7378516,L,-0.29524,0.625128,1.209752,-30.17,27.160000000000004,-71.82000000000001,0
1786849329.7508965,R,0.099796,-0.267668,-1.550132,89.60000000000001,-116.34000000000002,99.89000000000001,0
1786849329.752897,L,-0.26596,0.644892,1.152412,-25.970000000000002,15.47,-77.28,0
1786849329.7670965,L,-0.228628,0.654896,1.096048,-13.23,-3.3600000000000003,-80.01,0
1786849329.7806582,R,0.091256,-0.140544,-1.396168,72.31,-97.72000000000001,89.60000000000001,0
1786849329.781659,R,0.17055599999999999,-0.203984,-1.397388,42.56,-34.09,52.92,0
1786849329.7826593,L,-0.223748,0.69174,1.061156,0.7000000000000001,-27.51,-76.86000000000001,0
1786849329.7950528,R,0.259372,-0.128588,-1.424472,12.950000000000001,17.430000000000003,24.150000000000002,0
1786849329.7970574,L,-0.150548,0.699792,1.030168,14.000000000000002,-48.580000000000005,-66.01,0
1786849329.8101087,R,0.263764,-0.149816,-1.412272,-41.370000000000005,66.92,-0.9800000000000001,0
1786849329.8121088,L,-0.101016,0.659532,0.931592,31.290000000000003,-61.81000000000001,-64.4,0
1786849329.8258095,R,0.28377199999999997,-0.125172,-1.35542,-153.86,102.13000000000001,-52.290000000000006,0
1786849329.827808,L,-0.098088,0.61976,0.83326,44.800000000000004,-64.54,-70.91000000000001,0
1786849329.8408275,R,0.266204,0.1403,-1.164612,-235.76000000000002,138.11,-89.95,0
1786849329.8428295,L,-0.085156,0.5856,0.776164,59.64000000000001,-69.37,-83.16000000000001,0
1786849329.8557947,R,0.394304,0.288408,-1.120936,-82.53,151.48000000000002,-59.92000000000001,0
1786849329.8708308,R,0.375272,0.166408,-1.071648,-40.74,135.52,-25.410000000000004,0
1786849329.8728304,L,-0.093208,0.590236,0.7659159999999999,68.39,-80.64000000000001,-96.53000000000002,0
1786849329.8738315,L,-0.093452,0.59414,0.750544,76.44000000000001,-87.50000000000001,-98.77000000000001,0
1786849329.8851182,R,0.276208,0.035868,-0.9201239999999999,-2.9400000000000004,98.21000000000001,-7.630000000000001,0
1786849329.8881226,L,-0.091256,0.598776,0.716872,90.02000000000001,-98.91000000000001,-97.16000000000001,0
1786849329.9007447,R,0.194224,0.049776,-0.895968,23.03,103.74000000000001,-20.860000000000003,0
1786849329.9027443,L,-0.107848,0.57096,0.69174,92.68,-102.69000000000001,-89.11000000000001,0
1786849329.915169,R,0.199104,0.024156,-0.884988,27.720000000000002,95.13000000000001,-58.03000000000001,0
1786849329.917174,L,-0.10638399999999999,0.529968,0.698328,80.71000000000001,-99.89000000000001,-80.64000000000001,0
1786849329.9308014,R,0.248148,0.110776,-1.029924,15.190000000000001,79.73,-72.66000000000001,0
1786849329.9328003,L,-0.131516,0.482144,0.691252,66.71000000000001,-106.05000000000001,-71.75,0
1786849329.946898,R,0.101016,0.043188,-1.253916,20.790000000000003,68.88000000000001,-96.67000000000002,0
1786849329.9478981,L,-0.18178,0.49532,0.624396,50.96000000000001,-93.94000000000001,-61.88,0
1786849329.9609506,R,0.098576,0.138836,-1.201944,-16.03,118.86000000000001,-86.31,0
1786849329.96295,L,-0.208864,0.445056,0.611464,38.92,-68.88000000000001,-59.290000000000006,0
1786849329.9760785,R,0.056608,0.17055599999999999,-1.256844,-54.32000000000001,136.99,-89.88000000000001,0
1786849329.978078,L,-0.217404,0.382592,0.62708,42.910000000000004,-49.14000000000001,-61.81000000000001,0
1786849329.9916644,R,0.009271999999999999,0.164944,-1.215608,-76.93,141.96,-83.79,0
1786849329.9926643,L,-0.25986,0.358192,0.6283,64.54,-45.290000000000006,-69.93,0
1786849330.0078502,L,-0.288408,0.375272,0.613904,80.99000000000001,-39.27,-85.12,0
1786849330.0204713,R,-0.049044,0.186416,-1.077016,-91.98,152.67000000000002,-93.38000000000001,0
1786849330.022471,L,-0.30866,0.39772,0.62708,98.7,-28.630000000000003,-93.17000000000002,0
1786849330.0356596,R,-0.117608,0.26108,-0.9618479999999999,-107.45000000000002,147.49,-93.31,0
1786849330.0366592,R,-0.134688,0.32574,-0.773236,-111.86000000000001,121.52000000000001,-85.26,0
1786849330.03766,L,-0.330132,0.412848,0.637328,105.35000000000001,-34.86000000000001,-96.18,0
1786849330.0508063,R,-0.17812,0.274988,-0.6648999999999999,-103.53000000000002,81.2,-74.34,0
1786849330.052805,L,-0.388936,0.442372,0.630984,111.93,-34.230000000000004,-97.30000000000001,0
1786849330.065872,R,-0.185196,0.26961999999999997,-0.59292,-99.12,45.85,-81.76,0
1786849330.0800326,R,-0.187636,0.277428,-0.532408,-72.94000000000001,15.190000000000001,-90.02000000000001,0
1786849330.082032,L,-0.457256,0.514108,0.625372,118.79,-26.740000000000002,-102.41000000000001,0
1786849330.0835354,L,-0.532408,0.5946279999999999,0.576328,116.48000000000002,-20.51,-105.77000000000001,0
1786849330.0956342,R,-0.228384,0.316712,-0.482144,-55.580000000000005,-16.73,-98.7,0
1786849330.0976353,L,-0.619028,0.657824,0.580476,120.26,-0.28,-100.10000000000001,0
1786849330.1107597,R,-0.293288,0.42675599999999997,-0.47726399999999997,-48.09,-52.220000000000006,-94.01,0
1786849330.1127589,L,-0.670512,0.7290719999999999,0.628544,136.57000000000002,29.120000000000005,-90.51,0
1786849330.1259692,R,-0.363804,0.512156,-0.504592,-41.510000000000005,-78.68,-78.68,0
1786849330.1279714,L,-0.700036,0.780068,0.782508,154.28,56.07000000000001,-79.10000000000001,0
1786849330.1403613,R,-0.39527999999999996,0.52826,-0.584136,-35.28,-100.17000000000002,-54.53000000000001,0
1786849330.1423602,L,-0.7178479999999999,0.843508,0.954772,167.65,67.83000000000001,-67.55000000000001,0
1786849330.1550589,R,-0.48092399999999996,0.567788,-0.644892,-24.71,-119.35000000000001,-22.330000000000002,0
1786849330.1580632,L,-0.663924,0.862784,1.157536,163.8,68.18,-46.06,0
1786849330.170154,R,-0.564128,0.622688,-0.709796,-8.120000000000001,-133.77,6.580000000000001,0
1786849330.1721494,L,-0.6527,0.899872,1.333948,133.98000000000002,60.550000000000004,-7.280000000000001,0
1786849330.1859617,R,-0.65026,0.669292,-0.849608,10.15,-137.20000000000002,34.650000000000006,0
1786849330.200093,R,-0.649284,0.631228,-1.126792,32.13,-131.81,61.88,0
1786849330.2020943,L,-0.61732,0.832772,1.46034,63.910000000000004,36.61000000000001,44.730000000000004,0
1786849330.2035975,L,-0.6082919999999999,0.766404,1.288076,-46.760000000000005,4.48,98.00000000000001,0
1786849330.21567,R,-0.606828,0.544364,-1.391288,53.480000000000004,-129.64000000000001,96.60000000000001,0
1786849330.2176695,L,-0.528016,0.638304,1.527196,-70.7,-5.6000000000000005,142.45000000000002,0
1786849330.2311878,R,-0.571448,0.456768,-1.647,63.980000000000004,-115.85000000000001,136.22,0
1786849330.232187,L,-0.5638839999999999,0.609024,1.313452,-144.55,0.7000000000000001,164.71,0
1786849330.2450576,R,-0.581452,0.3965,-1.762168,67.13000000000001,-69.44000000000001,153.51000000000002,0
1786849330.2470605,L,-0.649772,0.52826,1.225368,-187.81000000000003,-34.720000000000006,167.09,0
1786849330.2610967,R,-0.6082919999999999,0.300852,-1.761924,84.21000000000001,-2.31,154.00000000000003,0
1786849330.2620974,L,-0.71004,0.532164,1.138504,-197.12,-84.28,153.86,0
1786849330.2757714,R,-0.648308,0.24156,-1.61772,106.54,61.60000000000001,143.43,0
1786849330.27777,L,-0.7905599999999999,0.579256,1.045784,-176.33,-130.9,127.19000000000001,0
1786849330.2907891,R,-0.723704,0.244244,-1.380552,125.02000000000001,115.01,105.98,0
1786849330.2927897,L,-0.837652,0.643428,0.9335439999999999,-146.16000000000003,-171.64000000000001,94.64000000000001,0
1786849330.3051827,R,-0.786168,0.296948,-1.1807159999999999,146.58,137.69000000000003,53.2,0
1786849330.3071861,L,-0.89182,0.7076,0.83326,-116.13000000000001,-208.95000000000002,63.63,0
1786849330.3202393,R,-0.735416,0.40504,-1.0309,148.61,147.14000000000001,10.71,0
1786849330.3237429,L,-0.9189039999999999,0.749812,0.685152,-89.18,-231.63000000000002,39.760000000000005,0
1786849330.335979,R,-0.685396,0.43163599999999996,-0.9137799999999999,153.16000000000003,149.45000000000002,-4.970000000000001,0
1786849330.3379788,L,-0.9040199999999999,0.785924,0.546072,-69.93,-231.07000000000002,19.46,0
1786849330.3509955,R,-0.63806,0.441152,-0.759084,157.85000000000002,140.0,1.12,0
1786849330.352996,L,-0.837652,0.743468,0.40333199999999997,-54.53000000000001,-214.55,19.67,0
1786849330.3651223,R,-0.568032,0.401624,-0.618296,152.60000000000002,115.43,10.780000000000001,0
1786849330.381671,R,-0.503616,0.334768,-0.498004,136.22,84.63000000000001,12.040000000000001,0
1786849330.3836715,L,-0.828136,0.670268,0.227652,-50.61000000000001,-182.00000000000003,16.59,0
1786849330.3978527,L,-0.704672,0.554124,0.1098,-38.92,-136.85000000000002,11.270000000000001,0
1786849330.4109223,R,-0.435784,0.25668799999999997,-0.4209,105.56000000000002,63.35000000000001,-0.42000000000000004,0
1786849330.430349,L,-0.58194,0.474336,0.027084,-17.150000000000002,-93.52000000000001,-0.28,0
1786849330.4313512,L,-0.545828,0.382104,-0.033916,-8.120000000000001,-56.980000000000004,-5.390000000000001,0
1786849330.4323497,L,-0.446032,0.327936,-0.020496,-2.5200000000000005,-22.820000000000004,-5.53,0
1786849330.44004,R,-0.36356,0.208864,-0.382104,70.42,56.84,-21.910000000000004,0
1786849330.4420402,L,-0.359656,0.289872,0.001464,-10.71,10.64,0.56,0
1786849330.4556665,R,-0.331352,0.221308,-0.377712,39.620000000000005,57.96000000000001,-43.82000000000001,0
1786849330.4566674,R,-0.300852,0.265228,-0.39527999999999996,14.63,55.510000000000005,-66.5,0
1786849330.4576664,L,-0.31354,0.265472,0.022692,-28.42,44.59,7.700000000000001,0
1786849330.4728074,L,-0.2928,0.226188,0.049288,-51.24,84.28,10.71,0
1786849330.4851546,R,-0.240584,0.295972,-0.414556,3.5700000000000003,54.040000000000006,-77.84,0
1786849330.4881587,L,-0.273768,0.225212,0.252784,-60.2,112.00000000000001,23.380000000000003,0
1786849330.5007713,R,-0.223748,0.30866,-0.414312,10.500000000000002,44.730000000000004,-77.28,0
1786849330.5017717,R,-0.194468,0.347456,-0.422852,19.810000000000002,20.580000000000002,-61.18000000000001,0
1786849330.5027716,L,-0.214476,0.228384,0.664168,-13.160000000000002,81.69000000000001,29.680000000000003,0
1786849330.5150359,R,-0.195688,0.385276,-0.468968,19.67,-6.16,-37.38,0
1786849330.51604,R,-0.152012,0.363316,-0.551196,-9.24,0.35000000000000003,-24.150000000000002,0
1786849330.5205448,L,-0.090524,0.199104,0.85034,13.23,16.310000000000002,-15.96,0
1786849330.5320797,L,-0.03904,0.329156,0.8313079999999999,57.61000000000001,38.010000000000005,-77.63000000000001,0
1786849330.5458171,R,-0.1586,0.38917999999999997,-0.523624,-30.870000000000005,-5.880000000000001,-43.75000000000001,0
1786849330.546817,R,-0.175192,0.384544,-0.64294,-44.800000000000004,-34.720000000000006,-71.82000000000001,0
1786849330.5478172,L,0.052948,0.369904,0.972828,80.85000000000001,85.54,-88.48,0
1786849330.5608945,R,-0.207156,0.434564,-0.8510719999999999,-34.160000000000004,-21.630000000000003,-84.63000000000001,0
1786849330.5628943,L,0.08052,0.42553599999999997,1.256844,67.97000000000001,97.72000000000001,-51.1,0
1786849330.5780854,L,0.11468,0.445056,1.320528,12.46,87.85000000000001,4.9,0
1786849330.5906677,R,-0.160796,0.52094,-0.8252079999999999,-12.250000000000002,-3.43,-79.17,0
1786849330.5916674,R,-0.20569199999999999,0.60512,-0.80032,34.370000000000005,-35.910000000000004,-40.39,0
1786849330.5926673,L,0.16469999999999999,0.384056,1.272948,-40.95,102.34,47.46000000000001,0
1786849330.6051219,R,-0.170312,0.617564,-0.946964,30.94,-57.470000000000006,-7.490000000000001,0
1786849330.6081247,L,0.183732,0.290848,1.256844,-59.99000000000001,112.28000000000002,75.04,0
1786849330.6208937,R,-0.14518,0.567788,-0.877912,43.61000000000001,-17.78,17.78,0
1786849330.622893,L,0.158112,0.282308,1.2634319999999999,-70.56,98.91000000000001,87.01,0
1786849330.635987,R,-0.166896,0.49141599999999996,-1.004304,-14.21,-12.950000000000001,4.760000000000001,0
1786849330.6379886,L,0.127856,0.248392,1.189744,-88.76,88.97000000000001,99.75000000000001,0
1786849330.6510007,R,-0.028304,0.527528,-0.967704,-38.99,-6.65,-16.520000000000003,0
1786849330.6530013,L,0.1403,0.067832,1.114836,-106.61000000000001,93.94000000000001,105.28000000000002,0
1786849330.6660726,R,-0.07442,0.617076,-1.027728,-69.65,25.060000000000002,-14.14,0
1786849330.6680727,L,0.103944,-0.022203999999999998,1.12362,-124.11000000000001,97.58000000000001,84.00000000000001,0
1786849330.680178,R,-0.028548,0.614636,-1.125572,-81.76,58.31,-21.840000000000003,0
1786849330.6821754,L,0.076128,0.022935999999999998,1.086044,-139.79000000000002,93.59,61.60000000000001,0
1786849330.6959865,R,-0.169336,0.704184,-1.117764,-27.44,110.60000000000001,-87.22000000000001,0
1786849330.6979878,L,0.108336,0.050752,1.0918999999999999,-123.06000000000002,107.03000000000002,49.49,0
1786849330.7120612,L,0.059292,0.057583999999999996,1.073112,-105.35000000000001,96.95,51.800000000000004,0
1786849330.7256289,R,-0.151524,0.7093079999999999,-1.147288,-1.8200000000000003,95.97000000000001,-70.91000000000001,0
1786849330.7266293,R,0.058316,0.745908,-1.097024,-16.03,36.61000000000001,-35.14,0
1786849330.7276287,L,0.076616,0.024399999999999998,1.155828,-111.51,97.72000000000001,51.940000000000005,0
1786849330.740388,R,0.039284,0.68076,-1.015772,-1.2600000000000002,20.23,-18.55,0
1786849330.7423885,L,0.1281,-0.040015999999999996,1.218536,-67.27000000000001,59.150000000000006,36.400000000000006,0
1786849330.7559602,R,0.11516799999999999,0.675636,-0.912316,10.010000000000002,48.02,-13.510000000000002,0
1786849330.7579598,L,-0.005124,-0.07124799999999999,1.22488,-19.46,17.5,9.8,0
1786849330.7701097,R,0.077592,0.638548,-0.9125599999999999,-2.45,63.14000000000001,3.43,0
1786849330.7721095,L,0.05368,-0.018056,1.359812,30.94,2.31,-0.6300000000000001,0
1786849330.7857797,R,0.084668,0.60268,-1.0760399999999999,-37.17,53.900000000000006,-4.0600000000000005,0
1786849330.787778,L,0.016836,0.030987999999999998,1.15778,27.230000000000004,-2.3800000000000003,-4.550000000000001,0
1786849330.800824,R,0.134688,0.628788,-1.104588,-64.33000000000001,57.260000000000005,-15.750000000000002,0
1786849330.802821,L,0.081984,0.109068,1.253184,25.970000000000002,13.160000000000002,3.7800000000000002,0
1786849330.8159728,R,0.095404,0.67954,-0.965264,-48.650000000000006,55.93000000000001,-16.380000000000003,0
1786849330.8179731,L,0.040992,0.075152,1.292224,30.870000000000005,14.21,7.420000000000001,0
1786849330.8321614,L,0.008296,0.066612,1.26392,11.620000000000001,6.44,1.12,0
1786849330.8450334,R,-0.026352,0.73078,-0.970388,-0.28,45.85,-7.490000000000001,0
1786849330.8460402,R,0.210084,0.656116,-0.928908,43.050000000000004,35.21,6.090000000000001,0
1786849330.8480365,L,0.027084,-0.005856,1.267336,-7.840000000000001,-2.5900000000000003,-17.85,0
1786849330.8610797,R,0.292312,0.589504,-0.92232,34.93000000000001,-5.390000000000001,29.120000000000005,0
1786849330.8620813,L,0.0026839999999999998,0.024644,1.2312239999999999,-12.46,-15.47,-36.260000000000005,0
1786849330.8777282,L,-0.035623999999999996,0.072224,1.173884,-16.17,-23.1,-46.2,0
1786849330.8907454,R,0.182024,0.499712,-0.9577,29.050000000000004,-32.900000000000006,42.07000000000001,0
1786849330.891748,R,0.101992,0.430904,-0.895724,23.730000000000004,-38.220000000000006,29.470000000000002,0
1786849330.8937454,L,-0.06588,0.105408,1.0943399999999999,-13.790000000000001,-24.01,-41.93000000000001,0
1786849330.9059854,R,0.060024,0.448716,-0.923052,14.14,-16.73,1.33,0
1786849330.907985,L,-0.121756,0.121268,1.06384,-8.120000000000001,-21.07,-27.860000000000003,0
1786849330.9215667,R,0.035868,0.47604399999999997,-0.8744959999999999,26.250000000000004,-21.770000000000003,-21.28,0
1786849330.9225676,L,-0.132004,0.099796,1.040416,-3.22,-18.41,-13.72,0
1786849330.9359143,R,0.018543999999999998,0.48897599999999997,-0.897676,46.550000000000004,-65.87,-34.370000000000005,0
1786849330.9379134,L,-0.21106,0.023667999999999998,0.999424,2.1,-12.39,-12.250000000000002,0
1786849330.9509969,R,0.000732,0.468724,-0.932812,55.300000000000004,-106.96000000000001,-10.430000000000001,0
1786849330.9529994,L,-0.297192,-0.058316,1.006012,5.880000000000001,-8.540000000000001,-26.67,0
1786849330.9656715,R,0.11834,0.416508,-1.086044,-32.550000000000004,-78.75000000000001,20.930000000000003,0
1786849330.9676716,L,-0.28792,-0.10126,1.018944,14.63,-10.780000000000001,-70.7,0
1786849330.980811,R,0.0046359999999999995,0.375028,-1.022848,-47.25000000000001,-15.47,22.26,0
1786849330.9828126,L,-0.241072,-0.109556,0.995764,21.630000000000003,-13.930000000000001,-103.39000000000001,0
1786849330.995868,R,-0.050263999999999996,0.32256799999999997,-0.9137799999999999,-38.57,-9.73,8.260000000000002,0
1786849330.9978676,L,-0.219112,-0.049532,0.936472,28.560000000000002,-20.44,-115.36000000000001,0
1786849331.010922,R,-0.098576,0.400648,-0.8596119999999999,-64.26,-25.970000000000002,-8.120000000000001,0
1786849331.0129225,L,-0.219356,-0.018056,0.893528,32.06,-16.1,-108.22000000000001,0
1786849331.0257075,R,-0.011712,0.41382399999999997,-0.869616,-39.27,-24.290000000000003,5.040000000000001,0
1786849331.0277073,L,-0.20691199999999998,0.009516,0.859856,46.06,-15.890000000000002,-99.47000000000001,0
1786849331.0409877,R,-0.00488,0.348676,-0.918416,-50.330000000000005,-39.550000000000004,12.670000000000002,0
1786849331.0429883,L,-0.207156,0.053924,0.893528,52.36000000000001,-18.130000000000003,-99.19000000000001,0
1786849331.0556722,R,-0.009028,0.44408,-0.829112,-39.34,-50.540000000000006,5.180000000000001,0
1786849331.0586715,L,-0.166164,0.111508,0.976,52.010000000000005,-18.62,-98.35000000000001,0
1786849331.070966,R,-0.01464,0.44456799999999996,-0.761524,-21.560000000000002,-22.540000000000003,4.970000000000001,0
1786849331.0729654,L,-0.12566,0.162992,1.01504,46.550000000000004,-20.090000000000003,-90.16000000000001,0
1786849331.085712,R,-0.053924,0.46067199999999997,-0.776164,-20.37,20.860000000000003,9.8,0
1786849331.0877123,L,-0.076372,0.22569999999999998,1.05896,31.640000000000004,-24.92,-84.7,0
1786849331.1007822,R,-0.018543999999999998,0.514352,-0.800076,-2.7300000000000004,33.67,-3.08,0
1786849331.1027813,L,-0.047092,0.28182,1.067256,12.950000000000001,-26.6,-91.00000000000001,0
1786849331.115881,R,-0.044896,0.514108,-0.816668,19.950000000000003,28.35,-23.450000000000003,0
1786849331.1178796,L,-0.0366,0.336476,1.0833599999999999,-0.77,-29.400000000000002,-94.64000000000001,0
1786849331.130942,R,0.01464,0.48897599999999997,-0.853268,31.92,12.32,-18.62,0
1786849331.1329412,L,0.036356,0.424072,1.17852,-6.370000000000001,-42.84,-91.35000000000001,0
1786849331.145783,R,0.08174,0.562176,-0.9423279999999999,34.300000000000004,-18.900000000000002,13.580000000000002,0
1786849331.1618042,R,0.060024,0.5712039999999999,-1.057496,43.75000000000001,-34.580000000000005,37.31,0
1786849331.1628048,L,0.0427,0.541436,1.264896,-22.750000000000004,-58.38,-75.25000000000001,0
1786849331.1638048,L,0.055144,0.515572,1.35542,-42.77,-76.86000000000001,-40.040000000000006,0
1786849331.1759892,R,0.089548,0.578524,-1.174372,46.760000000000005,-16.59,54.32000000000001,0
1786849331.1789894,L,0.053436,0.456524,1.349564,-42.35,-87.71000000000001,-7.07,0
1786849331.1900969,R,0.099552,0.5873079999999999,-1.2634319999999999,45.150000000000006,8.33,67.97000000000001,0
1786849331.192097,L,0.050996,0.471408,1.43472,-40.18000000000001,-99.96000000000001,7.3500000000000005,0
1786849331.20596,R,0.139812,0.5712039999999999,-1.404952,46.620000000000005,12.88,97.79,0
1786849331.2079608,L,0.059292,0.528992,1.449604,-48.650000000000006,-110.88000000000001,2.3800000000000003,0
1786849331.2235487,L,0.084424,0.583404,1.506456,-58.52,-123.55000000000001,6.720000000000001,0
1786849331.2356749,R,0.157136,0.493368,-1.574044,43.61000000000001,8.610000000000001,126.77000000000001,0
1786849331.236675,R,0.18934399999999998,0.463356,-1.513776,26.250000000000004,5.180000000000001,120.19000000000001,0
1786849331.2529073,L,0.149084,0.619516,1.46034,-64.68,-147.98000000000002,33.25,0
1786849331.2539072,L,0.082228,0.650992,1.441796,-34.300000000000004,-144.48000000000002,70.7,0
1786849331.2650783,R,0.170068,0.412848,-1.532076,25.130000000000003,69.79,100.31000000000002,0
1786849331.2660823,R,0.146888,0.452864,-1.6552959999999999,28.35,129.85000000000002,100.94000000000001,0
1786849331.2690825,L,0.030255999999999998,0.631472,1.484008,-56.56,-135.59,76.86000000000001,0
1786849331.2821424,L,0.003904,0.5246,1.494256,-39.830000000000005,-149.38000000000002,65.17,0
1786849331.2960982,R,0.216428,0.474336,-1.553792,63.7,151.41000000000003,109.13000000000001,0
1786849331.2960982,R,0.132492,0.445544,-1.500844,81.55000000000001,130.20000000000002,129.43,0
1786849331.299098,L,-0.032208,0.506056,1.39568,-34.580000000000005,-172.76000000000002,50.050000000000004,0
1786849331.310155,R,0.122,0.36697599999999997,-1.494988,-9.100000000000001,93.87,132.65,0
1786849331.3121548,L,-0.066612,0.49898,1.359324,-9.170000000000002,-189.07000000000002,42.14,0
1786849331.327895,L,0.031232,0.517524,1.587464,36.89,-215.11,39.620000000000005,0
1786849331.3419263,R,0.21594,0.279868,-1.30662,-5.670000000000001,118.16000000000001,99.33000000000001,0
1786849331.343926,L,0.146156,0.527772,1.6243079999999999,83.86000000000001,-252.63000000000002,48.300000000000004,0
1786849331.3580682,L,0.111996,0.475312,1.45912,95.41000000000001,-257.04,63.21000000000001,0
1786849331.370105,R,0.20569199999999999,0.134444,-1.259284,-11.620000000000001,183.4,82.25000000000001,0
1786849331.3721051,L,0.068076,0.419436,1.290516,69.86000000000001,-241.29000000000002,68.46000000000001,0
1786849331.3859694,R,0.189832,0.183,-1.337364,-13.020000000000001,200.20000000000002,76.16000000000001,0
1786849331.3869698,R,0.186172,0.23302,-1.338096,-1.8200000000000003,177.8,78.26,0
1786849331.3879697,L,0.066124,0.354532,1.148508,39.760000000000005,-232.96000000000004,66.85000000000001,0
1786849331.402035,L,0.111752,0.28792,1.127036,45.50000000000001,-238.35000000000002,47.88,0
1786849331.4151227,R,0.248636,0.248636,-1.215608,20.160000000000004,170.87,89.95,0
1786849331.4161277,R,0.25132,0.155916,-1.173152,33.18,199.57000000000002,110.53000000000002,0
1786849331.4191294,L,0.145912,0.285236,1.086288,81.9,-255.08,8.190000000000001,0
1786849331.430062,R,0.205936,0.040015999999999996,-1.090192,22.19,205.38000000000002,116.27000000000001,0
1786849331.4310634,R,0.194712,-0.16226,-1.136796,13.860000000000001,187.81000000000003,106.19000000000001,0
1786849331.43357,L,0.196176,0.333548,1.0316319999999999,109.69000000000001,-263.62,-21.000000000000004,0
1786849331.4458966,R,0.187392,-0.268156,-1.119716,17.92,189.28000000000003,72.87,0
1786849331.4609115,R,0.221796,-0.251808,-1.042368,15.540000000000001,189.84000000000003,29.540000000000003,0
1786849331.462913,L,0.194956,0.366488,0.88816,118.65,-245.63000000000002,-20.23,0
1786849331.4639122,L,0.17885199999999998,0.40577199999999997,0.82594,96.39000000000001,-216.16000000000003,-0.42000000000000004,0
1786849331.475132,R,0.232288,-0.18178,-0.92964,0.49000000000000005,194.88000000000002,3.9200000000000004,0
1786849331.479135,L,0.16836,0.326472,0.72712,68.60000000000001,-201.25000000000003,13.020000000000001,0
1786849331.4907613,R,0.255224,-0.078324,-0.801052,-17.57,198.17000000000002,-8.47,0
1786849331.4927633,L,0.170312,0.24278,0.552172,51.24,-174.16000000000003,21.21,0
1786849331.5058913,R,0.292556,-0.005856,-0.669048,-25.900000000000002,199.64000000000001,-2.5900000000000003,0
1786849331.5078905,L,0.121512,0.254492,0.493124,36.540000000000006,-146.23000000000002,19.46,0
1786849331.52145,R,0.275964,0.036112,-0.503616,-17.150000000000002,187.95000000000002,6.65,0
1786849331.5224514,L,-0.0305,0.273036,0.327448,41.790000000000006,-127.05000000000001,15.05,0
1786849331.5350482,R,0.239364,0.063684,-0.19763999999999998,-0.9800000000000001,165.97000000000003,11.06,0
1786849331.5380516,L,-0.089548,0.280356,0.073688,45.36000000000001,-115.99000000000001,16.1,0
1786849331.5500968,R,0.198616,0.016104,0.10126,3.7100000000000004,145.04000000000002,4.550000000000001,0
1786849331.5520966,L,-0.08881599999999999,0.241316,-0.15128,66.71000000000001,-88.13000000000001,29.050000000000004,0
1786849331.567782,L,-0.186904,0.2074,-0.332328,79.38000000000001,-41.370000000000005,34.370000000000005,0
1786849331.58006,R,0.193492,-0.006588,0.35404399999999997,-8.89,118.02000000000001,3.3600000000000003,0
1786849331.5810623,R,0.160796,-0.034404,0.484828,-15.05,64.33000000000001,3.8500000000000005,0
1786849331.5958655,R,0.192272,0.0017079999999999999,0.572668,-33.25,28.980000000000004,-8.33,0
1786849331.5978637,L,-0.05246,0.126636,-0.2318,44.45,27.720000000000002,25.970000000000002,0
1786849331.5988643,L,-0.145912,0.16104,-0.01586,13.3,80.85000000000001,30.380000000000003,0
1786849331.6110106,R,0.11468,0.040748,0.575596,-76.16000000000001,1.4700000000000002,-42.21,0
1786849331.6140122,L,-0.38795999999999997,0.185196,-0.042943999999999996,-23.520000000000003,122.43,72.38000000000001,0
1786849331.6261685,R,0.016592,0.152256,0.45139999999999997,-138.95000000000002,-42.42,-68.60000000000001,0
1786849331.6281674,L,-0.450424,0.193248,0.075152,-49.14000000000001,189.35000000000002,87.08000000000001,0
1786849331.64081,R,-0.11638799999999999,0.3355,0.061975999999999996,-198.24,-117.53000000000002,-81.27000000000001,0
1786849331.64281,L,-0.4758,0.2928,0.475556,-30.1,247.38000000000002,53.27,0
1786849331.6560237,R,-0.20349599999999998,0.410652,-0.264252,-210.56000000000003,-154.84,-76.93,0
1786849331.6580245,L,-0.416996,0.408456,0.875228,1.4000000000000001,287.21000000000004,23.310000000000002,0
1786849331.6730425,L,-0.31890799999999997,0.540216,1.3322399999999999,-6.86,309.61,37.1,0
1786849331.6852698,R,-0.240828,0.493124,-0.656604,-186.76000000000002,-193.83,-61.32000000000001,0
1786849331.688273,L,-0.09516,0.62708,1.826584,-35.84,258.72,79.45,0
1786849331.7018197,R,-0.14249599999999998,0.602436,-1.287344,-98.28000000000002,-229.11,-10.080000000000002,0
1786849331.7038202,L,0.533628,0.502884,2.185752,-23.03,181.58,89.46000000000001,0
1786849331.7180536,L,1.03822,0.285724,2.41682,24.150000000000002,82.18,24.080000000000002,0
1786849331.7301128,R,0.145912,0.65148,-1.9090559999999999,-8.47,-217.00000000000003,67.34,0
1786849331.7311125,R,0.46482,0.491904,-2.256024,26.040000000000003,-160.37,126.84000000000002,0
1786849331.7456582,R,0.506788,0.240096,-2.295552,28.630000000000003,-65.31,142.59,0
1786849331.747659,L,0.9189039999999999,0.261324,2.4368279999999998,49.7,-41.160000000000004,-2.45,0
1786849331.7486591,L,0.68198,0.228628,1.99836,41.160000000000004,-117.81000000000002,29.750000000000004,0
1786849331.7607093,R,0.44286,0.061975999999999996,-2.003484,60.620000000000005,18.060000000000002,130.06,0
1786849331.7617092,R,0.346724,-0.060756,-1.547692,90.09,61.81000000000001,101.08000000000001,0
1786849331.7627082,L,0.401868,0.127612,1.5982,-17.5,-159.04000000000002,55.580000000000005,0
1786849331.7908196,R,0.317932,-0.115412,-1.150704,96.95,78.89,60.550000000000004,0
1786849331.7918184,R,0.323788,-0.069784,-0.9137799999999999,77.35000000000001,79.03,29.890000000000004,0
1786849331.7928176,L,0.227896,0.09272,1.256356,-71.75,-169.4,39.410000000000004,0
1786849331.793819,L,0.304512,0.054168,1.089704,-65.24000000000001,-171.43,0.21000000000000002,0
1786849331.8051705,R,0.348432,-0.031476,-0.87474,52.78000000000001,76.37,-1.6800000000000002,0
1786849331.808175,L,0.3538,0.147864,0.9435479999999999,-32.830000000000005,-195.3,-45.85,0
1786849331.8207357,R,0.41968,-0.0053679999999999995,-0.830576,47.11000000000001,95.62,-37.31,0
1786849331.8227353,L,0.361852,0.23863199999999998,0.660996,-9.73,-196.84000000000003,-59.85000000000001,0
1786849331.8378077,L,0.44090799999999997,0.207644,0.280356,-2.87,-167.09,-31.990000000000002,0
1786849331.8508565,R,0.49458799999999997,-0.017811999999999998,-0.82594,32.34,122.08000000000001,-59.64000000000001,0
1786849331.8518565,R,0.574376,0.069052,-0.773968,35.49,119.56000000000002,-59.010000000000005,0
1786849331.8528564,L,0.58316,0.120292,0.204716,-0.49000000000000005,-114.66000000000001,8.47,0
1786849331.8689659,L,0.779092,-0.017811999999999998,0.278404,2.31,-72.24000000000001,23.17,0
1786849331.8803327,R,0.689056,0.083448,-0.696132,30.380000000000003,107.24000000000001,-52.220000000000006,0
1786849331.8833318,L,0.945012,-0.10126,0.509228,14.070000000000002,-72.38000000000001,-2.5200000000000005,0
1786849331.8978448,L,1.097512,0.013908,0.64538,14.14,-106.12,-44.59,0
1786849331.9108937,R,0.770796,0.117608,-0.5848679999999999,7.840000000000001,88.69000000000001,-54.81,0
1786849331.911894,R,0.860588,0.096624,-0.551684,-16.87,88.48,-74.83000000000001,0
1786849331.9128942,L,1.154364,0.248148,0.710772,3.99,-133.91000000000003,-55.300000000000004,0
1786849331.9258356,R,0.902556,0.175192,-0.639524,-21.910000000000004,101.64000000000001,-92.4,0
1786849331.9278352,L,1.146556,0.370392,0.647332,-17.71,-143.01000000000002,-23.450000000000003,0
1786849331.9559963,R,0.931348,0.256932,-0.69052,9.940000000000001,115.29,-105.84,0
1786849331.9569962,R,0.947696,0.385764,-0.748348,30.450000000000003,128.66000000000003,-94.92000000000002,0
1786849331.957996,L,1.105564,0.310856,0.534116,-35.84,-124.46000000000001,4.2700000000000005,0
1786849331.9589963,L,0.914512,0.165432,0.531188,-19.180000000000003,-112.70000000000002,-5.880000000000001,0
1786849331.9730468,L,0.671976,0.166896,0.490928,18.69,-137.69000000000003,-67.97000000000001,0
1786849331.988118,L,1.288564,0.076372,0.503128,44.31,-205.31000000000003,-126.21000000000001,0
1786849332.001628,R,0.989664,0.475068,-0.5675439999999999,31.780000000000005,127.75000000000001,-78.47000000000001,0
1786849332.0344296,L,1.170712,0.43798,0.345504,83.79,-198.87000000000003,-147.91000000000003,0
1786849332.0358195,L,0.896456,0.722728,0.461648,118.72000000000001,-201.53000000000003,13.160000000000002,0
1786849332.0368202,L,0.957456,0.47604399999999997,0.053924,18.130000000000003,-128.73000000000002,51.31,0
1786849332.0478683,L,0.893528,0.345504,0.195932,-16.17,-85.54,62.93000000000001,0
1786849332.0910351,R,1.156072,0.734684,-0.46555199999999997,15.47,110.88000000000001,-35.910000000000004,0
1786849332.0930362,L,0.9225639999999999,0.360388,0.0793,-31.640000000000004,-89.11000000000001,69.23,0
1786849332.1065903,R,1.03212,0.892308,-0.823256,77.00000000000001,87.99000000000001,-54.25000000000001,0
1786849332.1085894,L,0.7634759999999999,0.18544,0.13786,-9.8,-102.27000000000001,38.50000000000001,0
1786849332.1105902,L,0.946964,0.135908,0.11931599999999999,10.430000000000001,-124.04,24.990000000000002,0
1786849332.1115901,L,1.122644,0.203008,0.263032,15.610000000000001,-113.82000000000001,38.36000000000001,0
1786849332.1211812,R,0.780068,0.68442,-0.511668,-66.29,80.71000000000001,145.74,0
1786849332.1231816,L,1.281488,0.225944,0.441884,10.780000000000001,-96.88000000000001,61.88,0
1786849332.1358213,R,1.28954,0.605852,-0.315492,2.24,73.57000000000001,94.43,0
1786849332.1368248,R,0.998204,0.43066,-0.542656,24.64,76.65,70.28,0
1786849332.1378245,L,1.213412,0.20569199999999999,0.507276,1.1900000000000002,-96.04,77.63000000000001,0
1786849332.1503322,R,1.006012,0.40699199999999996,-0.357948,-8.96,117.11000000000001,86.73,0
1786849332.1650515,R,0.981368,0.264984,-0.35624,10.500000000000002,87.15,73.15,0
1786849332.166055,R,0.930616,0.15982,-0.30841599999999997,-1.9600000000000002,63.35000000000001,89.60000000000001,0
1786849332.1801026,R,0.825452,0.1525,-0.330376,-35.07,70.0,85.12,0
1786849332.181103,R,0.763232,0.099796,-0.343064,-49.63,75.39,62.300000000000004,0
1786849332.1831043,L,0.945256,0.153476,0.547292,15.540000000000001,-142.73000000000002,67.27000000000001,0
1786849332.1831043,L,1.083604,0.100772,0.284504,-19.6,-148.89000000000001,15.190000000000001,0
1786849332.1976635,L,0.931836,0.270108,0.152012,7.07,-146.23000000000002,24.500000000000004,0
1786849332.1986642,L,0.857416,0.24448799999999998,0.00976,33.25,-140.91000000000003,31.710000000000004,0
1786849332.2131,L,0.859856,0.163236,0.028791999999999998,27.720000000000002,-119.00000000000001,42.07000000000001,0
1786849332.2266185,R,0.8386279999999999,0.144448,-0.449448,-27.300000000000004,113.61000000000001,38.080000000000005,0
1786849332.227618,L,0.821792,0.120536,0.010492,-5.32,-98.91000000000001,54.81,0
1786849332.240682,R,0.942816,0.12322,-0.29036,-31.92,136.5,34.790000000000006,0
1786849332.2426813,L,0.7076,0.092232,-0.048556,-31.01,-80.01,51.52,0
1786849332.256156,R,0.848144,0.203252,-0.339648,-28.980000000000004,100.03000000000002,53.970000000000006,0
1786849332.2581522,L,0.701012,0.058316,-0.081496,-38.78,-76.65,45.57000000000001,0
1786849332.2726588,L,0.759572,0.072712,-0.09759999999999999,-30.520000000000003,-69.23,51.59,0
1786849332.3182611,L,0.768844,0.045384,-0.132248,-14.350000000000001,-46.550000000000004,58.730000000000004,0
1786849332.3192616,L,0.866688,-0.0068319999999999995,-0.087108,-3.43,-25.900000000000002,65.24000000000001,0
1786849332.3328037,L,0.8769359999999999,-0.101504,-0.031232,13.090000000000002,-22.400000000000002,59.010000000000005,0
1786849332.3338044,L,0.778604,-0.22813999999999998,-0.188856,22.610000000000003,-15.820000000000002,25.130000000000003,0
1786849332.3459463,R,0.917196,0.180804,-0.299876,-18.270000000000003,107.87,42.14,0
1786849332.3469467,R,0.915,0.182512,-0.404796,-16.59,114.03000000000002,37.800000000000004,0
1786849332.3479464,L,0.7015,-0.19154,-0.029768,6.720000000000001,-66.99000000000001,-4.760000000000001,0
1786849332.3608239,R,0.92964,0.263764,-0.41358,-22.26,123.83000000000001,39.690000000000005,0
1786849332.361824,R,0.903776,0.23277599999999998,-0.386252,-32.900000000000006,134.54000000000002,32.480000000000004,0
1786849332.362824,L,0.923296,-0.125172,-0.195444,-17.220000000000002,-50.61000000000001,-20.160000000000004,0
1786849332.3755786,R,0.908168,0.133712,-0.263764,-28.840000000000003,144.62,31.080000000000002,0
1786849332.3765833,R,0.901336,0.12224399999999999,-0.10736,-43.120000000000005,133.28,38.50000000000001,0
1786849332.377584,L,1.04554,-0.011712,0.010003999999999999,-33.18,-19.880000000000003,-15.96,0
1786849332.390687,R,0.812276,0.17812,-0.000488,-39.620000000000005,130.20000000000002,34.86000000000001,0
1786849332.391687,R,0.784704,0.141032,0.102724,-33.6,126.35000000000001,13.020000000000001,0
1786849332.3926868,L,1.260748,0.111996,0.21838,-42.14,-25.62,3.08,0
1786849332.4050956,R,0.7844599999999999,0.19276,0.073444,-43.260000000000005,117.81000000000002,-2.1,0
1786849332.406102,R,0.821548,0.15420799999999998,0.041724,-3.5000000000000004,79.10000000000001,20.51,0
1786849332.4081006,L,1.26514,0.127612,0.17446,-29.19,-59.78000000000001,29.820000000000004,0
1786849332.4211164,R,0.843752,0.11516799999999999,0.0034159999999999998,-7.000000000000001,77.07000000000001,8.82,0
1786849332.4231157,L,1.1880359999999999,0.030987999999999998,-0.060268,5.74,-87.57000000000001,27.860000000000003,0
1786849332.4356842,R,0.84546,0.155428,-0.056608,0.28,86.66000000000001,1.61,0
1786849332.4366841,R,0.8239879999999999,0.115412,0.00732,6.930000000000001,94.29,-5.040000000000001,0
1786849332.4376862,L,1.136552,0.028304,-0.17177599999999998,27.720000000000002,-95.34,15.47,0
1786849332.450776,R,0.8474119999999999,0.070516,0.109556,3.9200000000000004,97.72000000000001,-13.930000000000001,0
1786849332.4517756,R,0.85888,0.063196,0.126392,-22.05,114.03000000000002,-26.040000000000003,0
1786849332.452775,L,1.20902,0.033672,-0.165432,1.7500000000000002,-83.93,12.32,0
1786849332.4658098,R,0.87474,0.154452,0.140544,-35.21,113.12,-37.45,0
1786849332.4668105,R,0.894748,0.15298799999999999,0.242536,-35.14,111.58000000000001,-32.34,0
1786849332.4678109,L,1.208776,0.095648,-0.1098,-47.11000000000001,-71.96000000000001,24.990000000000002,0
1786849332.4808369,R,0.893772,0.158356,0.348432,-37.17,114.10000000000001,-39.2,0
1786849332.4828374,L,1.162904,0.126148,-0.162992,-64.54,-72.94000000000001,32.830000000000005,0
1786849332.4968681,R,0.87108,0.17812,0.427732,-37.17,105.07000000000001,-32.970000000000006,0
1786849332.5103781,R,0.9225639999999999,0.215696,0.432124,-47.040000000000006,102.76,-27.160000000000004,0
1786849332.5133774,L,1.101416,0.118584,-0.15298799999999999,-67.55000000000001,-81.62,33.25,0
1786849332.5133774,L,1.0748199999999999,0.10638399999999999,-0.179096,-43.330000000000005,-113.12,19.39,0
1786849332.5279014,L,1.107028,0.062464,-0.24912399999999998,-2.0300000000000002,-121.66000000000001,-5.32,0
1786849332.5409791,R,0.95038,0.166652,0.417728,-26.320000000000004,88.41000000000001,-21.560000000000002,0
1786849332.5419788,R,0.9681919999999999,0.16348,0.430904,-21.840000000000003,84.49000000000001,-19.53,0
1786849332.5550127,R,1.019432,0.177144,0.44895999999999997,-31.430000000000003,85.96000000000001,-20.720000000000002,0
1786849332.5603878,L,1.077504,0.056119999999999996,-0.235216,10.430000000000001,-111.72000000000001,-2.1,0
1786849332.5613875,L,0.798612,-0.037576,-0.347944,25.340000000000003,-96.32000000000001,-23.730000000000004,0
1786849332.5708992,R,1.15168,0.247416,0.351848,2.24,65.80000000000001,-8.260000000000002,0
1786849332.5728984,L,0.63318,-0.053191999999999996,-0.503616,-3.99,-47.39000000000001,-68.60000000000001,0
1786849332.5860457,R,0.857416,0.336476,0.503128,-52.71000000000001,102.27000000000001,5.040000000000001,0
1786849332.5880444,L,0.719312,0.005612,-0.39161999999999997,8.260000000000002,-93.10000000000001,-66.01,0
1786849332.6001198,R,0.908656,0.17568,0.6426959999999999,-77.56,88.83000000000001,17.430000000000003,0
1786849332.6031206,L,0.417728,0.123708,-0.303292,-6.44,-84.77000000000001,-34.300000000000004,0
1786849332.61563,R,0.67832,0.094916,0.6858839999999999,-69.16000000000001,78.19000000000001,27.650000000000002,0
1786849332.6176357,L,0.6039,0.109556,-0.447984,-26.320000000000004,-90.16000000000001,-27.020000000000003,0
1786849332.631778,R,0.613416,0.035136,0.734928,-43.120000000000005,21.910000000000004,39.550000000000004,0
1786849332.6337774,L,0.538752,0.141764,-0.455548,-60.690000000000005,-26.390000000000004,-12.530000000000001,0
1786849332.6451046,R,0.535336,-0.015372,0.7549359999999999,-28.560000000000002,-7.910000000000001,53.06,0
1786849332.6481075,L,0.51118,0.271328,-0.451156,-78.89,-2.3800000000000003,40.81,0
1786849332.6601636,R,0.45872,-0.090036,0.773236,-25.76,-40.53,45.64000000000001,0
1786849332.6631649,L,0.457744,0.192028,-0.446276,-72.80000000000001,25.060000000000002,73.15,0
1786849332.6767802,R,0.447252,-0.14518,0.793732,-29.960000000000004,-69.37,32.620000000000005,0
1786849332.6777802,L,0.440176,0.048799999999999996,-0.513132,-51.31,65.45,72.24000000000001,0
1786849332.6907976,R,0.40382,-0.14274,0.7856799999999999,-49.28,-93.24000000000001,12.180000000000001,0
1786849332.6927972,L,0.367708,-0.057583999999999996,-0.508008,-53.970000000000006,106.96000000000001,44.1,0
1786849332.7058334,R,0.421632,-0.165432,0.764452,-57.68000000000001,-112.14000000000001,-9.520000000000001,0
1786849332.7078333,L,0.363804,-0.017811999999999998,-0.461404,-75.11000000000001,140.14000000000001,14.14,0
1786849332.7208471,R,0.367708,-0.067832,0.668316,-56.980000000000004,-129.22,-19.950000000000003,0
1786849332.7230234,L,0.397964,0.125416,-0.39405999999999997,-89.60000000000001,178.78000000000003,1.61,0
1786849332.7360349,R,0.43676,-0.089304,0.61488,-61.32000000000001,-137.13000000000002,-24.78,0
1786849332.7501092,R,0.49044,-0.08588799999999999,0.539972,-70.28,-154.14000000000001,-34.86000000000001,0
1786849332.7531102,L,0.267912,0.253516,-0.475068,-152.18,191.66000000000003,0.9800000000000001,0
1786849332.7531102,L,0.40382,0.158112,-0.269864,-167.09,230.23000000000002,16.17,0
1786849332.7651231,R,0.555344,-0.026595999999999998,0.402356,-76.86000000000001,-169.82000000000002,-37.940000000000005,0
1786849332.768127,L,0.528016,0.08784,-0.17568,-98.00000000000001,258.44,25.410000000000004,0
1786849332.7801657,R,0.6353759999999999,0.0046359999999999995,0.28499199999999997,-67.34,-184.59,-40.53,0
1786849332.7831664,L,0.51972,0.205936,-0.048068,-76.86000000000001,272.09000000000003,21.910000000000004,0
1786849332.7982645,L,0.67588,0.258884,0.113704,-56.28000000000001,295.75,24.500000000000004,0
1786849332.8107712,R,0.7154079999999999,0.048799999999999996,0.203984,-61.18000000000001,-196.91000000000003,-43.96,0
1786849332.812771,L,0.84912,0.288164,0.441152,-56.7,283.78000000000003,7.7700000000000005,0
1786849332.8261266,R,0.76616,0.055388,0.169824,-67.69000000000001,-203.28000000000003,-48.02,0
1786849332.8281264,L,0.619028,0.34599199999999997,0.38112799999999997,-115.15,246.12000000000003,2.3800000000000003,0
1786849332.8411777,R,0.844972,0.023424,0.062952,-72.24000000000001,-219.45000000000002,-60.06,0
1786849332.8431773,L,1.026264,0.2196,0.403576,-167.86,245.35000000000002,11.620000000000001,0
1786849332.8560138,R,0.8891359999999999,0.10248,-0.172264,-30.730000000000004,-231.63000000000002,-64.68,0
1786849332.857013,R,0.975268,0.111264,-0.344528,30.590000000000003,-232.47000000000003,-66.99000000000001,0
1786849332.858016,L,0.957944,0.211304,0.33989199999999997,-178.99,260.61,26.53,0
1786849332.8710477,R,1.0389519999999999,0.129808,-0.388936,45.99,-220.71,-71.68,0
1786849332.8730454,L,1.037244,0.222772,0.548512,-131.95000000000002,278.04,41.580000000000005,0
1786849332.8880277,L,1.125816,0.30378,0.692716,-69.37,297.43,38.36000000000001,0
1786849332.900533,R,1.070672,0.165188,-0.389912,17.220000000000002,-202.09000000000003,-67.13000000000001,0
1786849332.9035332,L,1.1102,0.437492,0.9569679999999999,-43.89000000000001,288.47,68.11,0
1786849332.9328291,L,1.1782759999999999,0.537288,1.340536,-56.49,196.91000000000003,144.83,0
1786849332.9338307,L,1.460828,-0.02196,1.498648,-8.33,108.01,197.19000000000003,0
1786849332.9484303,L,1.393728,-0.528748,1.384212,38.220000000000006,7.630000000000001,137.48000000000002,0
1786849332.9629366,L,1.39324,-0.526064,1.182424,5.74,-16.17,40.88,0
1786849332.9775136,L,1.3297999999999999,-0.40089199999999997,1.020896,-28.42,-34.93000000000001,-14.980000000000002,0
1786849332.9930205,L,1.24806,-0.228872,0.7881199999999999,-38.85,-52.85000000000001,-45.010000000000005,0
1786849333.0053184,R,1.0796999999999999,0.15298799999999999,-0.447984,-28.000000000000004,-188.79000000000002,-63.77,0
1786849333.006323,R,1.077748,0.211304,-0.651724,-31.640000000000004,-176.19000000000003,-60.900000000000006,0
1786849333.008325,L,1.170468,-0.14835199999999998,0.578768,-32.410000000000004,-58.870000000000005,-53.480000000000004,0
1786849333.0233722,L,1.11508,-0.132736,0.5145959999999999,-12.39,-55.580000000000005,-56.77,0
1786849333.0379934,L,1.057984,-0.11712,0.551684,14.14,-60.34,-67.76,0
1786849333.0512059,R,1.149728,0.28011199999999997,-0.886452,12.81,-148.89000000000001,-37.03,0
1786849333.0532055,L,1.011624,-0.087596,0.5133759999999999,19.740000000000002,-63.00000000000001,-74.06,0
1786849333.0834274,L,0.895968,-0.041968,0.461404,14.420000000000002,-60.620000000000005,-75.11000000000001,0
1786849333.0834274,L,0.907924,0.01586,0.504348,11.9,-59.290000000000006,-76.58000000000001,0
1786849333.098353,L,0.964776,0.156892,0.715896,34.300000000000004,-73.43,-42.84,0
1786849333.1128597,L,0.931348,0.12102399999999999,0.696132,67.76,-107.80000000000001,-19.46,0
1786849333.1276588,L,0.871568,0.062708,0.552172,92.05000000000001,-129.78,-20.51,0
1786849333.1452053,L,0.81008,0.045871999999999996,0.44212799999999997,102.06000000000002,-132.23000000000002,-25.69,0
1786849333.1592593,L,0.74786,0.027816,0.349408,95.27000000000001,-121.80000000000001,-23.520000000000003,0
1786849333.1703284,R,1.181692,0.238388,-0.940376,35.14,-112.56000000000002,-7.7700000000000005,0
1786849333.173329,L,0.6893,0.0183,0.34111199999999997,99.12,-112.56000000000002,-33.18,0
1786849333.187878,L,0.6871039999999999,0.05368,0.5367999999999999,129.36,-120.12,-59.010000000000005,0
1786849333.203059,L,0.691252,0.182512,0.517524,140.42000000000002,-143.29000000000002,-59.78000000000001,0
1786849333.21809,L,0.61976,0.18934399999999998,0.326716,115.15,-144.76000000000002,-36.050000000000004,0
1786849333.2331676,L,0.522892,0.15494,0.108336,76.37,-117.18,-18.48,0
1786849333.2461855,R,1.210484,0.10004,-0.846436,22.400000000000002,-65.38000000000001,1.4000000000000001,0
1786849333.2481852,L,0.507764,0.080764,-0.051972,38.150000000000006,-82.46000000000001,-7.420000000000001,0
1786849333.2602303,R,1.214144,0.027572,-0.70638,-5.11,-7.140000000000001,-7.000000000000001,0
1786849333.263232,L,0.481412,0.012931999999999999,-0.13054,21.560000000000002,-55.370000000000005,-1.1900000000000002,0
1786849333.2753782,R,1.177788,-0.049776,-0.60878,-36.190000000000005,19.32,-28.490000000000002,0
1786849333.2763827,R,1.15534,-0.026595999999999998,-0.608536,-34.580000000000005,21.98,-43.68000000000001,0
1786849333.2783813,L,0.459208,-0.03172,-0.179584,26.740000000000002,-37.03,-12.39,0
1786849333.2908874,R,1.138016,0.023667999999999998,-0.655872,-13.370000000000001,16.310000000000002,-39.06,0
1786849333.2918878,R,1.162904,0.00122,-0.649284,-5.880000000000001,24.01,-22.89,0
1786849333.2928934,L,0.448472,-0.06831999999999999,-0.217648,43.82000000000001,-25.410000000000004,-42.84,0
1786849333.3062744,R,1.150216,0.072468,-0.730536,8.610000000000001,46.900000000000006,-19.46,0
1786849333.3082733,L,0.4331,-0.018788,-0.242536,65.87,-21.42,-70.42,0
1786849333.3233879,L,0.439444,0.115656,-0.20105599999999998,71.19000000000001,-17.71,-79.10000000000001,0
1786849333.3348951,R,1.123864,-0.0046359999999999995,-0.77104,-8.260000000000002,101.22000000000001,-11.48,0
1786849333.3361666,R,0.825452,0.21106,-0.142984,-15.96,191.17000000000002,-0.9100000000000001,0
1786849333.3381662,L,0.471408,0.238876,-0.18056,46.27,3.5700000000000003,-61.46000000000001,0
1786849333.353212,L,0.472628,0.306464,-0.197396,6.370000000000001,40.88,-47.39000000000001,0
1786849333.3663538,R,0.468968,-0.019764,0.7044279999999999,53.13,50.82000000000001,13.72,0
1786849333.3683531,L,0.5170359999999999,0.31476,-0.16713999999999998,-22.26,91.07000000000001,-49.49,0
1786849333.3803914,R,0.442616,0.000732,0.7315119999999999,42.63,27.51,-7.700000000000001,0
1786849333.383393,L,0.532408,0.30744,-0.115656,-37.45,128.38000000000002,-52.57000000000001,0
1786849333.3979976,L,0.5441199999999999,0.27083999999999997,-0.088084,-29.400000000000002,145.88000000000002,-65.87,0
1786849333.4132252,L,0.47848399999999996,0.235216,-0.095404,2.1700000000000004,154.14000000000001,-98.28000000000002,0
1786849333.4283323,L,0.36575599999999997,0.211792,-0.12102399999999999,16.17,168.14000000000001,-131.74,0
1786849333.4580786,L,0.248148,0.248636,-0.08588799999999999,21.42,189.00000000000003,-156.66000000000003,0
1786849333.4732225,L,0.127612,0.298412,-0.063928,20.020000000000003,207.34000000000003,-166.67000000000002,0
1786849333.4732225,L,0.131272,0.29524,-0.021471999999999998,-0.6300000000000001,257.88000000000005,-165.83,0
1786849333.488363,L,-0.0034159999999999998,0.344284,0.12834399999999999,-81.34,370.23,-148.26000000000002,0
1786849333.5018713,R,0.397232,0.046604,0.749568,30.520000000000003,13.72,-18.270000000000003,0
1786849333.5028715,L,-0.22204,0.21398799999999998,0.433832,-196.77,470.75000000000006,-127.61000000000001,0
1786849333.5176573,L,-0.303292,0.074908,0.74054,-229.04000000000002,491.40000000000003,-149.94000000000003,0
1786849333.5316758,R,0.392596,0.087596,0.784704,21.28,4.2,-17.92,0
1786849333.5326738,L,-0.40211199999999997,0.10174799999999999,0.921832,-182.56000000000003,460.81000000000006,-197.68,0
1786849333.5452309,R,0.394304,0.108824,0.835212,11.13,-8.47,-20.580000000000002,0
1786849333.5462344,R,0.399184,0.127368,0.86132,-2.31,-39.34,-26.67,0
1786849333.548235,L,-0.433832,0.334768,1.071892,-77.07000000000001,397.32000000000005,-243.60000000000002,0
1786849333.560304,R,0.418948,0.12102399999999999,0.847168,-6.510000000000001,-92.33000000000001,-25.480000000000004,0
1786849333.5613043,R,0.458476,0.110288,0.719312,10.850000000000001,-164.01000000000002,-19.39,0
1786849333.5633035,L,-0.383812,0.520452,1.16388,9.38,308.35,-257.18,0
1786849333.575915,R,0.49263599999999996,0.114436,0.503128,55.650000000000006,-231.00000000000003,-4.340000000000001,0
1786849333.5769155,R,0.527528,0.159088,0.272548,95.2,-275.66,10.780000000000001,0
1786849333.5779157,L,-0.314028,0.659776,1.484008,70.84,322.00000000000006,-223.44000000000003,0
1786849333.5929453,L,-0.337208,0.666608,1.785104,49.28,352.45000000000005,-194.95000000000002,0
1786849333.6383657,L,-0.413336,0.5428999999999999,1.899052,-27.930000000000003,335.44000000000005,-183.12,0
1786849333.6393654,L,-0.32256799999999997,0.421876,1.8727,-87.43,301.42,-185.08,0
1786849333.6403658,L,-0.134688,0.530456,1.813896,-66.15,242.69000000000003,-187.11,0
1786849333.6528733,L,-0.019764,0.656848,1.929552,11.340000000000002,176.61,-186.62,0
1786849333.6681376,L,0.028059999999999998,0.82594,2.06912,87.29,110.74000000000001,-189.91000000000003,0
1786849333.6802242,R,0.543388,0.18934399999999998,0.13663999999999998,98.77000000000001,-276.01000000000005,10.57,0
1786849333.6852667,L,0.108092,0.9496479999999999,2.060336,120.82000000000001,50.96000000000001,-194.53000000000003,0
1786849333.6953142,R,0.169336,-0.0075639999999999995,-1.057252,23.240000000000002,-337.33000000000004,-42.28,0
1786849333.6963181,R,0.209108,0.090768,-1.3481,-68.25,-275.1,-67.48,0
1786849333.6993182,L,0.141032,1.017236,1.929064,114.38000000000001,11.690000000000001,-186.69000000000003,0
1786849333.7108264,R,0.24570799999999998,0.001952,-1.460096,-119.00000000000001,-234.01000000000002,-92.82000000000001,0
1786849333.7118244,R,0.231068,-0.033916,-1.494256,-121.52000000000001,-204.4,-144.06,0
1786849333.7138238,L,0.174216,1.079212,1.757288,88.13000000000001,-12.46,-176.05,0
1786849333.7248368,R,0.217404,0.082472,-1.465708,-83.23,-183.47000000000003,-196.14000000000001,0
1786849333.7402089,R,0.199592,0.198616,-1.403,-43.75000000000001,-166.60000000000002,-225.82000000000002,0
1786849333.7412105,R,0.22082,0.331108,-1.298568,-26.040000000000003,-131.32000000000002,-241.71000000000004,0
1786849333.7432106,L,0.15982,1.1880359999999999,1.576728,54.81,-38.57,-175.35000000000002,0
1786849333.7552226,R,0.235216,0.516304,-1.241716,-34.09,-99.4,-261.38000000000005,0
1786849333.7582254,L,0.142984,1.3664,1.392996,25.060000000000002,-60.760000000000005,-176.96,0
1786849333.7592266,L,0.15420799999999998,1.580144,1.21146,-10.360000000000001,-67.9,-158.76000000000002,0
1786849333.770275,R,0.27083999999999997,0.9335439999999999,-1.244644,18.830000000000002,-126.35000000000001,-259.70000000000005,0
1786849333.7712774,R,0.27572,1.060424,-1.314428,20.44,-123.9,-264.53000000000003,0
1786849333.7732756,L,0.169092,1.696776,1.080188,-36.050000000000004,-58.17000000000001,-106.61000000000001,0
1786849333.7857985,R,0.35868,1.291736,-1.4344759999999999,11.13,-97.86000000000001,-264.25,0
1786849333.7867985,R,0.429928,1.4823,-1.473028,-15.05,-50.75000000000001,-245.84000000000003,0
1786849333.787799,L,0.219356,1.707268,1.051396,-41.93000000000001,-40.74,-23.94,0
1786849333.8018205,R,0.481168,1.552816,-1.371036,-40.32000000000001,-16.73,-218.89000000000001,0
1786849333.814904,R,0.5367999999999999,1.6060079999999999,-1.292468,-54.11000000000001,-4.130000000000001,-191.8,0
1786849333.8165498,R,0.579012,1.63602,-1.24806,-58.03000000000001,8.96,-161.77,0
1786849333.8175535,L,0.239608,1.5664799999999999,1.096048,-30.870000000000005,-41.86000000000001,59.290000000000006,0
1786849333.8185537,L,0.173972,1.336144,1.16754,-20.51,-56.84,118.58000000000001,0
1786849333.830142,R,0.622932,1.7143439999999999,-1.262944,-61.25000000000001,29.960000000000004,-120.05000000000001,0
1786849333.8311427,R,0.633668,1.732156,-1.275876,-65.31,58.38,-59.99000000000001,0
1786849333.8331425,L,0.126148,1.124352,1.22,-14.070000000000002,-68.11,155.96,0
1786849333.8451567,R,0.596092,1.6796959999999999,-1.258796,-61.67000000000001,76.65,-1.33,0
1786849333.846161,R,0.557052,1.581852,-1.188524,-60.550000000000004,87.71000000000001,46.900000000000006,0
1786849333.8481598,L,0.139812,0.978684,1.300276,-4.0600000000000005,-87.85000000000001,179.55,0
1786849333.860231,R,0.494344,1.457412,-1.124352,-64.05000000000001,95.27000000000001,89.81,0
1786849333.863232,L,0.136152,0.8474119999999999,1.286856,-0.14,-117.25000000000001,195.79000000000002,0
1786849333.8759153,R,0.419436,1.316868,-1.107028,-67.27000000000001,102.48,124.67000000000002,0
1786849333.8909857,R,0.341844,1.197796,-1.125572,-73.57000000000001,116.06000000000002,149.73000000000002,0
1786849333.8939867,L,0.071004,0.692716,1.204384,-1.61,-129.29000000000002,209.58,0
1786849333.8960023,L,0.046604,0.597312,1.2078,-0.42000000000000004,-134.82000000000002,209.79000000000002,0
1786849333.9050035,R,0.300852,1.1375279999999999,-1.248792,-88.41000000000001,144.06,171.71,0
1786849333.9081247,L,0.10492,0.5958479999999999,1.314428,24.360000000000003,-154.70000000000002,200.41000000000003,0
1786849333.9196353,R,0.27938,1.082872,-1.311744,-107.87,188.02,192.36,0
1786849333.9231424,L,0.173728,0.628056,1.314916,53.27,-192.85000000000002,197.19000000000003,0
1786849333.9351983,R,0.244,0.99674,-1.2768519999999999,-127.82000000000001,219.59000000000003,203.98000000000002,0
1786849333.9382012,L,0.1464,0.623908,1.219512,75.74000000000001,-215.53000000000003,200.13000000000002,0
1786849333.9527066,L,0.163236,0.616344,1.181204,88.76,-218.68,203.49,0
1786849333.9658532,R,0.24034,0.9213439999999999,-1.210972,-136.57000000000002,238.14000000000001,206.43,0
1786849333.9668534,R,0.21228,0.817156,-1.068232,-134.26000000000002,240.38000000000002,204.26000000000002,0
1786849333.967853,L,0.238876,0.630008,1.193892,93.94000000000001,-218.75000000000003,220.01000000000002,0
1786849333.9808815,R,0.19886,0.7278519999999999,-1.00528,-126.91000000000001,226.38000000000002,199.71,0
1786849333.982881,L,0.198128,0.5675439999999999,1.098488,78.68,-218.61,242.20000000000002,0
1786849333.996192,R,0.21838,0.7044279999999999,-1.025288,-116.41000000000001,222.95000000000002,195.93,0
1786849333.9991918,L,0.253516,0.558516,1.154608,74.97000000000001,-225.96,246.82000000000002,0
1786849334.0279522,L,0.249856,0.482144,0.96136,65.24000000000001,-235.90000000000003,218.75000000000003,0
1786849334.0289524,L,0.284748,0.46799199999999996,0.834724,67.34,-233.38000000000002,188.79000000000002,0
1786849334.04103,R,0.224968,0.6895439999999999,-1.0365119999999999,-105.98,241.43000000000004,199.78000000000003,0
1786849334.0430293,L,0.354532,0.476532,0.691252,79.94000000000001,-240.17000000000002,174.51000000000002,0
1786849334.071975,R,0.248636,0.6600199999999999,-0.966728,-101.50000000000001,278.53000000000003,207.62000000000003,0
1786849334.0729754,L,0.354532,0.537532,0.718824,89.81,-241.71000000000004,176.68,0
1786849334.0739756,L,0.438224,0.515084,0.672464,98.84,-248.29000000000002,185.50000000000003,0
1786849334.0862117,R,0.244976,0.5380199999999999,-0.810568,-116.41000000000001,295.89000000000004,205.52,0
1786849334.0882132,L,0.36356,0.422852,0.506788,91.00000000000001,-235.62000000000003,185.22000000000003,0
1786849334.1027193,L,0.387472,0.30134,0.359656,65.45,-204.82000000000002,183.89000000000001,0
1786849334.1148226,R,0.296216,0.44212799999999997,-0.704672,-135.03,285.32000000000005,187.81000000000003,0
1786849334.1161773,R,0.294996,0.385764,-0.565592,-121.45000000000002,266.42,169.68,0
1786849334.1306906,R,0.353068,0.39772,-0.519964,-103.39000000000001,252.00000000000003,157.01000000000002,0
1786849334.1336904,L,0.450424,0.24448799999999998,0.35648399999999997,47.74,-176.05,183.19000000000003,0
1786849334.135798,L,0.5367999999999999,0.301584,0.554856,42.28,-172.06,189.70000000000002,0
1786849334.1468396,R,0.349408,0.406016,-0.383812,-83.16000000000001,250.32000000000002,156.10000000000002,0
1786849334.1628587,L,0.52948,0.220576,0.491904,42.35,-175.77,181.86,0
1786849334.1638587,L,0.49702799999999997,0.085156,0.34233199999999997,45.64000000000001,-167.93,163.31,0
1786849334.174899,R,0.362584,0.42919599999999997,-0.388936,-71.82000000000001,247.87000000000003,167.23000000000002,0
1786849334.1782215,L,0.483608,0.003904,0.228384,37.38,-147.28,144.20000000000002,0
1786849334.1927269,L,0.512644,0.055876,0.291092,27.51,-138.25,139.02,0
1786849334.208847,L,0.538264,0.081252,0.307928,16.450000000000003,-146.72000000000003,137.48000000000002,0
1786849334.2226253,L,0.6341559999999999,0.09174399999999999,0.347456,29.750000000000004,-151.06,135.17000000000002,0
1786849334.2357018,R,0.31890799999999997,0.320616,-0.223016,-56.14000000000001,251.93000000000004,169.33,0
1786849334.237701,L,0.605852,-0.035868,0.241072,33.39,-146.65,121.24000000000001,0
1786849334.250814,R,0.361608,0.18348799999999998,-0.105652,-56.14000000000001,241.78000000000003,152.74,0
1786849334.2528136,L,0.571692,-0.145668,0.10004,23.8,-130.62,97.02000000000001,0
1786849334.2802298,R,0.399184,0.15494,-0.036844,-76.72000000000001,218.47000000000003,125.79,0
1786849334.2832296,L,0.527284,-0.195688,-0.0026839999999999998,-0.77,-107.94000000000001,66.29,0
1786849334.2832296,L,0.486292,-0.169092,-0.06831999999999999,-22.330000000000002,-87.15,31.85,0
1786849334.2977984,L,0.44652,-0.07076,-0.10052799999999999,-32.480000000000004,-83.23,7.98,0
1786849334.3128605,L,0.452864,0.017568,-0.1586,-29.960000000000004,-70.21000000000001,-1.33,0
1786849334.329021,L,0.466528,0.07002799999999999,-0.251564,-28.28,-47.81,10.850000000000001,0
1786849334.3425298,L,0.472628,0.033916,-0.29646,-35.0,-17.990000000000002,23.380000000000003,0
1786849334.358053,L,0.503372,-0.044164,-0.319152,-48.300000000000004,11.06,18.48,0
1786849334.371094,R,0.36941599999999997,0.149816,0.050263999999999996,-82.39000000000001,222.60000000000002,112.35000000000001,0
1786849334.3730943,L,0.52826,-0.09881999999999999,-0.33305999999999997,-49.28,27.020000000000003,-9.030000000000001,0
1786849334.3856504,R,0.33989199999999997,0.102236,0.163968,-75.32000000000001,212.45000000000002,105.56000000000002,0
1786849334.3886495,L,0.58194,-0.041724,-0.29304399999999997,-42.00000000000001,35.77,-36.400000000000006,0
1786849334.403693,L,0.63928,0.008296,-0.20105599999999998,-37.17,40.46,-44.870000000000005,0
1786849334.4177067,L,0.7105279999999999,0.054655999999999996,-0.201544,-42.7,54.11000000000001,-36.61000000000001,0
1786849334.432722,L,0.853756,0.134444,-0.13908,-59.92000000000001,91.7,-13.72,0
1786849334.4478416,L,0.920368,0.086864,-0.06831999999999999,-65.73,128.73000000000002,-1.05,0
1786849334.4628901,L,0.925492,0.018788,0.012444,-59.36000000000001,139.23000000000002,-2.5900000000000003,0
1786849334.4782474,L,0.901092,-0.002928,0.029523999999999998,-62.160000000000004,136.43,-18.900000000000002,0
1786849334.4927552,L,0.874252,-0.0305,-0.087596,-54.95,150.64000000000001,-36.470000000000006,0
1786849334.5059686,R,0.32574,0.10248,0.240828,-53.690000000000005,199.71,112.63000000000001,0
1786849334.5079663,L,0.814472,-0.07124799999999999,-0.173728,-31.710000000000004,179.48000000000002,-51.03000000000001,0
1786849334.5230403,L,0.761768,0.035623999999999996,-0.10614,-37.800000000000004,203.07000000000002,-45.64000000000001,0
1786849334.537671,L,0.68564,0.073444,-0.050263999999999996,-72.17,233.87000000000003,-34.09,0
1786849334.5527062,L,0.605364,0.046848,-0.04026,-108.01,268.59000000000003,-30.800000000000004,0
1786849334.566005,R,0.29402,0.096624,0.36453599999999997,-29.820000000000004,184.03000000000003,123.41000000000001,0
1786849334.5680027,L,0.523624,0.023667999999999998,0.01342,-125.30000000000001,309.19000000000005,-42.56,0
1786849334.5835125,L,0.423584,0.026595999999999998,0.14835199999999998,-113.68,336.42,-70.98,0
1786849334.596076,R,0.26961999999999997,0.042456,0.527772,-11.97,159.81,128.31,0
1786849334.59708,R,0.252052,-0.063196,0.702232,-21.98,123.62000000000002,116.34000000000002,0
1786849334.5980802,L,0.391864,0.147376,0.554368,-70.98,346.22,-81.83000000000001,0
1786849334.6101694,R,0.263764,-0.127612,0.7832399999999999,-43.540000000000006,90.37,84.28,0
1786849334.6111703,R,0.270108,-0.165432,0.820816,-47.95,61.67000000000001,53.27,0
1786849334.61317,L,0.411872,0.29670399999999997,1.074576,-18.76,329.98,-88.13000000000001,0
1786849334.6256943,R,0.272548,-0.169336,0.856928,-32.06,23.94,29.470000000000002,0
1786849334.6266959,R,0.333304,-0.08784,0.8017839999999999,-35.28,-134.33,-47.95,0
1786849334.6276944,L,0.581452,0.5170359999999999,1.745576,34.580000000000005,238.00000000000003,-65.66000000000001,0
1786849334.6428645,L,0.7080879999999999,0.484584,1.882216,75.39,111.51,-39.550000000000004,0
1786849334.6577141,L,0.769332,0.333792,1.636264,86.80000000000001,49.77,-37.940000000000005,0
1786849334.67078,R,0.351116,-0.040992,0.751764,-16.87,-167.51000000000002,-49.7,0
1786849334.6717799,R,0.914024,0.31476,-0.23155599999999998,52.85000000000001,-311.99,-65.87,0
1786849334.6727798,L,0.801052,0.256444,1.516704,43.96,66.43,-50.260000000000005,0
1786849334.6860318,R,0.743224,0.227408,-0.341356,58.800000000000004,-289.45000000000005,10.15,0
1786849334.6870344,R,0.706136,0.204716,-0.658068,-23.8,-288.05,-52.010000000000005,0
1786849334.6880336,L,0.819352,0.355508,1.647244,-43.330000000000005,99.05000000000001,-48.720000000000006,0
1786849334.7004473,R,0.694668,0.41358,-0.919148,-56.980000000000004,-237.37000000000003,-72.52000000000001,0
1786849334.703445,L,0.8805959999999999,0.437492,1.787544,-110.81000000000002,86.87,-17.78,0
1786849334.7184668,L,0.930616,0.41114,1.717028,-87.50000000000001,23.87,12.740000000000002,0
1786849334.7606518,R,0.650016,0.528992,-1.031144,-44.800000000000004,-197.89000000000001,-51.17,0
1786849334.76265,L,0.9201239999999999,0.320616,1.4544839999999999,-30.450000000000003,-46.2,14.840000000000002,0
1786849334.790294,R,0.612684,0.450668,-1.00894,-28.840000000000003,-188.23000000000002,-19.740000000000002,0
1786849334.7932925,L,0.892552,0.267668,1.168028,-7.910000000000001,-90.58000000000001,6.580000000000001,0
1786849334.7932925,L,0.849608,0.269864,0.903288,-11.760000000000002,-103.11000000000001,-2.66,0
1786849334.7957997,L,0.8054439999999999,0.27816,0.7327319999999999,-26.180000000000003,-90.86000000000001,-5.040000000000001,0
1786849334.8059542,R,0.55266,0.327936,-1.137284,-41.230000000000004,-205.73000000000002,-1.8200000000000003,0
1786849334.806954,R,0.584136,0.247172,-1.481812,-81.97000000000001,-191.24,-17.01,0
1786849334.808954,L,0.7524959999999999,0.332328,0.67588,-44.660000000000004,-73.15,7.840000000000001,0
1786849334.822573,L,0.750056,0.378932,0.691496,-53.550000000000004,-68.18,30.1,0
1786849334.8237092,L,0.742248,0.345504,0.612928,-38.92,-74.69000000000001,48.650000000000006,0
1786849334.8383558,L,0.73322,0.252052,0.504836,-13.860000000000001,-79.03,51.730000000000004,0
1786849334.8528612,L,0.548024,0.082716,0.155184,3.3600000000000003,-9.73,25.900000000000002,0
1786849334.8661063,R,0.671,0.334524,-1.84708,-84.35000000000001,-110.95000000000002,-34.86000000000001,0
1786849334.8691058,L,0.69662,0.010492,0.420412,5.6000000000000005,-18.270000000000003,16.240000000000002,0
1786849334.881168,R,0.753472,0.346724,-1.877092,-42.910000000000004,-34.02,-45.99,0
1786849334.8831675,L,0.70028,0.152744,0.617808,-9.170000000000002,-34.230000000000004,30.240000000000002,0
1786849334.8951817,R,0.864248,0.391864,-1.660908,-20.37,15.820000000000002,-52.36000000000001,0
1786849334.8961852,R,0.897432,0.45383999999999997,-1.370304,-3.1500000000000004,47.25000000000001,-46.13,0
1786849334.8981824,L,0.731756,0.185196,0.668072,-19.46,-29.120000000000005,36.540000000000006,0
1786849334.9106936,R,0.899384,0.454816,-1.0784799999999999,-4.2700000000000005,71.33000000000001,-38.010000000000005,0
1786849334.9116921,R,0.8732759999999999,0.424072,-0.853756,-21.000000000000004,84.98,-34.510000000000005,0
1786849334.9136925,L,0.702964,0.14152,0.5856,-10.920000000000002,-34.300000000000004,43.68000000000001,0
1786849334.9259613,R,0.844972,0.394304,-0.686616,-27.090000000000003,95.62,-10.15,0
1786849334.926961,R,0.8479,0.31232,-0.591944,-23.87,98.77000000000001,2.5900000000000003,0
1786849334.940471,R,0.836676,0.246684,-0.480192,-23.660000000000004,90.23,2.5900000000000003,0
1786849334.941475,R,0.79788,0.254248,-0.53314,4.550000000000001,60.2,25.830000000000002,0
1786849334.943471,L,0.6822239999999999,0.087596,0.541436,1.1900000000000002,-43.330000000000005,41.160000000000004,0
1786849334.9459786,L,0.6846639999999999,0.060024,0.49824799999999997,9.8,-54.81,33.25,0
1786849334.9549785,R,0.76006,0.24888,-0.515328,4.130000000000001,77.07000000000001,24.500000000000004,0
1786849334.9564366,R,0.740296,0.227896,-0.449692,11.410000000000002,71.26,24.150000000000002,0
1786849334.9594357,L,0.710772,0.028791999999999998,0.445788,17.220000000000002,-58.59,26.880000000000003,0
1786849334.97094,R,0.729804,0.210816,-0.456524,14.63,55.09,15.540000000000001,0
1786849334.9719403,R,0.7671359999999999,0.205204,-0.52948,5.040000000000001,61.18000000000001,6.86,1
1786849334.9729404,L,0.709064,-0.005856,0.382592,12.81,-38.99,27.160000000000004,1
1786849334.9869564,R,0.80276,0.276208,-0.581452,-10.780000000000001,75.67,5.53,1
1786849334.9879563,L,0.7154079999999999,-0.022203999999999998,0.424072,-5.6000000000000005,-4.62,35.49,1
1786849335.0014532,R,0.841068,0.26474,-0.556564,-22.540000000000003,94.85000000000001,5.8100000000000005,1
1786849335.015465,R,0.8942599999999999,0.240828,-0.506056,-37.38,98.77000000000001,-2.9400000000000004,1
1786849335.016467,R,0.9372039999999999,0.299388,-0.500688,-44.45,99.05000000000001,-8.33,1
1786849335.030707,R,0.965508,0.37063599999999997,-0.49044,-55.300000000000004,97.93,-4.340000000000001,1
1786849335.033706,L,0.728096,-0.035136,0.559248,-24.78,16.8,35.42,1
1786849335.0470285,R,0.981368,0.376736,-0.485072,-60.970000000000006,87.01,-0.77,1
1786849335.0490282,L,0.788608,0.033672,0.7503,-20.51,4.0600000000000005,26.46,1
1786849335.0490282,L,0.831552,0.10931199999999999,0.854976,-3.7800000000000002,-31.640000000000004,20.580000000000002,1
1786849335.0510297,L,0.86254,0.12322,0.802272,3.5000000000000004,-54.39000000000001,24.990000000000002,1
1786849335.0630875,L,0.8906,0.091012,0.726388,0.35000000000000003,-51.17,29.120000000000005,1
1786849335.0756452,R,0.980148,0.3721,-0.535824,-55.720000000000006,77.28,-1.4700000000000002,1
1786849335.0766451,R,0.96136,0.440664,-0.620736,-36.260000000000005,83.58000000000001,4.0600000000000005,1
1786849335.0786443,L,0.92354,0.094428,0.782264,-5.670000000000001,-39.13,31.990000000000002,1
1786849335.0906873,R,0.987956,0.44895999999999997,-0.587064,-18.060000000000002,110.46000000000001,20.860000000000003,1
1786849335.09269,L,0.987956,0.155184,0.912316,-13.370000000000001,-49.42,31.430000000000003,1
1786849335.1048355,R,0.971608,0.37332,-0.43554,-23.240000000000002,124.81000000000002,18.900000000000002,1
1786849335.1080844,L,1.057984,0.171044,0.967216,-3.43,-81.62,22.330000000000002,1
1786849335.1226354,L,1.086044,0.2196,0.941596,20.37,-121.73000000000002,18.76,1
1786849335.1378489,L,1.075308,0.172264,0.804956,34.510000000000005,-150.64000000000001,13.510000000000002,1
1786849335.1538794,L,1.04798,0.105164,0.613416,27.090000000000003,-155.54000000000002,14.070000000000002,1
1786849335.1681852,L,0.997472,0.031964,0.433588,4.69,-134.68,10.010000000000002,1
1786849335.1806924,R,0.965508,0.363072,-0.360876,-32.480000000000004,122.78000000000002,4.130000000000001,1
1786849335.1816928,R,0.956236,0.377956,-0.315492,-30.590000000000003,124.74000000000001,-2.5200000000000005,1
1786849335.1826928,L,0.969168,-0.017079999999999998,0.35526399999999997,-8.260000000000002,-112.21000000000001,-2.66,1
1786849335.1957908,R,0.959652,0.397476,-0.27327999999999997,-29.540000000000003,120.89000000000001,-0.9100000000000001,1
1786849335.2128062,L,1.015772,0.028548,0.493368,8.47,-110.81000000000002,-18.55,1
1786849335.2248874,R,0.96258,0.411872,-0.193736,-10.57,104.23,14.63,1
1786849335.242644,L,1.057984,0.10858,0.623908,18.130000000000003,-135.52,-24.92,1
1786849335.2436442,L,1.108248,0.196176,0.650748,12.040000000000001,-164.15,-15.610000000000001,1
1786849335.2457094,L,1.060912,0.145668,0.471408,2.87,-174.86,-9.8,1
1786849335.2581744,L,0.968924,0.066368,0.25986,4.41,-170.59,-12.39,1
1786849335.2726808,L,0.770308,0.07076,-0.1525,-14.14,-120.75000000000001,-12.180000000000001,1
1786849335.2879848,L,0.79422,0.050508,-0.072224,-39.690000000000005,-61.18000000000001,3.2900000000000005,1
1786849335.3031192,L,0.826184,0.057096,0.196664,-30.03,-66.92,8.4,1
1786849335.3183048,L,0.877424,0.125904,0.28548,-8.540000000000001,-87.43,-6.23,1
1786849335.3329344,L,0.8784,0.166652,0.232044,5.74,-104.72000000000001,-10.290000000000001,1
1786849335.3479488,L,0.9272,0.215452,0.23033599999999999,9.940000000000001,-114.59000000000002,2.24,1
1786849335.362977,L,0.884988,0.127856,0.130296,-1.7500000000000002,-105.77000000000001,15.820000000000002,1
1786849335.3780077,L,0.848144,-0.018543999999999998,0.054168,-1.8900000000000001,-89.53000000000002,16.450000000000003,1
1786849335.3940547,L,0.824964,-0.040992,0.029036,-7.7700000000000005,-72.38000000000001,14.910000000000002,1
1786849335.407616,L,0.831796,-0.016836,0.052704,-10.57,-62.440000000000005,13.72,1
1786849335.4226289,L,0.848388,0.020252,0.04636,-6.44,-59.080000000000005,10.500000000000002,1
1786849335.4386494,L,0.8723,0.067344,0.037332,-3.0100000000000002,-55.230000000000004,12.740000000000002,1
1786849335.4527128,L,0.871568,0.072712,0.044652,-2.9400000000000004,-51.730000000000004,14.350000000000001,1
1786849335.4831607,L,0.863028,0.065636,0.00366,-1.05,-51.1,13.72,1
1786849335.4831607,L,0.84058,0.048068,-0.05002,-4.69,-46.550000000000004,17.57,1
1786849335.4976833,L,0.8264279999999999,0.025376,-0.043676,-8.89,-45.43000000000001,25.270000000000003,1
1786849335.5130384,L,0.83692,0.019032,-0.0060999999999999995,-10.99,-49.00000000000001,30.520000000000003,1
1786849335.5281258,L,0.80032,0.033428,-0.014395999999999999,-10.430000000000001,-54.18000000000001,39.970000000000006,1
1786849335.543203,L,0.73566,-0.016836,-0.092964,-13.790000000000001,-52.080000000000005,28.840000000000003,1
1786849335.5581515,L,0.829356,-0.024888,-0.094184,-21.000000000000004,-38.010000000000005,21.98,1
1786849335.5726593,L,0.81984,-0.048799999999999996,-0.087596,-18.830000000000002,-28.910000000000004,28.490000000000002,1
1786849335.5877168,L,0.7881199999999999,-0.04026,-0.105896,-18.900000000000002,-13.860000000000001,23.660000000000004,1
1786849335.6027904,L,0.772016,-0.051972,-0.1281,-15.750000000000002,1.4000000000000001,20.090000000000003,1
1786849335.6178718,L,0.7339519999999999,-0.031964,-0.130052,-15.120000000000001,16.03,19.950000000000003,1
1786849335.6329403,L,0.692228,-0.051972,-0.139812,-12.88,31.500000000000004,21.21,1
1786849335.6476986,L,0.671488,-0.085156,-0.139324,-12.39,42.21,20.090000000000003,1
1786849335.6627784,L,0.59658,-0.056119999999999996,-0.1159,-19.180000000000003,57.120000000000005,23.660000000000004,1
1786849335.6781566,L,0.5626639999999999,-0.031232,-0.11931599999999999,-32.760000000000005,73.01,27.860000000000003,1
1786849335.692662,L,0.564616,-0.069784,-0.106872,-25.830000000000002,80.57000000000001,29.050000000000004,1
1786849335.7079809,L,0.595116,-0.08662,-0.092232,-13.72,93.10000000000001,25.69,1
1786849335.7230716,L,0.570228,-0.075884,-0.061732,-18.270000000000003,110.39000000000001,25.62,1
1786849335.7381163,L,0.570228,-0.101504,-0.011224,-27.720000000000002,126.21000000000001,29.960000000000004,1
1786849335.7526271,L,0.536312,-0.128832,0.068808,-25.410000000000004,140.14000000000001,35.42,1
1786849335.7826965,L,0.5897479999999999,-0.076128,0.162748,-16.03,148.33,36.330000000000005,1
1786849335.7836962,L,0.695888,0.000488,0.306464,-6.090000000000001,159.32000000000002,35.910000000000004,1
1786849335.8007097,L,0.7881199999999999,-0.036356,0.334036,11.620000000000001,154.70000000000002,22.540000000000003,1
1786849335.8128064,L,0.845948,-0.102724,0.368928,22.26,150.57000000000002,8.75,1
1786849335.8282194,L,0.844728,-0.145912,0.37454,17.57,147.84,-6.090000000000001,1
1786849335.842724,L,0.85522,-0.062708,0.46921199999999996,22.610000000000003,150.85000000000002,-8.05,1
1786849335.8709333,R,0.956236,0.36356,-0.118828,0.35000000000000003,84.63000000000001,28.770000000000003,1
1786849335.8729327,L,0.904996,0.020496,0.563396,7.5600000000000005,145.60000000000002,-4.2,1
1786849335.8739328,L,0.943304,-0.068564,0.57584,18.130000000000003,137.48000000000002,-15.05,1
1786849335.888873,L,0.916952,-0.144936,0.62586,30.660000000000004,135.45000000000002,-28.35,1
1786849335.9010258,R,0.952332,0.32012799999999997,-0.098332,0.07,75.46000000000001,31.360000000000003,1
1786849335.902026,R,0.949892,0.32086,-0.137616,-3.22,73.71000000000001,32.970000000000006,1
1786849335.9030259,L,0.955016,-0.050263999999999996,0.707356,13.090000000000002,137.97000000000003,-21.07,1
1786849335.9151595,R,0.955016,0.275232,-0.133224,-2.31,76.79,34.440000000000005,1
1786849335.9161634,R,0.965264,0.246196,-0.12322,-5.95,77.56,27.160000000000004,1
1786849335.9181638,L,0.967704,-0.09516,0.7381,-9.8,146.09,-6.930000000000001,1
1786849335.9306793,R,0.9516,0.248636,-0.08881599999999999,-3.6400000000000006,82.53,22.750000000000004,1
1786849335.931679,R,1.011136,0.317444,-0.10492,9.170000000000002,78.12,17.360000000000003,1
1786849335.9326792,L,0.959164,-0.21228,0.7044279999999999,-11.270000000000001,148.19000000000003,-2.87,1
1786849335.9458582,R,1.0065,0.3172,-0.025863999999999998,-6.930000000000001,88.76,38.220000000000006,1
1786849335.9478614,L,0.936472,-0.270352,0.717604,-1.54,145.53,-13.860000000000001,1
1786849335.961013,R,0.957944,0.229604,0.039772,-31.01,96.46000000000001,30.660000000000004,1
1786849335.9630132,L,0.937448,-0.17202,0.811788,-5.880000000000001,137.20000000000002,-22.26,1
1786849335.9776142,L,0.950624,-0.1403,0.885232,-5.53,123.69000000000001,-20.720000000000002,1
1786849335.9931216,L,1.050908,-0.143716,0.95404,2.5900000000000003,104.23,-7.000000000000001,1
1786849336.0076683,L,1.118008,-0.200812,1.01382,-12.110000000000001,103.95,9.870000000000001,1
1786849336.0219822,R,0.8325279999999999,0.305488,-0.647332,4.2700000000000005,-159.81,-63.56000000000001,1
1786849336.0229824,L,1.16876,-0.32256799999999997,1.032364,-32.06,104.30000000000001,17.92,1
1786849336.0384972,L,1.155584,-0.368684,0.9286639999999999,-51.45,100.59,10.71,1
1786849336.0530038,L,1.115568,-0.350628,0.80764,-70.91000000000001,105.28000000000002,2.9400000000000004,1
1786849336.0676239,L,1.086044,-0.260836,0.788608,-88.55000000000001,120.96000000000001,6.580000000000001,1
1786849336.080133,R,0.826916,0.39161999999999997,-0.692472,-5.53,-123.41000000000001,-80.78,1
1786849336.0821326,R,0.836432,0.44408,-0.67222,-18.69,-100.17000000000002,-91.35000000000001,1
1786849336.0956776,R,0.852048,0.477508,-0.627324,-32.480000000000004,-82.04,-111.65,1
1786849336.1107535,R,0.911096,0.552172,-0.608536,-42.14,-69.86000000000001,-133.70000000000002,1
1786849336.158196,L,1.150704,-0.150548,0.916464,-99.82000000000001,135.94000000000003,34.790000000000006,1
1786849336.1591964,L,1.28832,-0.143228,1.1773,-100.03000000000002,133.35000000000002,51.870000000000005,1
1786849336.160198,L,1.270508,-0.131516,1.247816,-103.46000000000001,99.26,50.96000000000001,1
1786849336.173703,L,1.1204479999999999,-0.116876,1.079212,-115.85000000000001,66.43,41.09,1
1786849336.201131,R,0.9581879999999999,0.720776,-0.70394,-23.660000000000004,-71.19000000000001,-136.01000000000002,1
1786849336.3089123,L,0.9581879999999999,-0.107116,0.842532,-117.11000000000001,36.89,33.25,1
1786849336.3257747,L,0.876448,-0.131028,0.81984,-95.9,-1.6800000000000002,26.53,1
1786849336.3407888,L,0.896944,-0.179584,0.899628,-61.46000000000001,-58.59,11.48,1
1786849336.3417897,L,0.9606279999999999,-0.190808,1.0365119999999999,-41.02,-93.66000000000001,2.0300000000000002,1
1786849336.4262085,R,0.971608,0.795928,-0.775676,5.8100000000000005,-82.46000000000001,-119.00000000000001,1
1786849336.4407167,R,0.97112,0.777872,-0.813252,16.59,-81.69000000000001,-103.46000000000001,1
1786849336.4427166,L,1.075796,-0.209108,1.147044,-49.21000000000001,-105.35000000000001,4.970000000000001,1
1786849336.5029585,L,1.026264,-0.2379,1.1375279999999999,-85.4,-94.71000000000001,9.870000000000001,1
1786849336.5460384,R,0.941596,0.736148,-0.791048,24.430000000000003,-79.17,-101.71000000000001,1
1786849336.5632076,L,0.85522,-0.267912,0.970388,-114.17000000000002,-93.94000000000001,7.5600000000000005,1
1786849336.577909,L,0.6907639999999999,-0.346724,0.760792,-110.60000000000001,-105.14000000000001,4.41,1
1786849336.591969,R,0.88328,0.722728,-0.654896,37.52,-85.05000000000001,-117.67000000000002,1
1786849336.6211195,R,0.750056,0.979416,-0.925492,52.290000000000006,-123.06000000000002,-119.84000000000002,1
1786849336.6231189,L,0.540948,-0.26474,0.574864,-144.06,-128.66000000000003,-9.030000000000001,1
1786849336.6231189,L,0.529236,-0.306708,0.474336,-116.13000000000001,-139.51000000000002,-1.4000000000000001,1
1786849336.6528091,L,0.5392399999999999,-0.355752,0.41114,-99.89000000000001,-134.75,0.35000000000000003,1
1786849336.6548083,L,0.622688,-0.311344,0.487512,-105.91000000000001,-115.43,-5.11,1
1786849336.665841,R,0.850096,1.145092,-1.114592,56.07000000000001,-77.42,-88.9,1
1786849336.6678417,L,0.705892,-0.228628,0.51118,-119.21000000000001,-105.56000000000002,-5.8100000000000005,1
1786849336.7135453,L,0.6871039999999999,-0.199592,0.079056,-57.89000000000001,-108.36000000000001,-27.37,1
1786849336.7160518,L,0.637572,-0.409188,0.001464,-43.260000000000005,-61.60000000000001,-17.290000000000003,1
1786849336.7256835,R,0.97234,1.201944,-1.079944,-2.3800000000000003,-20.160000000000004,-63.14000000000001,1
1786849336.7429774,L,0.781288,-0.277428,-0.130296,-33.25,-18.69,-11.270000000000001,1
1786849336.7439764,L,0.77226,-0.366,-0.164456,-29.960000000000004,13.510000000000002,-5.390000000000001,1
1786849336.745992,L,0.698572,-0.16226,-0.128832,-6.580000000000001,11.06,-10.71,1
1786849336.7469923,L,0.700768,-0.190808,-0.159332,14.980000000000002,-0.9800000000000001,-19.040000000000003,1
1786849336.7479942,L,0.690032,-0.17324,-0.1769,15.96,13.580000000000002,-28.140000000000004,1
1786849336.7489944,L,0.70028,-0.183732,-0.109068,12.88,49.07000000000001,-42.00000000000001,1
1786849336.750992,L,0.49702799999999997,0.1464,-0.082716,39.690000000000005,121.24000000000001,-74.41000000000001,1
1786849336.7519922,L,0.41992399999999996,0.09272,-0.130296,40.53,132.51000000000002,-80.78,1
1786849336.7590108,L,0.325008,0.12834399999999999,-0.227164,31.640000000000004,153.65,-80.64000000000001,1
1786849336.7731109,L,0.236436,0.20984,-0.242536,-5.460000000000001,207.06000000000003,-46.27,1
1786849336.847856,L,0.124928,0.37868799999999997,-0.19276,-37.38,282.03000000000003,3.5700000000000003,1
1786849336.8488562,L,-0.012931999999999999,0.55266,-0.010003999999999999,-50.050000000000004,367.99,21.560000000000002,1
1786849336.8508568,L,0.044896,0.698084,0.37624799999999997,-43.89000000000001,371.42,-3.7100000000000004,1
1786849336.851857,L,0.073932,0.901092,0.6685599999999999,10.010000000000002,363.37000000000006,-51.38,1
1786849336.8528562,L,0.089548,1.22366,0.769332,119.28000000000002,341.67,-98.35000000000001,1
1786849336.86292,L,-0.250832,1.490108,0.686372,257.74,320.67,-147.77,1
1786849336.8761578,R,0.98088,1.151924,-0.976488,-53.550000000000004,4.760000000000001,-46.2,1
1786849336.8781574,L,-0.659044,1.649684,0.7771399999999999,356.09000000000003,340.13000000000005,-203.84000000000003,1
1786849336.893205,L,-1.39934,1.831464,0.752008,388.85,431.90000000000003,-238.14000000000001,1
1786849336.9079442,L,-2.401692,1.868552,0.753228,393.40000000000003,607.46,-276.78000000000003,1
1786849336.9220266,L,-3.622912,2.10816,1.30296,295.61,742.7700000000001,-269.08000000000004,1
1786849336.93811,L,-4.4805719999999996,2.518812,2.32288,177.87,846.1600000000001,-200.76000000000002,1
1786849336.9508822,R,0.695156,0.721996,-0.976976,-117.88000000000001,94.99000000000001,-24.080000000000002,1
1786849336.9658968,R,0.328668,0.63684,0.162016,-66.01,76.79,-29.050000000000004,1
1786849336.9678965,L,-5.376784,3.500912,3.338164,139.09,898.45,-22.05,1
1786849337.0139704,L,-5.20208,3.083184,3.686108,229.18000000000004,804.7900000000001,213.64000000000001,1
1786849337.014972,L,-5.3533599999999995,2.4575679999999998,3.8857,227.29000000000002,785.47,367.43,1
1786849337.016111,L,-4.78484,1.339804,3.9774439999999998,128.45000000000002,755.6500000000001,447.02000000000004,1
1786849337.0260098,R,0.26352,0.611708,0.199348,-73.22000000000001,78.47000000000001,-34.720000000000006,1
1786849337.0270102,R,0.166164,0.664412,0.394548,-69.02000000000001,84.91000000000001,13.860000000000001,1
1786849337.0290096,L,-4.17728,0.82716,3.500912,100.87,626.1500000000001,488.25000000000006,1
1786849337.0310102,L,-4.094808,0.586332,2.7728159999999997,12.670000000000002,500.85,474.6700000000001,1
1786849337.0430424,L,-4.341492,0.671244,1.897344,-75.60000000000001,382.34000000000003,438.27000000000004,1
1786849337.0556679,R,0.288896,0.800808,0.5712039999999999,-70.21000000000001,24.430000000000003,29.820000000000004,1
1786849337.0566685,R,0.19397999999999999,0.62952,0.535336,-41.580000000000005,-36.61000000000001,121.59000000000002,1
1786849337.05767,L,-4.748972,0.984784,1.270264,-67.2,382.90000000000003,457.80000000000007,1
1786849337.0706904,R,0.190076,0.512156,0.5724239999999999,-46.2,-47.67,122.78000000000002,1
1786849337.0716908,R,0.083936,0.222528,0.722972,17.71,-219.66000000000003,294.35,1
1786849337.0726905,L,-5.118144,1.03212,1.4457,-114.80000000000001,450.24000000000007,561.5400000000001,1
1786849337.0859644,R,-1.404708,-2.229672,-1.055056,-145.18,-407.40000000000003,319.27000000000004,1
1786849337.0869641,R,-3.802496,-0.910608,-4.2639,-561.12,-450.80000000000007,278.25,1
1786849337.0879662,L,-5.556368,0.8235,2.07888,-223.09000000000003,455.98,698.6,1
1786849337.1010494,R,-4.784596,-1.1289879999999999,-5.1911,-411.11,-531.72,181.79000000000002,1
1786849337.1020494,R,-7.994904,1.406904,-7.982216,-658.84,-480.41,-796.0400000000001,1
1786849337.1030488,L,-5.451204,0.20105599999999998,2.70718,-270.55,381.57000000000005,754.2500000000001,1
1786849337.1160789,R,-7.858995999999999,3.30376,-5.983856,-303.45000000000005,585.48,-1326.3600000000001,1
1786849337.1170793,R,-7.988316,4.386144,-5.395572,199.22000000000003,157.78,-1161.0200000000002,1
1786849337.11808,L,-4.853892,-0.08906,3.379156,-185.29000000000002,206.85000000000002,734.7900000000001,1
1786849337.130304,R,-7.788968,5.198176,-6.0748679999999995,435.61,-236.18000000000004,-969.6400000000001,1
1786849337.1313019,R,-7.678923999999999,4.543036,-5.997032,397.11,-302.75000000000006,-927.08,1
1786849337.1333003,L,-4.601596,0.41870399999999997,3.444792,-188.3,-21.98,689.7800000000001,1
1786849337.1458244,R,-7.994904,4.52498,-6.269092,282.87,-201.74,-1068.6200000000001,1
1786849337.147827,L,-4.85316,1.090924,3.131252,-272.02000000000004,-132.72,701.8900000000001,1
1786849337.160907,R,-7.994904,4.952712,-6.865428,159.60000000000002,93.94000000000001,-1169.49,1
1786849337.1619067,R,-7.621828,5.174508,-6.911055999999999,200.13000000000002,387.8,-1238.23,1
1786849337.162907,L,-5.1049679999999995,1.6060079999999999,3.4579679999999997,-203.77,-180.74,788.48,1
1786849337.1760106,R,-7.31878,5.3423799999999995,-6.390116,389.62000000000006,537.6,-1191.1200000000001,1
1786849337.178011,L,-5.571252,1.631384,4.02966,111.79,-310.94000000000005,861.7700000000001,1
1786849337.190176,R,-6.917888,5.002732,-5.596384,569.1,516.1800000000001,-1036.0700000000002,1
1786849337.2077284,L,-5.86576,1.39324,3.95036,339.29,-409.43000000000006,894.6000000000001,1
1786849337.2360334,R,-6.334972,4.342712,-4.985164,638.96,395.57000000000005,-882.84,1
1786849337.2370334,R,-5.944572,3.608516,-4.69334,577.4300000000001,326.06000000000006,-786.1700000000001,1
1786849337.2380333,L,-6.103904,0.750544,3.601684,312.20000000000005,-390.6,932.33,1
1786849337.2390351,L,-5.621272,-0.15128,3.2696,170.94000000000003,-334.81000000000006,934.08,1
1786849337.2410336,L,-4.936852,-0.915,3.07318,125.16000000000001,-343.28000000000003,878.0100000000001,1
1786849337.250169,R,-5.615416,3.1073399999999998,-4.5549919999999995,428.05000000000007,396.48,-761.5300000000001,1
1786849337.2511702,R,-5.188904,2.877248,-4.327096,319.48,560.1400000000001,-756.7,1
1786849337.2531693,L,-4.14068,-1.593808,2.762812,236.39000000000001,-374.22,786.2400000000001,1
1786849337.2827315,L,-3.378668,-1.88002,2.692784,413.77000000000004,-353.15000000000003,630.9100000000001,1
1786849337.2837312,L,-2.668872,-1.908568,2.7484159999999997,493.78000000000003,-327.46000000000004,497.63000000000005,1
1786849337.2979083,L,-2.201856,-1.781688,2.928,489.86000000000007,-330.40000000000003,424.55000000000007,1
1786849337.3119946,R,-4.7716639999999995,3.0038839999999998,-4.024292,300.86,685.09,-751.2400000000001,1
1786849337.312994,L,-1.912472,-1.650172,3.044632,481.95000000000005,-325.36,410.83000000000004,1
1786849337.3281791,L,-1.6479759999999999,-1.689944,2.88042,438.41,-353.15000000000003,447.16,1
1786849337.3416846,R,-4.409568,3.190056,-3.645848,263.90000000000003,775.6,-718.48,1
1786849337.3738368,L,-1.63602,-1.7446,2.596892,390.32000000000005,-354.06000000000006,455.91,1
1786849337.375892,L,-1.606984,-1.97274,2.256024,345.73,-341.04,405.16,1
1786849337.3879895,L,-1.53354,-2.141832,2.124996,335.09000000000003,-345.8,295.75,1
1786849337.38899,L,-1.47498,-2.106452,2.138172,345.45000000000005,-369.53000000000003,194.60000000000002,1
1786849337.4030194,L,-1.354688,-1.783152,1.934676,314.3,-394.03000000000003,206.57000000000002,1
1786849337.4180303,L,-1.2805119999999999,-1.706292,1.435208,210.70000000000002,-356.37000000000006,276.08000000000004,1
1786849337.4330528,L,-1.070916,-1.853424,0.920856,83.30000000000001,-263.27000000000004,309.19000000000005,1
1786849337.4482176,L,-0.785436,-1.9200359999999999,0.642452,39.06,-213.85000000000002,259.28000000000003,1
1786849337.463272,L,-0.635132,-1.9783519999999999,0.42212,76.44000000000001,-236.60000000000002,151.62,1
1786849337.4928455,L,-0.540216,-1.9154,0.234728,125.09000000000002,-259.28000000000003,86.10000000000001,0
1786849337.508397,L,-0.596824,-1.692628,-0.011467999999999999,84.91000000000001,-265.37,92.96000000000001,0
1786849337.5093973,L,-0.576816,-1.548912,-0.362096,15.610000000000001,-259.07000000000005,126.56000000000002,0
1786849337.5384405,L,-0.549976,-1.66164,-0.74786,10.99,-257.6,147.91000000000003,0
1786849337.5394397,L,-0.6341559999999999,-1.9215,-0.976,16.17,-213.29000000000002,162.05,0
1786849337.5529485,L,-0.8264279999999999,-2.143052,-1.071892,-31.92,-126.91000000000001,139.93,0
1786849337.5685134,L,-0.880352,-2.252608,-1.0553,-56.7,-40.53,72.87,0
1786849337.5810215,R,-3.95158,3.159556,-3.1292999999999997,135.59,842.1000000000001,-631.7500000000001,0
1786849337.6137674,L,-0.793,-2.0937639999999997,-0.887428,-66.43,-7.630000000000001,-23.520000000000003,0
1786849337.615271,L,-0.701744,-1.712392,-0.734196,-54.32000000000001,-6.65,-77.77000000000001,0
1786849337.6162755,L,-0.5367999999999999,-1.429108,-0.648796,-45.150000000000006,8.260000000000002,-85.26,0
1786849337.628416,L,-0.394304,-1.283196,-0.536068,-29.470000000000002,54.39000000000001,-60.27,0
1786849337.6434584,L,-0.271572,-1.220976,-0.361364,-39.900000000000006,101.36000000000001,-36.050000000000004,0
1786849337.6585388,L,-0.138104,-1.272948,-0.261812,-52.78000000000001,132.72,-29.890000000000004,0
1786849337.6725929,L,0.01952,-1.299544,-0.204228,-51.52,140.49,-56.63,0
1786849337.6876843,L,0.154452,-1.209752,-0.119804,-38.080000000000005,133.70000000000002,-103.46000000000001,0
1786849337.7031906,L,0.216428,-0.893284,-0.0034159999999999998,-36.75,118.72000000000001,-117.18,0
1786849337.7182775,L,0.240828,-0.659044,0.009028,-52.50000000000001,108.43,-85.19000000000001,0
1786849337.748382,L,0.197884,-0.621712,-0.076372,-69.58000000000001,110.95000000000002,-36.120000000000005,0
1786849337.7493806,L,-0.066124,-0.607072,-0.537532,-22.400000000000002,160.44000000000003,17.150000000000002,0
1786849337.7634583,L,-0.411628,-0.5856,-1.824632,-39.27,475.79,81.69000000000001,0
1786849337.7936866,L,-0.34892,-1.511336,0.08881599999999999,-3.22,283.22,-37.1,0
1786849337.7957342,L,0.11102,-1.227808,0.636108,29.540000000000003,210.28000000000003,-102.55000000000001,0
1786849337.8079617,L,0.067344,-0.99552,0.650748,1.4000000000000001,161.63000000000002,-156.59,0
1786849337.8229787,L,0.097356,-0.837164,0.5465599999999999,-24.290000000000003,131.18,-158.55,0
1786849337.8383894,L,0.020007999999999998,-0.756644,0.299144,-56.21000000000001,131.25,-145.18,0
1786849337.8534453,L,0.018543999999999998,-0.7278519999999999,0.151524,-107.17000000000002,148.4,-126.00000000000001,0
1786849337.8684623,L,0.144448,-0.72712,0.19886,-136.71,197.82000000000002,-110.04,0
1786849337.8805077,R,-3.500668,2.958012,-2.582496,-24.990000000000002,901.6000000000001,-503.86000000000007,0
1786849337.8835077,L,0.197396,-0.7686,0.264252,-124.60000000000001,249.34000000000003,-116.83000000000001,0
1786849337.8955846,R,-3.169804,2.778184,-2.099132,-133.21,927.9200000000001,-374.08000000000004,0
1786849337.8965893,R,-2.9638679999999997,2.791848,-1.587952,-122.50000000000001,916.9300000000001,-275.45000000000005,0
1786849337.8975885,L,0.222528,-0.773968,0.439444,-102.62,256.13000000000005,-131.46,0
1786849337.9126508,L,0.224968,-0.742736,0.53436,-106.68,243.67000000000002,-140.98000000000002,0
1786849337.9277039,L,0.190076,-0.7141879999999999,0.516548,-122.43,224.21,-141.68,0
1786849337.9417534,R,-2.904088,3.173952,-1.016016,-30.870000000000005,848.96,-174.23000000000002,0
1786849337.943754,L,0.111264,-0.708332,0.367952,-133.35000000000002,214.76000000000002,-143.71,0
1786849337.957846,L,0.083692,-0.712236,0.2501,-138.74,231.21,-157.57000000000002,0
1786849337.9741216,L,0.13054,-0.679296,0.307684,-130.55,265.58000000000004,-184.8,0
1786849337.9866383,R,-2.771108,3.532388,-0.221552,48.09,709.59,0.35000000000000003,0
1786849337.9876385,L,0.17812,-0.6317159999999999,0.42309599999999997,-118.09000000000002,281.19000000000005,-200.55,0
1786849338.0006797,R,-2.590792,3.6490199999999997,0.338428,72.94000000000001,504.35,251.16000000000003,0
1786849338.0016801,R,-2.542236,3.18786,0.354532,116.13000000000001,342.86,435.68000000000006,0
1786849338.0177696,L,0.2196,-0.553392,0.5465599999999999,-121.17000000000002,287.49,-204.68,0
1786849338.0187683,L,0.219356,-0.50264,0.5978,-126.77000000000001,284.48,-203.70000000000002,0
1786849338.033883,L,0.17202,-0.463844,0.59292,-132.65,282.24,-197.05,0
1786849338.0480304,L,0.117852,-0.476532,0.5663239999999999,-129.78,284.27000000000004,-204.75000000000003,0
1786849338.062853,L,0.134444,-0.48922,0.626348,-115.08000000000001,311.01000000000005,-244.72000000000003,0
1786849338.0760942,R,-2.494168,2.627148,0.305244,142.8,267.19,478.66,0
1786849338.0928535,L,0.07124799999999999,-0.399916,0.813008,-119.28000000000002,349.86,-301.98,0
1786849338.0938542,L,0.049532,-0.219112,1.082384,-115.50000000000001,366.31000000000006,-340.62,0
1786849338.1061487,R,-0.533872,0.23302,1.625284,-66.78,-33.18,-6.090000000000001,0
1786849338.1081524,L,0.008296,0.056119999999999996,1.3127199999999999,-117.88000000000001,353.57000000000005,-358.82000000000005,0
1786849338.1226566,L,-0.030012,0.254736,1.3668879999999999,-144.06,319.34000000000003,-345.45000000000005,0
1786849338.1368802,R,0.089548,0.828136,0.067832,-151.48000000000002,-314.86,-33.95,0
1786849338.1378803,L,-0.056852,0.259616,1.271484,-155.33,282.8,-309.68,0
1786849338.1510155,R,0.046604,0.921832,-0.127856,-150.92000000000002,-327.46000000000004,-42.00000000000001,0
1786849338.1520147,R,0.034892,1.050664,-0.34282,-152.32000000000002,-304.85,-28.770000000000003,0
1786849338.1660392,R,0.013663999999999999,0.582428,-0.549244,-136.99,-392.49,61.11000000000001,0
1786849338.1670427,R,-0.011224,0.6600199999999999,-0.85034,-176.19000000000003,-369.67,30.310000000000002,0
1786849338.1680427,L,-0.094916,0.155672,1.174128,-116.55000000000001,240.24,-308.07000000000005,0
1786849338.1700425,L,-0.15006,0.073444,1.17852,-25.200000000000003,201.74,-367.99,0
1786849338.1820846,R,0.0068319999999999995,0.74908,-1.0365119999999999,-200.27,-317.03000000000003,3.2900000000000005,0
1786849338.1830838,L,-0.165432,0.12395199999999999,1.207312,7.140000000000001,182.98000000000002,-443.24000000000007,0
1786849338.210856,R,0.052948,0.757864,-1.0438319999999999,-195.09000000000003,-289.73,7.280000000000001,0
1786849338.211856,R,-0.0034159999999999998,0.452376,-1.088972,-106.68,-414.89000000000004,119.42000000000002,0
1786849338.2128553,L,-0.190808,0.35502,1.318576,-6.23,158.55,-484.54,0
1786849338.2159278,L,-0.27083999999999997,0.764208,1.434232,-58.660000000000004,132.79000000000002,-476.07000000000005,0
1786849338.225941,R,-0.066856,0.24278,-1.772904,-152.95000000000002,-326.69000000000005,147.63000000000002,0
1786849338.2269483,R,-0.126636,0.069784,-1.7302039999999999,-147.56,-299.74,166.53000000000003,0
1786849338.240154,R,-0.17763199999999998,-0.056608,-1.684088,-131.95000000000002,-293.51000000000005,157.57000000000002,0
1786849338.241155,R,-0.195688,-0.11468,-1.5786799999999999,-108.57000000000001,-291.13000000000005,131.46,0
1786849338.2431536,L,-0.220332,0.988932,1.356152,-119.21000000000001,122.08000000000001,-423.36,0
1786849338.2441542,L,-0.225456,0.934032,1.125572,-167.3,140.91000000000003,-343.21000000000004,0
1786849338.2557719,R,-0.175436,-0.212524,-1.3358999999999999,-64.54,-305.34000000000003,130.41000000000003,0
1786849338.2568579,R,-0.247172,-0.250344,-1.249524,-20.090000000000003,-349.72,169.33,0
1786849338.257858,L,-0.268644,0.752984,0.942084,-160.16000000000003,194.74,-285.6,0
1786849338.2710176,R,-0.347456,-0.29670399999999997,-1.41032,-45.92,-372.75000000000006,198.8,0
1786849338.2720175,R,-0.417728,-0.322812,-1.6592,-106.26,-357.56000000000006,191.31000000000003,0
1786849338.2730176,L,-0.335256,0.567056,0.9137799999999999,-118.23000000000002,247.24000000000004,-276.57000000000005,0
1786849338.2860534,R,-0.408944,-0.31964,-1.7958399999999999,-136.01000000000002,-324.59000000000003,162.26000000000002,0
1786849338.2870567,R,-0.388692,-0.240828,-1.712148,-116.76,-296.31,128.73000000000002,0
1786849338.2880576,L,-0.434076,0.433588,1.0857999999999999,-64.54,309.33000000000004,-304.08000000000004,0
1786849338.3001804,R,-0.279868,-0.240096,-1.41886,-87.85000000000001,-278.81,122.15,0
1786849338.30318,L,-0.617564,0.366244,1.334436,-48.580000000000005,372.54,-367.50000000000006,0
1786849338.3157687,R,-0.35648399999999997,-0.16348,-1.285636,-108.57000000000001,-273.91,130.9,0
1786849338.3178298,L,-0.747616,0.489464,1.626016,-67.62,383.74,-427.28000000000003,0
1786849338.3309426,R,-0.453108,-0.051972,-1.2658719999999999,-144.48000000000002,-286.23,127.4,0
1786849338.3329415,L,-0.71614,0.670268,1.709952,-105.77000000000001,339.57000000000005,-442.40000000000003,0
1786849338.3460696,R,-0.521184,0.031476,-1.251964,-154.63000000000002,-312.06,129.57000000000002,0
1786849338.348074,L,-0.644404,0.785192,1.625284,-108.15,270.97,-420.21000000000004,0
1786849338.360213,R,-0.6636799999999999,0.12395199999999999,-1.2688,-128.31,-359.73,138.32000000000002,0
1786849338.3632128,L,-0.624396,0.820328,1.400072,-48.160000000000004,179.76000000000002,-399.35,0
1786849338.374759,R,-0.781044,0.184464,-1.306376,-74.34,-420.28000000000003,153.93,0
1786849338.3783069,L,-0.704672,0.788852,1.1770559999999999,55.93000000000001,96.39000000000001,-408.73,0
1786849338.3909192,R,-0.938912,0.24326799999999998,-1.343952,-30.17,-463.89000000000004,163.94000000000003,0
1786849338.3929193,L,-0.793,0.70272,0.983808,169.19000000000003,45.50000000000001,-451.92,0
1786849338.4050446,R,-1.055544,0.294996,-1.432524,2.45,-480.27000000000004,188.86,0
1786849338.409308,L,-0.917196,0.663192,0.932568,260.54,35.0,-512.2600000000001,0
1786849338.4204016,R,-1.199992,0.325252,-1.46278,21.700000000000003,-475.65000000000003,217.35000000000002,0
1786849338.4234023,L,-1.003328,0.901336,1.146068,290.01000000000005,27.650000000000002,-565.6700000000001,0
1786849338.436927,R,-1.3236999999999999,0.373076,-1.528416,6.65,-452.76000000000005,240.03000000000003,0
1786849338.437927,L,-0.899384,1.17608,1.270264,251.09000000000003,-1.2600000000000002,-566.3000000000001,0
1786849338.4510581,R,-1.420812,0.40089199999999997,-1.506456,-28.000000000000004,-419.23,246.33,0
1786849338.453059,L,-0.805932,1.302472,1.213656,199.57000000000002,-27.51,-493.22,0
1786849338.4651303,R,-1.537444,0.434564,-1.442528,-55.09,-396.55,248.78000000000003,0
1786849338.4681504,L,-0.792512,1.277828,1.005036,156.10000000000002,-44.03,-396.13000000000005,0
1786849338.4832323,L,-0.804956,1.208288,0.84912,127.33000000000001,-25.970000000000002,-334.46000000000004,0
1786849338.4983559,L,-0.825452,1.169004,0.737368,119.42000000000002,12.040000000000001,-318.36,0
1786849338.5132952,L,-0.87474,1.119228,0.7141879999999999,139.65,41.440000000000005,-315.91,0
1786849338.5279603,L,-0.920856,1.162416,0.8227679999999999,162.61,53.690000000000005,-315.42,0
1786849338.5402458,R,-1.72752,0.501664,-1.3803079999999999,-48.370000000000005,-400.75000000000006,264.88000000000005,0
1786849338.5447493,L,-0.848388,1.321016,0.93574,168.98000000000002,42.21,-295.26000000000005,0
1786849338.5583465,L,-0.682712,1.331508,0.870592,170.24,17.01,-239.47000000000003,0
1786849338.570385,R,-1.982988,0.49654,-1.339804,-12.110000000000001,-425.74000000000007,303.66,0
1786849338.5713854,R,-2.263344,0.410896,-1.4569239999999999,8.540000000000001,-462.63000000000005,362.11,0
1786849338.5733855,L,-0.667828,1.204384,0.806908,159.25000000000003,13.440000000000001,-157.22000000000003,0
1786849338.586023,R,-2.347036,0.22447999999999999,-1.7302039999999999,-20.090000000000003,-473.62000000000006,399.42,0
1786849338.5870275,R,-2.233576,-0.0366,-2.0864439999999997,-58.730000000000004,-427.56000000000006,394.52000000000004,0
1786849338.5880275,L,-0.699548,1.144116,0.833992,133.28,28.490000000000002,-89.67,0
1786849338.6010594,R,-1.973472,-0.29304399999999997,-2.205516,-38.220000000000006,-348.04,335.86,0
1786849338.6020596,R,-1.621624,-0.395768,-2.05448,45.92,-284.55,246.40000000000003,0
1786849338.6030614,L,-0.728584,1.064084,0.866932,95.27000000000001,37.59,-46.970000000000006,0
1786849338.6151206,R,-1.40422,-0.263032,-1.847324,136.85000000000002,-247.8,182.70000000000002,0
1786849338.6161823,R,-1.19682,-0.09467199999999999,-1.650904,183.47000000000003,-218.33,143.71,0
1786849338.618186,L,-0.750056,0.9225639999999999,0.811788,45.50000000000001,39.550000000000004,-0.28,0
1786849338.6304758,R,-1.0352919999999999,-0.011467999999999999,-1.419348,195.51000000000002,-184.73000000000002,118.79,0
1786849338.6314764,R,-0.9064599999999999,0.034892,-1.252696,176.89000000000001,-150.57000000000002,103.11000000000001,0
1786849338.633478,L,-0.820572,0.769088,0.7512759999999999,2.5200000000000005,38.71,51.730000000000004,0
1786849338.6450408,R,-0.8486319999999999,0.10614,-1.1529,137.83,-120.12,75.04,0
1786849338.6481285,L,-0.888648,0.676612,0.717116,-30.660000000000004,39.550000000000004,79.52000000000001,0
1786849338.6601582,R,-0.845704,0.167628,-1.151924,83.58000000000001,-97.72000000000001,49.84,0
1786849338.6631582,L,-0.898896,0.6222,0.678564,-40.88,39.06,65.94000000000001,0
1786849338.674775,R,-0.8313079999999999,0.233508,-1.1807159999999999,36.540000000000006,-69.23,35.21,0
1786849338.6783154,L,-0.870592,0.607072,0.643428,-20.020000000000003,20.37,32.480000000000004,0
1786849338.6903524,R,-0.793732,0.257176,-1.155096,8.680000000000001,-38.78,33.25,0
1786849338.6933522,L,-0.829112,0.640988,0.651236,29.470000000000002,-3.22,1.4700000000000002,0
1786849338.705935,R,-0.762012,0.267912,-1.13704,-11.830000000000002,-20.44,36.400000000000006,0
1786849338.7080324,L,-0.762744,0.657092,0.710284,92.61000000000001,-26.46,-19.110000000000003,0
1786849338.7210648,R,-0.7917799999999999,0.324276,-1.214388,-35.63,-13.790000000000001,27.44,0
1786849338.7230644,L,-0.81862,0.7424919999999999,0.866444,154.91000000000003,-52.010000000000005,-35.980000000000004,0
1786849338.7347605,R,-0.8732759999999999,0.419436,-1.37982,-67.62,-14.280000000000001,0.42000000000000004,0
1786849338.738306,L,-0.84546,0.84912,1.012356,212.52,-84.21000000000001,-49.910000000000004,0
1786849338.7503643,R,-0.8757159999999999,0.502396,-1.566968,-88.55000000000001,-4.340000000000001,-18.830000000000002,0
1786849338.7533636,L,-0.927932,0.944524,1.081652,250.67000000000002,-120.26,-67.97000000000001,0
1786849338.7659452,R,-0.818376,0.559248,-1.61406,-73.99000000000001,27.160000000000004,-15.400000000000002,0
1786849338.768012,L,-0.95526,1.066036,1.068964,263.97,-144.97000000000003,-93.87,0
1786849338.7801354,R,-0.813496,0.586576,-1.540616,-54.39000000000001,48.510000000000005,5.390000000000001,0
1786849338.7841346,L,-0.993812,1.115568,0.942816,252.42000000000002,-151.20000000000002,-108.57000000000001,0
1786849338.7949018,R,-0.777628,0.529968,-1.4727839999999999,-45.290000000000006,33.6,19.32,0
1786849338.7984376,L,-1.006744,1.102636,0.8723,242.20000000000002,-140.14000000000001,-109.41000000000001,0
1786849338.8109934,R,-0.6954,0.449448,-1.483032,-56.28000000000001,17.57,16.59,0
1786849338.8129926,L,-0.931348,1.0248,0.802516,241.08,-127.33000000000001,-112.77000000000001,0
1786849338.8252342,R,-0.542168,0.32452,-1.45424,-82.53,18.060000000000002,-9.520000000000001,0
1786849338.8282409,L,-0.8066639999999999,0.869616,0.719556,229.04000000000002,-124.25000000000001,-126.00000000000001,0
1786849338.8403785,R,-0.354776,0.172508,-1.298324,-98.77000000000001,27.300000000000004,-38.78,0
1786849338.8433776,L,-0.680516,0.734928,0.621956,211.54000000000002,-128.24,-146.58,0
1786849338.8559458,R,-0.254248,0.042212,-1.066524,-98.49000000000001,50.96000000000001,-59.57000000000001,0
1786849338.8580391,L,-0.669048,0.634888,0.547536,185.36,-124.46000000000001,-161.28000000000003,0
1786849338.8710778,R,-0.29036,-0.046604,-0.841312,-91.28000000000002,72.73,-70.07000000000001,0
1786849338.873078,L,-0.746396,0.524356,0.520208,160.23000000000002,-108.43,-151.97000000000003,0
1786849338.8851328,R,-0.326716,-0.13908,-0.641964,-84.21000000000001,81.76,-80.01,0
1786849338.900502,R,-0.243512,-0.274256,-0.506056,-90.23,90.16000000000001,-103.95,0
1786849338.903501,L,-0.653676,0.3599,0.487268,155.75000000000003,-103.81000000000002,-159.25000000000003,0
1786849338.9050038,L,-0.543388,0.23668,0.369904,193.34000000000003,-144.62,-218.61,0
1786849338.918125,L,-0.477996,0.225212,0.156404,243.74,-211.40000000000003,-313.67,0
1786849338.9334605,L,-0.424804,0.387716,-0.095404,265.58000000000004,-273.77000000000004,-409.78000000000003,0
1786849338.9481688,L,-0.385032,0.534848,-0.40016,242.69000000000003,-279.02000000000004,-455.70000000000005,0
1786849338.9602451,R,-0.201544,-0.315004,-0.323788,-104.09,105.35000000000001,-181.72000000000003,0
1786849338.9632459,L,-0.22569999999999998,0.674904,-0.646356,185.71,-221.41000000000003,-449.89000000000004,0
1786849338.9784079,L,-0.136884,0.8535119999999999,-0.970144,127.61000000000001,-144.06,-400.68000000000006,0
1786849338.9934685,L,-0.099064,1.142652,-1.146312,67.27000000000001,-48.440000000000005,-339.78000000000003,0
1786849339.008216,L,-0.10858,1.411052,-1.193648,33.67,75.11000000000001,-267.82000000000005,0
1786849339.0227716,L,-0.18788,1.565992,-0.949892,37.660000000000004,185.57000000000002,-188.93,0
1786849339.0383477,L,-0.244976,1.632116,-0.600972,63.980000000000004,256.41,-112.49000000000001,0
1786849339.0533829,L,-0.388936,1.5986879999999999,-0.267912,84.98,292.11,-25.970000000000002,0
1786849339.068485,L,-0.643428,1.598932,0.060024,88.27000000000001,320.53000000000003,84.14000000000001,0
1786849339.0832243,L,-0.981368,1.563552,0.415288,71.4,335.86,213.57000000000002,0
1786849339.0983372,L,-1.38104,1.495476,0.767868,25.69,339.78000000000003,372.75000000000006,0
1786849339.1133835,L,-1.9795719999999999,1.453508,1.178764,-50.260000000000005,325.29,577.1500000000001,0
1786849339.1259344,R,-0.120536,-0.213744,-0.17324,-150.50000000000003,110.25000000000001,-295.40000000000003,0
1786849339.1280499,L,-2.858948,1.469612,1.444968,-185.43,315.84000000000003,830.2,0
1786849339.1403136,R,-0.0549,-0.059536,-0.06466,-190.19000000000003,109.41000000000001,-388.92,0
1786849339.1433156,L,-3.617056,1.274656,1.535736,-412.44000000000005,369.46000000000004,1121.96,0
1786849339.1704535,R,0.010492,0.12566,-0.016836,-212.73000000000002,115.43,-448.07000000000005,0
1786849339.1724532,R,0.067588,0.346968,0.0046359999999999995,-231.84000000000003,132.65,-495.88000000000005,0
1786849339.1749568,L,-4.015508,0.760792,1.346636,-708.33,433.65000000000003,1368.71,0
1786849339.1759605,L,-3.9398679999999997,0.105652,0.921588,-1027.5300000000002,448.63000000000005,1499.19,0
1786849339.1860244,R,0.122488,0.610244,0.022935999999999998,-252.14000000000001,165.27,-529.5500000000001,0
1786849339.1870284,R,0.077836,0.935252,0.08662,-269.43,202.58,-547.19,0
1786849339.1880279,L,-3.246664,-0.676856,0.254492,-1177.96,445.90000000000003,1460.41,0
1786849339.201095,R,0.11516799999999999,1.37494,0.24034,-279.58000000000004,197.05,-535.36,0
1786849339.2030976,L,-2.081076,-1.1102,-0.336964,-1115.45,469.28000000000003,1115.94,0
1786849339.2156942,R,0.222772,1.730936,0.601216,-255.29000000000002,110.32000000000001,-435.12000000000006,0
1786849339.216197,R,0.282796,1.954928,0.721996,-190.26000000000002,-56.56,-213.22000000000003,0
1786849339.218201,L,-1.213412,-1.0352919999999999,-0.473848,-897.6100000000001,424.62000000000006,591.6400000000001,0
1786849339.2302806,R,-1.78486,0.793,-0.603168,159.04000000000002,-119.70000000000002,540.6800000000001,0
1786849339.2312806,R,-2.195268,0.804956,-0.685396,298.76000000000005,-195.93,599.0600000000001,0
1786849339.2332816,L,-0.621468,-0.86498,-0.177388,-486.9200000000001,308.49,146.44000000000003,0
1786849339.244851,R,-2.246264,0.337452,-1.03944,543.7600000000001,-346.01000000000005,806.6100000000001,0
1786849339.2463796,R,-2.28994,-0.083204,-1.066036,706.1600000000001,-387.03000000000003,933.2400000000001,0
1786849339.249383,L,-0.30378,-0.509716,0.21154799999999999,-94.01,129.22,-134.05,0
1786849339.2604237,R,-2.41072,-0.650748,-0.829112,918.7500000000001,-408.94000000000005,1024.24,0
1786849339.261424,R,-2.136708,-1.343464,-0.598532,1015.6300000000001,-372.05,951.44,0
1786849339.278247,L,-0.056364,-0.117364,0.347456,150.50000000000003,-40.88,-286.37,0
1786849339.279247,L,0.122732,-0.019275999999999998,0.18348799999999998,262.22,-154.84,-367.29,0
1786849339.291288,R,-1.5135319999999999,-1.654564,-0.40748,801.9200000000001,-308.56,532.0,0
1786849339.2932873,L,0.046848,0.212036,-0.006588,245.28000000000003,-190.19000000000003,-412.23,0
1786849339.3048348,R,-1.17852,-1.50182,-0.435784,319.55,-281.82000000000005,27.44,0
1786849339.3063757,R,-1.175592,-0.967216,-0.763232,-13.440000000000001,-242.83,-335.51000000000005,0
1786849339.3083792,L,-0.268888,0.543632,-0.13786,140.0,-133.63000000000002,-414.26000000000005,0
1786849339.3209426,R,-1.158024,-0.30841599999999997,-1.098244,-178.43,-147.35000000000002,-527.38,0
1786849339.3249397,L,-0.560712,0.61732,-0.160796,33.11000000000001,1.12,-375.62000000000006,0
1786849339.335085,R,-1.043588,0.26156799999999997,-1.44692,-277.83000000000004,11.48,-608.44,0
1786849339.338518,L,-0.788852,0.634644,0.035868,-28.840000000000003,109.9,-332.01000000000005,0
1786849339.3520706,R,-0.993324,0.781288,-1.547936,-315.84000000000003,208.11,-640.9200000000001,0
1786849339.3530712,L,-0.799832,0.782752,0.405528,-18.62,145.67000000000002,-325.64000000000004,0
1786849339.3651989,R,-1.069452,1.04066,-1.2993,-298.41,319.48,-623.7700000000001,0
1786849339.3664744,R,-1.13094,1.251964,-0.954772,-210.14000000000001,298.97,-556.08,0
1786849339.3684785,L,-0.780068,1.194868,0.7549359999999999,64.75,97.44000000000001,-430.01000000000005,0
1786849339.3810658,R,-1.03944,1.333216,-0.719312,-90.79,201.11,-457.94000000000005,0
1786849339.382065,R,-0.874252,1.259528,-0.657336,-51.17,113.26,-353.29,0
1786849339.383065,L,-0.776896,1.9093,0.941352,184.87,-7.910000000000001,-598.08,0
1786849339.3948393,R,-0.82594,1.127036,-0.678564,-86.03,61.18000000000001,-268.24,0
1786849339.3983786,L,-0.667584,2.7325559999999998,0.865468,266.70000000000005,-144.62,-702.3800000000001,0
1786849339.4104683,R,-0.800808,0.98332,-0.769332,-139.65,55.440000000000005,-212.94000000000003,0
1786849339.4134684,L,-0.49654,3.016328,0.132248,252.84000000000003,-167.23000000000002,-645.96,0
1786849339.4250307,R,-0.773968,0.9372039999999999,-0.815936,-174.37,88.27000000000001,-207.62000000000003,0
1786849339.4281588,L,-0.294508,2.734508,0.002928,138.60000000000002,0.9800000000000001,-417.27000000000004,0
1786849339.440198,R,-0.759328,0.96624,-0.754204,-177.94000000000003,125.86000000000001,-222.25000000000003,0
1786849339.4431975,L,-0.323056,2.20088,0.481656,15.260000000000002,192.99,-135.03,0
1786849339.4559348,R,-0.70638,1.046516,-0.589016,-147.49,145.53,-218.61,0
1786849339.4580379,L,-0.516792,1.693848,0.9594079999999999,-38.92,249.48000000000002,38.220000000000006,0
1786849339.4701374,R,-0.676856,1.11996,-0.429684,-82.46000000000001,124.60000000000001,-175.77,0
1786849339.4731364,L,-0.6180519999999999,1.316624,1.1436279999999999,-44.800000000000004,222.18000000000004,80.36000000000001,0
1786849339.4851549,R,-0.640988,1.13948,-0.343064,6.930000000000001,70.14,-93.73,0
1786849339.489173,L,-0.614148,1.118984,1.038464,-52.99,162.54000000000002,43.330000000000005,0
1786849339.500187,R,-0.607316,1.075552,-0.349164,98.63000000000001,2.66,6.790000000000001,0
1786849339.5031822,L,-0.607316,1.047736,0.908656,-60.410000000000004,104.93,-22.89,0
1786849339.515702,R,-0.620004,1.059692,-0.567788,142.10000000000002,-42.14,84.7,0
1786849339.5304253,R,-0.583648,1.052616,-0.785436,136.43,-47.18000000000001,118.79,0
1786849339.533423,L,-0.477752,1.069452,0.835456,-32.620000000000005,71.68,-63.42000000000001,0
1786849339.5349262,L,-0.376736,1.13338,0.855708,-17.85,59.92000000000001,-50.68000000000001,0
1786849339.5461054,R,-0.53558,0.992592,-0.9472079999999999,122.99000000000001,-29.19,143.57000000000002,0
1786849339.5481098,L,-0.24448799999999998,1.121424,0.924272,-9.590000000000002,68.81,3.43,0
1786849339.5604165,R,-0.46555199999999997,0.887184,-1.041148,122.36000000000001,-23.450000000000003,174.58,0
1786849339.5634174,L,-0.158356,1.095072,1.051884,5.180000000000001,61.74000000000001,59.50000000000001,0
1786849339.574731,R,-0.375028,0.772748,-1.16632,125.51,-35.42,183.19000000000003,0
1786849339.5782824,L,-0.089304,1.202188,1.296616,61.67000000000001,24.71,61.95,0
1786849339.5913427,R,-0.309392,0.732,-1.393728,99.68,-41.370000000000005,137.20000000000002,0
1786849339.5933435,L,0.067832,1.426668,1.42008,138.81,-18.340000000000003,-18.48,0
1786849339.60597,R,-0.28011199999999997,0.796416,-1.7289839999999999,12.530000000000001,-3.22,37.03,0
1786849339.607973,L,0.234484,1.556232,1.315404,183.68,-70.14,-97.02000000000001,0
1786849339.6211662,R,-0.225944,0.9557479999999999,-1.964932,-105.84,84.91000000000001,-99.68,0
1786849339.6241653,L,0.34038,1.547204,1.093608,210.07000000000002,-85.89000000000001,-91.84,0
1786849339.6351786,R,-0.223748,1.0906799999999999,-1.732156,-188.37,193.34000000000003,-222.53000000000003,0
1786849339.6381977,L,0.394792,1.42984,0.966484,225.12000000000003,-79.66000000000001,-65.87,0
1786849339.650442,R,-0.270108,1.191452,-1.237812,-217.28000000000003,227.92000000000002,-294.07000000000005,0
1786849339.6534421,L,0.264008,1.4308159999999999,0.911584,233.31000000000003,-83.30000000000001,-82.18,0
1786849339.6650043,R,-0.23399599999999998,1.117764,-0.7424919999999999,-190.89000000000001,179.97000000000003,-297.5,0
1786849339.6681597,L,0.263032,1.317112,0.937692,247.52,-77.07000000000001,-118.30000000000001,0
1786849339.6801975,R,-0.168848,0.869372,-0.39772,-146.09,114.66000000000001,-245.84000000000003,0
1786849339.6831987,L,0.224724,1.06506,0.99186,254.66000000000003,-71.4,-109.13000000000001,0
1786849339.6957517,R,-0.20618,0.626592,-0.205936,-119.77000000000001,73.85000000000001,-197.4,0
1786849339.6978645,L,0.151768,0.722972,1.077748,252.98000000000002,-64.96000000000001,-80.57000000000001,0
1786849339.7109442,R,-0.23741199999999998,0.489708,-0.051484,-102.9,44.870000000000005,-203.14000000000001,0
1786849339.7129443,L,0.045628,0.46067199999999997,1.121912,240.03000000000003,-67.83000000000001,-73.57000000000001,0
1786849339.726113,R,-0.14762,0.34526,0.11638799999999999,-87.50000000000001,1.6800000000000002,-232.68000000000004,0
1786849339.7281172,L,0.00244,0.302316,0.986004,213.01000000000002,-89.18,-122.01,0
1786849339.7401497,R,-0.096136,0.304268,0.200568,-87.57000000000001,-37.03,-253.05,0
1786849339.7431495,L,0.008296,0.195688,0.7363919999999999,206.78000000000003,-127.54,-198.87000000000003,0
1786849339.755169,R,-0.054168,0.276452,0.227896,-103.39000000000001,-70.35000000000001,-270.90000000000003,0
1786849339.7584329,L,0.035136,0.185928,0.5124,237.3,-157.64000000000001,-259.77000000000004,0
1786849339.7851672,R,-0.025376,0.366244,0.217404,-150.92000000000002,-85.61000000000001,-293.65000000000003,0
1786849339.7861712,R,-0.011956,0.49288,0.193004,-219.94000000000003,-81.9,-325.78000000000003,0
1786849339.788288,L,0.076616,0.25254,0.234972,259.14000000000004,-173.53000000000003,-301.14000000000004,0
1786849339.7892885,L,0.04758,0.377224,0.004148,238.91000000000003,-154.21,-319.83000000000004,0
1786849339.8008647,R,0.04758,0.65148,0.158112,-295.96000000000004,-73.43,-350.49,0
1786849339.8028653,L,0.009028,0.5651039999999999,-0.09272,208.11,-101.22000000000001,-319.69000000000005,0
1786849339.8150284,R,0.074664,0.864736,0.1037,-363.72,-63.910000000000004,-362.11,0
1786849339.8181689,L,0.01464,0.876692,-0.07564,182.21,-38.010000000000005,-318.01000000000005,0
1786849339.8307152,R,0.077592,1.12118,0.060024,-430.85,-54.60000000000001,-359.31000000000006,0
1786849339.832715,L,0.02196,1.1773,-0.032695999999999996,165.55,-1.7500000000000002,-301.35,0
1786849339.845842,R,0.038064,1.342488,0.052948,-497.84000000000003,-49.910000000000004,-357.28000000000003,0
1786849339.8478465,L,0.032695999999999996,1.596248,0.011467999999999999,156.10000000000002,20.790000000000003,-248.36,0
1786849339.8609293,R,-0.092964,1.636752,0.075396,-547.82,-57.68000000000001,-344.68,0
1786849339.8760989,R,-0.250344,1.9041759999999999,0.076128,-530.0400000000001,-111.16000000000001,-268.8,0
1786849339.8781078,L,0.044896,1.891,-0.159088,154.21,79.80000000000001,-110.53000000000002,0
1786849339.8801074,L,-0.027816,1.9868919999999999,-0.08906,114.03000000000002,192.92000000000002,111.93,0
1786849339.8902006,R,-0.447252,2.002752,-0.037087999999999996,-411.81000000000006,-211.68,-89.18,0
1786849339.8932,L,-0.372588,1.787056,0.364292,14.63,307.51000000000005,367.85,0
1786849339.9057195,R,-0.696376,1.8536679999999999,-0.366488,-205.10000000000002,-313.95000000000005,158.48000000000002,0
1786849339.9077234,L,-1.023092,1.5281719999999999,0.713212,-135.52,390.25000000000006,619.4300000000001,0
1786849339.9209907,R,-1.154852,1.639192,-0.797636,26.6,-367.64000000000004,410.90000000000003,0
1786849339.9229898,L,-1.800232,1.282708,0.933056,-323.68,479.85,843.71,0
1786849339.9360297,R,-1.706536,1.432768,-1.310524,246.26000000000002,-358.12000000000006,647.85,0
1786849339.9380333,L,-2.40828,1.01138,1.073356,-518.9100000000001,566.0200000000001,1007.3000000000001,0
1786849339.951065,R,-2.236016,1.413248,-1.728252,437.22,-291.20000000000005,842.7300000000001,0
1786849339.9530642,L,-2.5280839999999998,0.652212,1.12118,-683.6200000000001,620.4100000000001,1104.74,0
1786849339.967872,L,-2.44976,0.215696,1.040416,-780.0100000000001,618.8000000000001,1116.3600000000001,0
1786849339.981,R,-2.626416,1.2890519999999999,-1.8414679999999999,581.0,-267.82000000000005,997.1500000000001,0
1786849339.982999,L,-2.32776,-0.29036,0.945012,-807.1,582.8900000000001,1039.5700000000002,0
1786849339.9956648,R,-2.617144,0.869128,-1.676524,684.95,-290.22,1161.3700000000001,0
1786849339.9966683,R,-2.76208,0.472628,-1.1709559999999999,809.34,-290.36,1278.97,0
1786849339.9976697,L,-1.954196,-0.87718,0.8805959999999999,-724.08,514.9200000000001,833.4200000000001,0
1786849340.010886,R,-2.856264,-0.05856,-0.486048,931.6300000000001,-329.35,1311.66,0
1786849340.0128856,L,-1.424228,-1.297836,0.8979199999999999,-504.63000000000005,376.04,480.97,0
1786849340.027888,L,-0.99186,-1.2153639999999999,0.915244,-240.24,158.83,74.13000000000001,0
1786849340.041011,R,-2.3443519999999998,-1.024068,0.13541999999999998,963.2700000000001,-356.51000000000005,1150.3100000000002,0
1786849340.0420115,R,-1.238056,-1.6638359999999999,0.199348,633.1500000000001,-316.82000000000005,675.57,0
1786849340.0551157,R,-0.635864,-1.66408,-0.171288,58.45,-206.99,32.550000000000004,0
1786849340.0730333,L,-0.829844,-0.7044279999999999,0.907436,-35.07,-43.82000000000001,-220.01000000000002,0
1786849340.0760498,L,-0.725168,-0.18544,0.772504,89.81,-153.3,-366.8,0
1786849340.0770543,L,-0.567788,0.13078399999999998,0.557784,119.00000000000001,-194.95000000000002,-426.93000000000006,0
1786849340.0880706,L,-0.548756,0.352336,0.453108,71.68,-179.41000000000003,-428.40000000000003,0
1786849340.103459,L,-0.562908,0.487512,0.424072,-7.000000000000001,-103.88000000000001,-383.88000000000005,0
1786849340.1176481,L,-0.612196,0.537776,0.532652,-74.76,0.7000000000000001,-327.53000000000003,0
1786849340.1307216,R,-0.523868,-1.064328,-0.554368,-269.43,-31.570000000000004,-425.67,0
1786849340.1317215,R,-0.40577199999999997,-0.180316,-0.922076,-250.18000000000004,109.69000000000001,-632.6600000000001,0
1786849340.13472,L,-0.68076,0.49166,0.655384,-129.5,64.61,-289.38000000000005,0
1786849340.1459029,R,-0.20862,0.729316,-0.919392,-12.250000000000002,161.56,-618.1,0
1786849340.1469066,R,-0.11516799999999999,1.318332,-0.649528,205.94000000000003,107.38000000000001,-424.76000000000005,0
1786849340.1489067,L,-0.616588,0.461404,0.743224,-155.05,84.98,-294.63000000000005,0
1786849340.1619177,R,-0.009271999999999999,1.3839679999999999,-0.33672,275.73,-24.290000000000003,-213.99,0
1786849340.1629176,L,-0.455548,0.621224,0.875228,-136.78,54.60000000000001,-373.8,0
1786849340.1760583,R,-0.000976,0.9989359999999999,-0.23302,258.23,-117.32000000000001,-93.87,0
1786849340.178062,L,-0.440176,1.0833599999999999,1.029436,-66.43,-29.470000000000002,-504.4200000000001,0
1786849340.1901965,R,0.11834,0.676124,-0.326228,161.00000000000003,-137.83,-80.85000000000001,0
1786849340.1911967,R,0.315492,0.657824,-0.49263599999999996,32.690000000000005,-115.57000000000001,-176.54000000000002,0
1786849340.1931968,L,-0.38308,1.711416,0.875472,13.020000000000001,-119.28000000000002,-555.59,0
1786849340.2057567,R,0.294996,0.731268,-0.526308,-46.550000000000004,-82.25000000000001,-267.19,0
1786849340.2068892,R,0.211304,0.950624,-0.734928,-58.24000000000001,-70.0,-279.58000000000004,0
1786849340.2078893,L,-0.086376,1.920768,0.036356,82.04,-123.62000000000002,-467.95000000000005,0
1786849340.2211156,R,0.319884,1.09922,-0.6587999999999999,3.99,-56.21000000000001,-206.50000000000003,0
1786849340.223116,L,-0.028059999999999998,1.58722,-0.234972,21.770000000000003,-2.7300000000000004,-229.74,0
1786849340.2357569,R,0.18544,0.979416,-0.524844,82.67,-80.08000000000001,-88.69000000000001,0
1786849340.2378893,L,-0.120292,1.240496,0.21106,-43.120000000000005,168.14000000000001,13.930000000000001,0
1786849340.2510755,R,0.098576,0.79544,-0.475556,123.27000000000001,-135.24,17.64,0
1786849340.2550762,L,-0.209596,0.946964,0.616344,-84.14000000000001,264.04,134.61,0
1786849340.2650917,R,0.072712,0.630496,-0.75762,95.27000000000001,-193.13000000000002,55.650000000000006,0
1786849340.2682116,L,-0.173728,0.785192,0.854,-102.97000000000001,268.03000000000003,102.55000000000001,0
1786849340.2802262,R,0.069052,0.523868,-1.247084,-0.7000000000000001,-202.72000000000003,30.94,0
1786849340.283228,L,-0.158356,0.7991,1.02846,-84.98,223.51000000000002,14.420000000000002,0
1786849340.2959518,R,0.026595999999999998,0.469456,-1.828536,-127.19000000000001,-159.74,-1.33,0
1786849340.297956,L,-0.055144,0.992592,1.2817319999999999,-75.18,158.48000000000002,2.5200000000000005,0
1786849340.3110478,R,0.06222,0.537288,-2.361676,-183.82000000000002,-79.87,-11.270000000000001,0
1786849340.3130484,L,0.02318,1.091656,1.471808,-62.09,135.17000000000002,67.69000000000001,0
1786849340.3258693,R,0.058316,0.49702799999999997,-2.4551279999999998,-121.31000000000002,-12.040000000000001,-0.56,0
1786849340.3280983,L,0.00732,1.0309,1.590636,-44.800000000000004,145.04000000000002,137.9,0
1786849340.3401773,R,0.125172,0.37990799999999997,-2.274812,-26.320000000000004,3.99,-1.2600000000000002,0
1786849340.343179,L,0.016347999999999998,0.935496,1.754848,-24.150000000000002,148.82000000000002,163.73000000000002,0
1786849340.356124,R,0.161528,0.338916,-1.925404,56.63,13.790000000000001,-49.21000000000001,0
1786849340.3581283,L,-0.007808,0.798368,1.801208,-20.23,123.62000000000002,152.32000000000002,0
1786849340.3706331,R,0.161772,0.341356,-1.537444,82.67,36.75,-95.2,0
1786849340.372633,L,0.022448,0.654164,1.722396,-21.840000000000003,77.49000000000001,110.25000000000001,0
1786849340.385756,R,0.1586,0.346236,-1.22854,68.74000000000001,49.00000000000001,-106.33000000000001,0
1786849340.388096,L,0.040748,0.537776,1.5184119999999999,-14.980000000000002,14.420000000000002,38.010000000000005,0
1786849340.400136,R,0.187392,0.289384,-1.036024,35.63,46.830000000000005,-92.75000000000001,0
1786849340.4031358,L,0.069784,0.536068,1.231956,2.8000000000000003,-47.81,-50.96000000000001,0
1786849340.41568,R,0.217404,0.149328,-0.9359839999999999,-8.96,42.63,-78.19000000000001,0
1786849340.4176846,L,0.07564,0.601704,0.993568,32.620000000000005,-91.56,-114.38000000000001,0
1786849340.4307222,R,0.210816,0.041479999999999996,-0.899872,-49.35,47.95,-77.35000000000001,0
1786849340.4327216,L,0.055876,0.683688,0.802516,58.31,-104.23,-131.74,0
1786849340.4457448,R,0.23399599999999998,-0.014395999999999999,-0.848388,-66.5,55.440000000000005,-104.72000000000001,0
1786849340.4477484,L,0.015616,0.7032079999999999,0.673928,73.85000000000001,-89.53000000000002,-107.52000000000001,0
1786849340.4607637,R,0.270596,-0.017568,-0.752252,-53.34,51.52,-140.42000000000002,0
1786849340.4627628,L,0.00366,0.616588,0.643428,78.26,-56.14000000000001,-59.36000000000001,0
1786849340.4769237,R,0.272304,0.041479999999999996,-0.635132,-33.39,39.830000000000005,-158.20000000000002,0
1786849340.4789228,L,0.000244,0.43432,0.69418,64.54,-27.650000000000002,-19.950000000000003,0
1786849340.4909596,R,0.28011199999999997,0.107116,-0.531432,-20.580000000000002,27.580000000000002,-151.9,0
1786849340.4929597,L,-0.096868,0.235948,0.783728,50.96000000000001,-17.220000000000002,3.99,0
1786849340.5050972,R,0.25790799999999997,0.11834,-0.435052,-15.750000000000002,14.840000000000002,-121.03000000000002,0
1786849340.5082808,L,-0.15298799999999999,0.115412,0.853756,49.21000000000001,-22.26,-1.8900000000000001,0
1786849340.5208945,R,0.244732,0.099064,-0.36966,-14.000000000000002,-5.390000000000001,-83.02000000000001,0
1786849340.5228927,L,-0.189832,0.122488,0.884012,51.940000000000005,-32.690000000000005,-45.78,0
1786849340.5369053,R,0.188368,0.067832,-0.36722,-21.630000000000003,-32.550000000000004,-47.18000000000001,0
1786849340.5389025,L,-0.24790399999999999,0.246196,0.80764,55.650000000000006,-45.010000000000005,-92.61000000000001,0
1786849340.5509474,R,0.116876,0.060268,-0.404064,-29.26,-68.74000000000001,-16.380000000000003,0
1786849340.5529468,L,-0.26108,0.353068,0.694912,50.96000000000001,-42.7,-114.94000000000001,0
1786849340.5657053,R,0.038308,0.072224,-0.470188,-23.520000000000003,-103.95,2.3800000000000003,0
1786849340.5677087,L,-0.255712,0.42553599999999997,0.502152,30.17,-17.080000000000002,-100.73,0
1786849340.5807486,R,-0.029523999999999998,0.10174799999999999,-0.504836,-4.130000000000001,-138.04000000000002,15.750000000000002,0
1786849340.5827503,L,-0.35258,0.48312,0.342088,-0.49000000000000005,19.950000000000003,-53.2,0
1786849340.5949235,R,-0.153232,0.183244,-0.548512,44.03,-176.4,37.52,0
1786849340.5981846,L,-0.427488,0.535824,0.331352,-24.150000000000002,80.22000000000001,-6.44,0
1786849340.6106904,R,-0.311588,0.310612,-0.637084,100.52000000000001,-206.78000000000003,86.17,0
1786849340.6126895,L,-0.46555199999999997,0.55388,0.49776,-29.540000000000003,135.59,21.910000000000004,0
1786849340.6261172,R,-0.510448,0.395768,-0.767624,83.30000000000001,-194.88000000000002,145.95000000000002,0
1786849340.6281226,L,-0.522892,0.535336,0.6846639999999999,-24.990000000000002,167.3,42.84,0
1786849340.6406295,R,-0.76006,0.42456,-0.9113399999999999,0.49000000000000005,-169.75000000000003,184.94000000000003,0
1786849340.6451313,L,-0.609756,0.483364,0.79788,-35.07,183.82000000000002,70.35000000000001,0
1786849340.6558356,R,-0.9864919999999999,0.346724,-0.9891759999999999,-51.800000000000004,-164.99,214.55,0
1786849340.6581,L,-0.738588,0.41724,0.904752,-55.370000000000005,200.9,104.58000000000001,0
1786849340.6704028,R,-1.185352,0.08784,-1.004792,6.0200000000000005,-214.06000000000003,274.82000000000005,0
1786849340.6734023,L,-0.8103239999999999,0.325496,1.025776,-66.64,208.46,116.9,0
1786849340.6860387,R,-1.4618039999999999,-0.40748,-1.160952,152.53,-298.97,363.58000000000004,0
1786849340.6880422,L,-0.822524,0.195444,1.13948,-57.61000000000001,191.94000000000003,88.34,0
1786849340.7011268,R,-1.469856,-1.108004,-1.41886,273.70000000000005,-325.71000000000004,345.8,0
1786849340.7031267,L,-0.8601,0.087352,1.2287839999999999,-44.31,147.0,33.46,0
1786849340.715904,R,-1.456192,-1.412272,-1.683844,295.19000000000005,-225.40000000000003,156.17000000000002,0
1786849340.717907,L,-0.904752,0.08906,1.350052,-43.89000000000001,105.70000000000002,-30.660000000000004,0
1786849340.732029,R,-1.315648,-1.065304,-1.736548,185.92000000000002,-62.300000000000004,-59.290000000000006,0
1786849340.7350283,L,-0.9076799999999999,0.125172,1.4762,-54.67,86.59,-100.38000000000001,0
1786849340.7450545,R,-1.116544,-0.452132,-1.764608,139.23000000000002,81.97000000000001,-197.05,0
1786849340.748182,L,-0.85034,0.200812,1.598932,-57.120000000000005,38.57,-154.91000000000003,0
1786849340.761691,R,-0.9359839999999999,0.027816,-1.643096,149.94000000000003,159.39000000000001,-217.84000000000003,0
1786849340.763691,L,-0.76128,0.367708,1.653344,-62.09,-79.45,-182.00000000000003,0
1786849340.7759197,R,-0.85156,0.329644,-1.4788839999999999,190.68,183.05,-190.68,0
1786849340.7779229,L,-0.794708,0.559004,1.541836,-65.80000000000001,-221.06000000000003,-177.45000000000002,0
1786849340.7909591,R,-0.7646959999999999,0.42431599999999997,-1.1868159999999999,213.99,182.63000000000002,-151.34,0
1786849340.7929597,L,-0.945256,0.657824,1.251964,-60.27,-332.43,-150.01000000000002,0
1786849340.8059938,R,-0.627812,0.395036,-0.914756,193.69000000000003,171.71,-119.56000000000002,0
1786849340.807997,L,-1.105076,0.7376119999999999,0.885964,-51.45,-390.74,-143.08,0
1786849340.8205395,R,-0.493856,0.38356799999999996,-0.769576,138.25,164.22000000000003,-99.47000000000001,0
1786849340.823544,L,-1.106052,0.782752,0.436272,-40.74,-384.72,-157.64000000000001,0
1786849340.8356097,R,-0.346724,0.405528,-0.625128,73.99000000000001,188.09000000000003,-69.02000000000001,0
1786849340.8376129,L,-0.986248,0.7856799999999999,0.0075639999999999995,-34.650000000000006,-307.86,-157.22000000000003,0
1786849340.8501694,R,-0.304512,0.389424,-0.29548399999999997,39.830000000000005,225.89000000000001,-38.50000000000001,0
1786849340.8541691,L,-0.739564,0.7388319999999999,-0.24766,-49.980000000000004,-196.21,-123.76,0
1786849340.8660018,R,-0.204716,0.315004,0.171044,46.830000000000005,244.93000000000004,-35.7,0
1786849340.8680055,L,-0.545584,0.5673,-0.491172,-86.24000000000001,-107.94000000000001,-58.59,0
1786849340.8810916,R,-0.13419999999999999,0.25668799999999997,0.557052,59.99000000000001,205.52,-57.190000000000005,0
1786849340.8951113,R,-0.05368,0.26961999999999997,0.7746999999999999,61.67000000000001,94.15,-48.650000000000006,0
1786849340.8981912,L,-0.408944,0.46555199999999997,-0.669048,-121.03000000000002,-49.14000000000001,-2.5900000000000003,0
1786849340.899191,L,-0.338428,0.473848,-0.70882,-126.84000000000002,14.000000000000002,6.300000000000001,0
1786849340.9109163,R,-0.041236,0.326472,0.766892,41.86000000000001,-52.220000000000006,-5.74,0
1786849340.9129186,L,-0.32574,0.465308,-0.6439159999999999,-81.55000000000001,87.64000000000001,-12.600000000000001,0
1786849340.9256933,R,-0.140544,0.36112,0.483364,-4.760000000000001,-183.26000000000002,52.220000000000006,0
1786849340.928253,L,-0.371368,0.467504,-0.43163599999999996,-17.78,148.68,-14.840000000000002,0
1786849340.9409194,R,-0.25132,0.399428,0.011956,-77.77000000000001,-248.64000000000001,102.83000000000001,0
1786849340.94292,L,-0.442616,0.460428,-0.08174,21.35,197.75000000000003,1.05,0
1786849340.9560192,R,-0.44164,0.39283999999999997,-0.350384,-152.74,-244.65000000000003,141.68,0
1786849340.9711199,R,-0.657824,0.365024,-0.58438,-193.69000000000003,-231.35000000000002,160.86,0
1786849340.97512,L,-0.585356,0.448716,0.25254,41.160000000000004,238.42000000000002,20.580000000000002,0
1786849340.97512,L,-0.7442,0.45945199999999997,0.473116,40.88,259.28000000000003,31.500000000000004,0
1786849340.9857671,R,-0.885964,0.335012,-0.766648,-170.31,-252.70000000000002,178.22000000000003,0
1786849341.0009646,R,-1.128012,0.280356,-1.043344,-135.03,-289.94000000000005,201.32000000000002,0
1786849341.004965,L,-0.9015799999999999,0.465308,0.670512,19.46,282.24,46.27,0
1786849341.005981,L,-1.098732,0.47726399999999997,0.903532,-17.78,326.34000000000003,72.87,0
1786849341.0160017,R,-1.20048,0.08052,-1.579412,-189.14000000000001,-308.00000000000006,203.56000000000003,0
1786849341.0180058,L,-1.2749,0.415532,1.302472,2.3800000000000003,393.12000000000006,108.57000000000001,0
1786849341.0304215,R,-1.190232,-0.078324,-2.35948,-287.14000000000004,-255.71000000000004,162.33,0
1786849341.0334208,L,-1.267336,0.2379,1.839272,119.35000000000001,396.97,95.13000000000001,0
1786849341.0449936,R,-0.98576,-0.24888,-2.859924,-254.24000000000004,-124.11000000000001,97.65,0
1786849341.0482137,L,-1.19316,0.09467199999999999,2.41926,261.94,277.69000000000005,41.440000000000005,0
1786849341.0609062,R,-0.903532,-0.437492,-2.621048,-48.790000000000006,-4.48,52.36000000000001,0
1786849341.0629063,L,-0.85156,0.02196,2.640568,276.78000000000003,123.41000000000001,7.910000000000001,0
1786849341.0762355,R,-0.919148,-0.400404,-2.052528,140.07000000000002,32.34,18.270000000000003,0
1786849341.0782402,L,-0.68442,-0.028548,2.43268,106.75000000000001,36.89,29.890000000000004,0
1786849341.0909178,R,-0.894748,-0.220332,-1.50792,215.74,50.050000000000004,-44.940000000000005,0
1786849341.0929186,L,-0.725656,-0.15982,2.024956,-124.04,-18.970000000000002,94.08000000000001,0
1786849341.1080415,L,-0.84912,-0.23302,1.580632,-263.41,-80.64000000000001,92.61000000000001,0
1786849341.1220746,R,-0.778848,-0.038551999999999996,-1.11142,180.67000000000002,78.96000000000001,-109.48,0
1786849341.1240752,L,-0.908412,-0.238388,1.2261,-292.25,-121.17000000000002,41.440000000000005,0
1786849341.135765,R,-0.720288,0.155184,-0.837896,125.72000000000001,102.83000000000001,-138.74,0
1786849341.1369202,R,-0.6344,0.24570799999999998,-0.56974,89.11000000000001,110.74000000000001,-129.71,0
1786849341.1399188,L,-0.9076799999999999,-0.206668,0.902068,-258.65000000000003,-148.82000000000002,-19.67,0
1786849341.152004,R,-0.561932,0.28621199999999997,-0.3843,65.73,93.38000000000001,-103.11000000000001,0
1786849341.1540031,L,-0.85278,-0.157136,0.6871039999999999,-202.65,-148.96,-53.34,0
1786849341.1651154,R,-0.5246,0.30475599999999997,-0.303536,43.190000000000005,47.040000000000006,-72.03,0
1786849341.1683428,L,-0.784704,-0.10858,0.504104,-144.06,-121.45000000000002,-71.4,0
1786849341.1809006,R,-0.483852,0.3233,-0.288896,23.03,-8.120000000000001,-44.45,0
1786849341.1829007,L,-0.677344,-0.078568,0.400648,-91.49000000000001,-84.77000000000001,-81.55000000000001,0
1786849341.195954,R,-0.46238,0.33305999999999997,-0.299632,6.16,-50.75000000000001,-24.71,0
1786849341.198053,L,-0.57218,-0.071004,0.236436,-47.25000000000001,-72.45,-96.32000000000001,0
1786849341.212086,R,-0.45945199999999997,0.334768,-0.3355,-0.6300000000000001,-90.02000000000001,-2.45,0
1786849341.2140858,L,-0.491904,-0.06588,0.059047999999999996,-0.07,-70.49000000000001,-111.09000000000002,0
1786849341.2260993,R,-0.498736,0.328424,-0.43041599999999997,-6.23,-123.9,26.110000000000003,0
1786849341.2281406,L,-0.484584,0.008784,-0.0053679999999999995,54.39000000000001,-45.85,-122.92000000000002,0
1786849341.2406495,R,-0.56364,0.328912,-0.565836,-15.680000000000001,-147.63000000000002,54.88,0
1786849341.2436469,L,-0.518988,0.151768,0.087108,100.31000000000002,-5.180000000000001,-136.08,0
1786849341.2557049,R,-0.644892,0.331352,-0.7573759999999999,-34.790000000000006,-149.24,73.99000000000001,0
1786849341.2577078,L,-0.534848,0.245952,0.242292,141.47000000000003,23.660000000000004,-143.29000000000002,0
1786849341.270748,R,-0.700768,0.280356,-0.971364,-64.96000000000001,-130.41000000000003,87.78000000000002,0
1786849341.2857666,R,-0.820328,0.227408,-1.3261399999999999,-115.71000000000001,-107.94000000000001,106.19000000000001,0
1786849341.2879198,L,-0.609024,0.325008,0.40821199999999996,173.81000000000003,34.230000000000004,-133.14000000000001,0
1786849341.289921,L,-0.734684,0.4087,0.572668,154.07000000000002,50.190000000000005,-102.27000000000001,0
1786849341.3010209,R,-0.7807999999999999,0.067344,-1.621136,-178.71,-65.45,104.79,0
1786849341.303021,L,-0.954772,0.399184,0.80764,84.14000000000001,123.76,-33.88,0
1786849341.3150926,R,-0.840336,-0.05734,-1.72752,-178.57000000000002,-8.260000000000002,72.94000000000001,0
1786849341.318467,L,-1.091412,0.263276,1.163148,61.32000000000001,203.70000000000002,46.06,0
1786849341.3309946,R,-0.829356,-0.132492,-1.6279679999999999,-103.04,28.35,32.760000000000005,0
1786849341.3329897,L,-1.042368,0.079788,1.471076,103.95,217.70000000000002,52.78000000000001,0
1786849341.347076,R,-0.785924,-0.16128399999999998,-1.38226,9.870000000000001,46.480000000000004,-1.61,0
1786849341.3490767,L,-0.942084,-0.095404,1.6096679999999999,160.16000000000003,143.57000000000002,-7.700000000000001,0
1786849341.3602068,R,-0.766892,-0.03904,-1.1228879999999999,93.66000000000001,52.290000000000006,-40.32000000000001,0
1786849341.3632073,L,-0.8030039999999999,-0.174704,1.546472,181.79000000000002,19.67,-56.980000000000004,0
1786849341.3757598,R,-0.731268,0.081008,-0.9250039999999999,105.70000000000002,55.160000000000004,-69.58000000000001,0
1786849341.3777635,L,-0.65392,-0.13054,1.330776,132.23000000000002,-77.49000000000001,-62.230000000000004,0
1786849341.3928728,L,-0.603412,-0.05124,1.030168,15.96,-119.49000000000001,-27.51,0
1786849341.4059105,R,-0.635132,0.16836,-0.7137,88.55000000000001,74.62,-91.28000000000002,0
1786849341.4089139,L,-0.575596,0.013176,0.739808,-108.29,-125.79,19.950000000000003,0
1786849341.420928,R,-0.5712039999999999,0.231068,-0.504104,55.02,91.7,-101.43,0
1786849341.4219317,R,-0.47238399999999997,0.274988,-0.33672,20.860000000000003,81.13000000000001,-103.46000000000001,0
1786849341.423928,L,-0.57096,0.027327999999999998,0.535824,-188.09000000000003,-122.92000000000002,49.07000000000001,0
1786849341.436023,R,-0.41236,0.324276,-0.166408,2.5900000000000003,56.14000000000001,-97.65,0
1786849341.438026,L,-0.699548,0.099552,0.167384,-178.64000000000001,-91.7,38.78,0
1786849341.4511132,R,-0.40138,0.384056,-0.0732,-7.630000000000001,8.33,-75.53,0
1786849341.4551136,L,-0.665876,0.151524,-0.057096,-93.66000000000001,-9.66,-0.56,0
1786849341.4656885,R,-0.433344,0.428708,-0.11931599999999999,-23.730000000000004,-54.46000000000001,-38.64,0
1786849341.4676921,L,-0.545096,0.166652,0.172264,-17.01,75.74000000000001,-17.57,0
1786849341.4807642,R,-0.48068,0.432124,-0.2867,-44.1,-103.88000000000001,2.9400000000000004,0
1786849341.482766,L,-0.59902,0.179828,0.60268,-7.5600000000000005,108.50000000000001,23.310000000000002,0
1786849341.496032,R,-0.5380199999999999,0.40577199999999997,-0.5626639999999999,-71.4,-132.02,44.17,0
1786849341.5111132,R,-0.629764,0.36844,-0.909144,-109.27000000000001,-136.15,74.06,0
1786849341.513115,L,-0.657092,0.172752,0.87474,-53.690000000000005,128.31,86.66000000000001,0
1786849341.5151134,L,-0.6661199999999999,0.0854,1.033096,-103.18,141.26000000000002,126.42000000000002,0
1786849341.5258818,R,-0.701988,0.28182,-1.26026,-149.38000000000002,-121.17000000000002,100.38000000000001,0
1786849341.5280597,L,-0.69296,-0.0075639999999999995,1.10044,-121.45000000000002,116.48000000000002,128.59,0
1786849341.5402954,R,-0.75518,0.141764,-1.48474,-158.06,-94.92000000000002,127.26,0
1786849341.5559003,R,-0.806908,-0.036112,-1.493524,-106.4,-62.93000000000001,142.31,0
1786849341.5579045,L,-0.767868,-0.027084,1.138992,-108.36000000000001,68.25,96.25000000000001,0
1786849341.5599046,L,-0.855708,0.027572,1.1204479999999999,-75.67,6.300000000000001,53.690000000000005,0
1786849341.5709362,R,-0.830576,-0.20569199999999999,-1.301252,-6.720000000000001,-20.020000000000003,124.46000000000001,0
1786849341.5729363,L,-0.863028,0.049532,1.0291919999999999,-44.800000000000004,-35.910000000000004,36.050000000000004,0
1786849341.5860949,R,-0.845216,-0.27205999999999997,-1.00528,83.16000000000001,26.390000000000004,67.48,0
1786849341.5880985,L,-0.7646959999999999,0.008052,0.822036,-30.800000000000004,-61.39000000000001,38.080000000000005,0
1786849341.6011298,R,-0.827892,-0.23741199999999998,-0.701012,108.85000000000001,49.42,0.77,0
1786849341.6031303,L,-0.685396,-0.0549,0.5612,-36.260000000000005,-71.68,46.410000000000004,0
1786849341.6157143,R,-0.7327319999999999,-0.17055599999999999,-0.458964,88.13000000000001,54.88,-46.690000000000005,0
1786849341.6177185,L,-0.5970679999999999,-0.11102,0.330376,-28.700000000000003,-66.36,42.63,0
1786849341.6309268,R,-0.6575799999999999,-0.097356,-0.32256799999999997,59.50000000000001,42.35,-70.21000000000001,0
1786849341.6329265,L,-0.53436,-0.08295999999999999,0.211304,-11.55,-49.910000000000004,7.000000000000001,0
1786849341.6460655,R,-0.6119519999999999,-0.016836,-0.280844,29.470000000000002,24.990000000000002,-87.92,0
1786849341.64807,L,-0.510448,-0.007076,0.210328,2.1700000000000004,-22.19,-34.580000000000005,0
1786849341.660912,R,-0.598044,0.069296,-0.32939999999999997,-12.32,6.0200000000000005,-101.71000000000001,0
1786849341.662912,L,-0.498736,0.0793,0.29524,13.090000000000002,3.3600000000000003,-55.650000000000006,0
1786849341.6759853,R,-0.62952,0.156892,-0.40748,-49.56,-7.700000000000001,-106.54,0
1786849341.677989,L,-0.542412,0.1891,0.43554,22.820000000000004,19.040000000000003,-54.67,0
1786849341.6910882,R,-0.723216,0.24912399999999998,-0.545096,-77.49000000000001,-17.360000000000003,-97.09,0
1786849341.6930864,L,-0.665388,0.293776,0.64904,34.02,33.53,-43.540000000000006,0
1786849341.7057705,R,-0.8474119999999999,0.3416,-0.7564,-113.75000000000001,-22.540000000000003,-80.85000000000001,0
1786849341.7079282,L,-0.829844,0.401624,0.96258,45.64000000000001,58.45,-28.42,0
1786849341.721149,R,-0.872788,0.31232,-0.939888,-150.43,-6.86,-65.87,0
1786849341.7231488,L,-0.8325279999999999,0.454328,1.236836,49.42,83.58000000000001,-21.840000000000003,0
1786849341.7357712,R,-0.829112,0.230092,-1.056276,-167.16000000000003,31.430000000000003,-56.14000000000001,0
1786849341.7379339,L,-0.796416,0.4453,1.296128,47.25000000000001,78.61000000000001,-17.990000000000002,0
1786849341.7510955,R,-0.784948,0.160552,-1.015528,-141.96,65.24000000000001,-59.57000000000001,0
1786849341.7530956,L,-0.8115439999999999,0.40382,1.336876,27.720000000000002,16.94,-0.21000000000000002,0
1786849341.7667391,R,-0.6883239999999999,0.157624,-0.846436,-75.67,83.86000000000001,-69.65,0
1786849341.7687407,L,-0.71248,0.327692,1.240008,2.87,-47.95,16.59,0
1786849341.7809298,R,-0.670024,0.2318,-0.583892,-2.3800000000000003,91.07000000000001,-84.00000000000001,0
1786849341.7829292,L,-0.720288,0.239364,1.034804,-23.94,-93.80000000000001,37.31,0
1786849341.7969646,R,-0.686372,0.276696,-0.393328,30.94,76.44000000000001,-82.60000000000001,0
1786849341.798966,L,-0.744932,0.176168,0.795928,-49.77,-122.71000000000001,58.03000000000001,0
1786849341.810228,R,-0.661484,0.271328,-0.277916,26.110000000000003,29.750000000000004,-63.56000000000001,0
1786849341.8132286,L,-0.70638,0.062708,0.552416,-67.55000000000001,-134.19000000000003,65.87,0
1786849341.8257718,R,-0.639524,0.23668,-0.248148,-5.74,-20.930000000000003,-43.050000000000004,0
1786849341.827932,L,-0.736148,-0.008539999999999999,0.266692,-65.94000000000001,-131.53,54.46000000000001,0
1786849341.8404229,R,-0.674904,0.16591999999999998,-0.274256,-58.17000000000001,-52.85000000000001,-21.770000000000003,0
1786849341.843419,L,-0.742004,-0.03538,-0.060511999999999996,-31.360000000000003,-106.96000000000001,12.250000000000002,0
1786849341.8581278,L,-0.6612399999999999,-0.039528,-0.21862399999999999,20.160000000000004,-57.120000000000005,-45.010000000000005,0
1786849341.87031,R,-0.620004,0.143228,-0.448472,-127.82000000000001,-71.68,-13.580000000000002,0
1786849341.8713086,R,-0.5848679999999999,0.17885199999999998,-0.649528,-174.51000000000002,-76.86000000000001,-39.27,0
1786849341.8733082,L,-0.62586,0.0026839999999999998,-0.16591999999999998,53.2,8.260000000000002,-72.45,0
1786849341.8848982,R,-0.595604,0.183,-0.762012,-195.3,-62.580000000000005,-49.35,0
1786849341.8881679,L,-0.621712,0.041236,0.04026,72.45,70.42,-56.980000000000004,0
1786849341.900677,R,-0.609268,0.161528,-0.8906,-197.96,-62.440000000000005,-28.42,0
1786849341.9026766,L,-0.638792,0.054168,0.335012,87.50000000000001,116.69000000000001,-39.2,0
1786849341.9157872,R,-0.6168319999999999,0.13908,-1.098488,-181.72000000000003,-66.64,-0.14,0
1786849341.9177897,L,-0.754692,0.041479999999999996,0.5917,106.61000000000001,131.74,-35.07,0
1786849341.9308736,R,-0.565836,0.147376,-1.348832,-142.17000000000002,-43.89000000000001,20.3,0
1786849341.932874,L,-0.863028,0.048068,0.762988,125.86000000000001,121.66000000000001,-36.89,0
1786849341.9460037,R,-0.565348,0.174948,-1.426668,-53.970000000000006,4.970000000000001,37.38,0
1786849341.9611945,R,-0.623908,0.131516,-1.233176,54.53000000000001,39.27,57.330000000000005,0
1786849341.9631965,L,-0.947452,0.066124,0.927688,123.97000000000001,116.20000000000002,-47.040000000000006,0
1786849341.9641962,L,-0.970876,0.15738,1.101904,92.12,122.92000000000002,-59.85000000000001,0
1786849341.9749322,R,-0.662948,0.100772,-0.953064,146.37,39.27,64.96000000000001,0
1786849341.9781957,L,-0.869372,0.20569199999999999,1.226832,50.540000000000006,122.01,-66.57000000000001,0
1786849341.9907029,R,-0.658556,0.081008,-0.769088,201.81000000000003,17.430000000000003,59.010000000000005,0
1786849341.9937036,L,-0.791292,0.180804,1.250012,5.460000000000001,91.42,-45.50000000000001,0
1786849342.00603,R,-0.62586,0.133224,-0.6832,223.58,2.45,41.370000000000005,0
1786849342.0080338,L,-0.771772,0.09028,1.208288,-24.290000000000003,38.010000000000005,-2.8000000000000003,0
1786849342.0201564,R,-0.668804,0.20813199999999998,-0.619516,217.56000000000003,7.3500000000000005,20.790000000000003,0
1786849342.0235076,L,-0.803736,0.014152,1.0870199999999999,-50.75000000000001,-23.310000000000002,19.180000000000003,0
1786849342.0350523,R,-0.706136,0.255468,-0.569496,188.3,11.270000000000001,11.13,0
1786849342.0394711,L,-0.8662,-0.010735999999999999,0.915732,-69.23,-70.7,14.980000000000002,0
1786849342.0502574,R,-0.725656,0.268888,-0.543632,153.65,4.760000000000001,19.250000000000004,0
1786849342.0547638,L,-0.870348,0.01342,0.749812,-89.11000000000001,-92.47000000000001,-2.1700000000000004,0
1786849342.0659955,R,-0.7315119999999999,0.22326,-0.5063,129.64000000000001,-2.87,37.38,0
1786849342.067999,L,-0.854,0.053436,0.60146,-108.92000000000002,-93.10000000000001,-23.380000000000003,0
1786849342.0821052,R,-0.73932,0.122,-0.450912,104.72000000000001,0.21000000000000002,47.39000000000001,0
1786849342.084106,L,-0.79666,0.087108,0.48556,-118.37,-70.14,-36.96,0
1786849342.0951233,R,-0.751764,0.05734,-0.35526399999999997,80.22000000000001,12.600000000000001,28.770000000000003,0
1786849342.098368,L,-0.707356,0.09881999999999999,0.396988,-115.64000000000001,-38.43000000000001,-35.28,0
1786849342.110918,R,-0.7524959999999999,0.07076,-0.311344,41.650000000000006,18.060000000000002,-6.0200000000000005,0
1786849342.1129193,L,-0.61366,0.097844,0.377956,-103.95,-17.080000000000002,-22.750000000000004,0
1786849342.125052,R,-0.765672,0.169092,-0.323788,10.99,14.910000000000002,-35.56,0
1786849342.1282017,L,-0.553148,0.08418,0.416996,-76.72000000000001,-5.460000000000001,-3.7800000000000002,0
1786849342.1409156,R,-0.763232,0.23985199999999998,-0.35014,-0.9800000000000001,1.8900000000000001,-38.57,0
1786849342.1429162,L,-0.547536,0.056119999999999996,0.49532,-29.960000000000004,-1.8900000000000001,6.720000000000001,0
1786849342.1560707,R,-0.734196,0.288896,-0.41846,-1.12,-23.380000000000003,-21.770000000000003,0
1786849342.1580749,L,-0.574864,0.022692,0.558516,15.400000000000002,-7.98,-0.28,0
1786849342.1702304,R,-0.6822239999999999,0.315492,-0.5453399999999999,-6.16,-43.540000000000006,-3.5700000000000003,0
1786849342.1732295,L,-0.584136,-0.0046359999999999995,0.5958479999999999,46.970000000000006,-10.99,-12.32,0
1786849342.1858025,R,-0.648308,0.302804,-0.676612,-26.810000000000002,-50.050000000000004,10.57,0
1786849342.1878064,L,-0.6082919999999999,-0.04026,0.645624,53.550000000000004,-12.530000000000001,-24.290000000000003,0
1786849342.2028668,L,-0.651236,-0.054168,0.660996,35.7,-11.200000000000001,-19.53,0
1786849342.216051,R,-0.655872,0.288896,-0.798856,-41.440000000000005,-47.53,20.160000000000004,0
1786849342.2190552,L,-0.72468,-0.05734,0.7166279999999999,10.57,1.6800000000000002,-7.000000000000001,0
1786849342.231112,R,-0.698572,0.27938,-0.8942599999999999,-31.92,-39.830000000000005,30.870000000000005,0
1786849342.2321122,R,-0.738588,0.264008,-0.9335439999999999,-8.190000000000001,-27.720000000000002,42.00000000000001,0
1786849342.234112,L,-0.789584,-0.06954,0.777384,-7.910000000000001,16.17,-4.2,0
1786849342.2459986,R,-0.785924,0.258396,-0.961604,17.57,-16.450000000000003,52.78000000000001,0
1786849342.2485056,L,-0.7634759999999999,-0.12395199999999999,0.861808,7.630000000000001,19.810000000000002,-15.820000000000002,0
1786849342.2610579,R,-0.792024,0.216428,-0.948184,34.09,-6.090000000000001,63.49000000000001,0
1786849342.263057,L,-0.793488,-0.114924,0.942572,65.59,-6.580000000000001,-41.02,0
1786849342.275776,R,-0.807152,0.194956,-0.8991399999999999,45.71,-2.1,68.81,0
1786849342.277911,L,-0.798856,-0.048799999999999996,0.948916,117.53000000000002,-45.43000000000001,-67.48,0
1786849342.2911155,R,-0.807396,0.1403,-0.845704,50.68000000000001,-3.43,64.47000000000001,0
1786849342.293116,L,-0.851316,0.0053679999999999995,0.901824,147.84,-72.94000000000001,-70.63000000000001,0
1786849342.3059788,R,-0.8078839999999999,0.10614,-0.768112,52.57000000000001,0.14,52.92,0
1786849342.308013,L,-0.894016,0.053436,0.70882,130.34,-83.51,-47.67,0
1786849342.320024,R,-0.8866959999999999,0.081252,-0.60146,44.800000000000004,6.86,35.84,0
1786849342.3235333,L,-0.908656,0.067832,0.477996,96.53000000000002,-88.97000000000001,-31.220000000000002,0
1786849342.3356829,R,-0.898896,0.04026,-0.491904,-15.05,13.23,9.450000000000001,0
1786849342.3376865,L,-0.931592,0.13908,0.32939999999999997,73.99000000000001,-86.73,-27.580000000000002,0
1786849342.3507304,R,-0.864004,0.06417199999999999,-0.569496,-120.82000000000001,16.1,-33.67,0
1786849342.352729,L,-0.928176,0.23668,0.251564,70.56,-52.50000000000001,-24.150000000000002,0
1786849342.3658235,R,-0.793488,0.08174,-0.719556,-212.38000000000002,20.160000000000004,-74.55000000000001,0
1786849342.3698273,L,-0.8805959999999999,0.193248,0.294996,85.47000000000001,-10.290000000000001,-2.1700000000000004,0
1786849342.3809814,R,-0.69784,0.09467199999999999,-0.894748,-236.32000000000002,22.610000000000003,-76.44000000000001,0
1786849342.3829792,L,-0.845948,0.081008,0.352336,97.23,10.920000000000002,23.660000000000004,0
1786849342.3960023,R,-0.610976,0.044407999999999996,-1.088728,-199.29000000000002,21.28,-34.580000000000005,0
1786849342.3980074,L,-0.851316,0.052948,0.496296,82.46000000000001,27.720000000000002,39.480000000000004,0
1786849342.413276,L,-0.840824,0.029768,0.640988,63.980000000000004,42.63,39.970000000000006,0
1786849342.426076,R,-0.55266,-0.023667999999999998,-1.213656,-133.35000000000002,28.070000000000004,-0.21000000000000002,0
1786849342.427079,R,-0.60268,-0.067832,-1.188768,-51.870000000000005,45.36000000000001,10.080000000000002,0
1786849342.4290814,L,-0.811056,0.089548,0.7302919999999999,45.85,47.53,18.340000000000003,0
1786849342.4411151,R,-0.601704,-0.098576,-1.0723799999999999,21.35,61.67000000000001,3.2900000000000005,0
1786849342.4431157,L,-0.743956,0.22228399999999998,0.802516,16.520000000000003,49.07000000000001,-3.1500000000000004,0
1786849342.4551334,R,-0.623664,-0.030987999999999998,-0.874984,88.2,77.77000000000001,-23.1,0
1786849342.4582326,L,-0.6944239999999999,0.310856,0.868152,-20.3,61.040000000000006,3.2900000000000005,0
1786849342.470745,R,-0.664168,0.09394,-0.675392,132.72,82.81,-52.71000000000001,0
1786849342.4727428,L,-0.659044,0.364292,0.9213439999999999,-49.980000000000004,77.56,26.950000000000003,0
1786849342.4857862,R,-0.730048,0.250588,-0.51362,158.34,77.35000000000001,-73.85000000000001,0
1786849342.487789,L,-0.65392,0.397964,0.98698,-74.55000000000001,88.48,39.830000000000005,0
1786849342.5009065,R,-0.795928,0.3843,-0.364048,159.11,59.290000000000006,-79.31,0
1786849342.5029047,L,-0.653676,0.30256,0.959896,-90.23,96.04,37.870000000000005,0
1786849342.5161314,R,-0.744444,0.435296,-0.274256,122.43,33.25,-64.19000000000001,0
1786849342.5302045,R,-0.6143919999999999,0.407968,-0.270108,53.970000000000006,0.56,-38.150000000000006,0
1786849342.5332046,L,-0.648064,0.300852,0.881572,-97.09,79.17,53.760000000000005,0
1786849342.5342047,L,-0.644648,0.268156,0.820816,-94.85000000000001,68.04,65.38000000000001,0
1786849342.545779,R,-0.52948,0.339648,-0.339648,-11.06,-31.990000000000002,-0.9800000000000001,0
1786849342.547921,L,-0.622444,0.216672,0.794952,-89.88000000000001,70.77000000000001,54.88,0
1786849342.5610015,R,-0.513864,0.220088,-0.435784,-43.68000000000001,-55.370000000000005,44.03,0
1786849342.563002,L,-0.607316,0.191052,0.756644,-86.38000000000001,70.77000000000001,44.52,0
1786849342.5760705,R,-0.59658,0.090768,-0.485804,-43.260000000000005,-74.97000000000001,81.13000000000001,0
1786849342.5780745,L,-0.620004,0.162748,0.680516,-77.07000000000001,65.17,31.710000000000004,0
1786849342.590181,R,-0.64416,-0.037576,-0.530456,-42.35,-96.81,99.26,0
1786849342.5931826,L,-0.637084,0.138836,0.666608,-68.53,57.190000000000005,24.220000000000002,0
1786849342.6057513,R,-0.698816,-0.148108,-0.6283,-63.35000000000001,-111.30000000000001,89.39000000000001,0
1786849342.6077545,L,-0.673196,0.164212,0.668072,-64.47000000000001,48.230000000000004,12.950000000000001,0
1786849342.6207893,R,-0.7190679999999999,-0.21984399999999998,-0.780068,-103.81000000000002,-116.41000000000001,54.32000000000001,0
1786849342.6227899,L,-0.735416,0.191052,0.6082919999999999,-53.690000000000005,32.480000000000004,4.62,0
1786849342.6359625,R,-0.755668,-0.247416,-0.870348,-110.95000000000002,-116.69000000000001,16.87,0
1786849342.6379669,L,-0.801052,0.240828,0.555832,-35.07,14.840000000000002,-0.14,0
1786849342.6510088,R,-0.745176,-0.28255199999999997,-0.900116,-76.86000000000001,-112.98,-1.7500000000000002,0
1786849342.6530082,L,-0.8103239999999999,0.26596,0.5477799999999999,-18.900000000000002,14.350000000000001,-5.74,0
1786849342.666144,R,-0.741028,-0.297192,-0.916708,-22.750000000000004,-100.94000000000001,-13.020000000000001,0
1786849342.6681483,L,-0.812276,0.27816,0.535092,-8.260000000000002,8.82,-8.680000000000001,0
1786849342.6806533,R,-0.736148,-0.258396,-0.909144,23.03,-77.7,-40.39,0
1786849342.6826546,L,-0.80032,0.274256,0.529236,3.3600000000000003,5.11,-7.3500000000000005,0
1786849342.697767,L,-0.790072,0.255956,0.510448,7.5600000000000005,3.08,0.56,0
1786849342.7108424,R,-0.7154079999999999,-0.162016,-0.842776,45.290000000000006,-41.440000000000005,-80.78,0
1786849342.711843,R,-0.7056479999999999,-0.033184,-0.755668,44.45,-6.370000000000001,-112.70000000000002,0
1786849342.7138438,L,-0.787388,0.222772,0.471896,12.670000000000002,-1.12,12.110000000000001,0
1786849342.725879,R,-0.707112,0.10760399999999999,-0.701256,45.64000000000001,17.220000000000002,-128.87,0
1786849342.7279456,L,-0.8030039999999999,0.175192,0.488244,26.740000000000002,2.0300000000000002,20.160000000000004,0
1786849342.7409563,R,-0.7093079999999999,0.243512,-0.641964,60.480000000000004,39.760000000000005,-129.01000000000002,0
1786849342.7429564,L,-0.793976,0.103944,0.60268,45.92,12.39,16.240000000000002,0
1786849342.7549996,R,-0.747616,0.391132,-0.551684,70.42,63.07000000000001,-128.87,0
1786849342.7584102,L,-0.75518,0.022692,0.690276,62.650000000000006,11.410000000000002,0.14,0
1786849342.7709575,R,-0.840092,0.55754,-0.458232,62.510000000000005,68.11,-129.08,0
1786849342.7729554,L,-0.722484,-0.057096,0.682468,68.18,3.43,-19.6,0
1786849342.7850864,R,-0.865468,0.6907639999999999,-0.421144,44.800000000000004,47.74,-111.79,0
1786849342.7882514,L,-0.723216,-0.117852,0.6466,55.580000000000005,-5.040000000000001,-24.01,0
1786849342.8002584,R,-0.841312,0.756888,-0.445788,36.260000000000005,20.44,-63.980000000000004,0
1786849342.8032577,L,-0.735904,-0.151768,0.71614,30.660000000000004,9.940000000000001,-15.120000000000001,0
1786849342.8157778,R,-0.837164,0.777628,-0.538264,33.040000000000006,-2.9400000000000004,0.9100000000000001,0
1786849342.8177822,L,-0.704184,-0.248636,0.9189039999999999,41.230000000000004,24.290000000000003,-21.000000000000004,0
1786849342.8310518,R,-0.863516,0.721752,-0.63684,28.980000000000004,-14.770000000000001,61.60000000000001,0
1786849342.8330517,L,-0.665632,-0.338428,1.063352,85.75000000000001,-10.64,-56.14000000000001,0
1786849342.846013,R,-0.905728,0.612684,-0.714432,23.87,-8.89,96.88000000000001,0
1786849342.8481143,L,-0.63928,-0.338916,1.086532,118.93,-63.00000000000001,-91.84,0
1786849342.8611503,R,-0.905972,0.497272,-0.766648,16.1,6.16,112.91000000000001,0
1786849342.8759162,R,-0.897676,0.40333199999999997,-0.781044,7.98,21.14,110.39000000000001,0
1786849342.8779778,L,-0.6168319999999999,-0.295728,1.015528,120.26,-91.42,-98.00000000000001,0
1786849342.8799772,L,-0.627568,-0.259372,0.906948,98.84,-90.72000000000001,-83.23,0
1786849342.8921216,R,-0.852536,0.361852,-0.741028,13.160000000000002,25.130000000000003,91.14000000000001,0
1786849342.8941207,L,-0.624884,-0.24522,0.869128,80.01,-77.77000000000001,-76.72000000000001,0
1786849342.905739,R,-0.808372,0.414068,-0.771528,26.950000000000003,22.26,68.53,0
1786849342.907744,L,-0.590236,-0.254248,0.924516,70.56,-70.42,-85.89000000000001,0
1786849342.9208174,R,-0.77226,0.516304,-0.870592,37.730000000000004,23.8,64.68,0
1786849342.9228163,L,-0.587796,-0.250832,1.024312,64.89,-66.36,-94.71000000000001,0
1786849342.9350069,R,-0.701744,0.581208,-0.963068,46.830000000000005,38.43000000000001,86.52000000000001,0
1786849342.938316,L,-0.622932,-0.214964,1.100928,53.410000000000004,-71.61000000000001,-96.46000000000001,0
1786849342.9508994,R,-0.704184,0.554856,-0.9964959999999999,53.27,52.43000000000001,118.72000000000001,0
1786849342.952898,L,-0.665388,-0.156648,1.171444,33.88,-89.18,-87.43,0
1786849342.9660988,R,-0.71614,0.46726,-0.990884,57.75000000000001,55.160000000000004,144.62,0
1786849342.9681091,L,-0.680516,-0.10931199999999999,1.189988,18.970000000000002,-113.47000000000001,-67.83000000000001,0
1786849342.9811404,R,-0.760792,0.385764,-0.960872,59.43000000000001,61.18000000000001,150.22000000000003,0
1786849342.9831405,L,-0.720532,-0.077348,1.13338,7.910000000000001,-125.44000000000001,-51.31,0
1786849342.9956737,R,-0.788608,0.337208,-0.916708,53.970000000000006,68.32000000000001,137.55,0
1786849342.9976773,L,-0.723948,-0.101016,1.097024,0.35000000000000003,-124.04,-44.38,0
1786849343.0102396,R,-0.789828,0.30744,-0.8942599999999999,53.06,71.47000000000001,122.71000000000001,0
1786849343.013238,L,-0.727608,-0.110776,1.0845799999999999,-5.8100000000000005,-121.10000000000001,-44.38,0
1786849343.025752,R,-0.766648,0.303292,-0.942572,56.980000000000004,71.05000000000001,115.85000000000001,0
1786849343.0283391,L,-0.725656,-0.090524,1.067256,-14.350000000000001,-117.74000000000001,-46.900000000000006,0
1786849343.0409036,R,-0.7339519999999999,0.301584,-1.059204,55.230000000000004,78.68,117.95000000000002,0
1786849343.0429013,L,-0.735904,-0.0305,1.103612,-15.96,-124.74000000000001,-43.61000000000001,0
1786849343.054917,R,-0.686372,0.281576,-1.1529,50.75000000000001,100.94000000000001,120.47000000000001,0
1786849343.0583918,L,-0.682712,0.05246,1.174128,-10.22,-150.64000000000001,-30.1,0
1786849343.0710602,R,-0.655384,0.236436,-1.162416,52.36000000000001,122.71000000000001,120.96000000000001,0
1786849343.07306,L,-0.679296,0.122976,1.163392,-6.0200000000000005,-170.94000000000003,-18.340000000000003,0
1786849343.0860927,R,-0.669536,0.195444,-1.11386,59.92000000000001,130.27,119.77000000000001,0
1786849343.088097,L,-0.681248,0.167872,1.109468,-5.6000000000000005,-175.42000000000002,-11.9,0
1786849343.100256,R,-0.692472,0.160552,-1.075064,66.29,125.16000000000001,114.80000000000001,0
1786849343.1032565,L,-0.680028,0.186172,1.072868,-5.670000000000001,-172.27,-5.95,0
1786849343.1148443,R,-0.70882,0.122976,-1.107516,67.62,116.83000000000001,106.26,0
1786849343.1304166,R,-0.68686,0.077592,-1.206336,54.74,125.93,93.73,0
1786849343.1334174,L,-0.657092,0.233752,1.180472,-6.65,-172.9,12.250000000000002,0
1786849343.1349204,L,-0.593896,0.26961999999999997,1.252452,-14.420000000000002,-180.04000000000002,38.71,0
1786849343.1480143,L,-0.6082919999999999,0.24204799999999999,1.224148,-23.8,-181.65,54.60000000000001,0
1786849343.1604834,R,-0.665144,0.027084,-1.278804,28.28,152.53,70.28,0
1786849343.163484,L,-0.625372,0.21276799999999998,1.15778,-23.730000000000004,-179.20000000000002,52.71000000000001,0
1786849343.1783338,L,-0.607316,0.194224,1.1228879999999999,-10.850000000000001,-187.53000000000003,41.790000000000006,0
1786849343.1923726,R,-0.5970679999999999,0.016592,-1.314184,13.090000000000002,190.96,42.49,0
1786849343.1933706,L,-0.5673,0.210328,1.145092,1.4700000000000002,-192.15,36.68000000000001,0
1786849343.2049165,R,-0.592432,0.049044,-1.2444,18.970000000000002,210.49,26.810000000000002,0
1786849343.207466,R,-0.580232,0.07442,-1.139236,39.410000000000004,198.45000000000002,26.040000000000003,0
1786849343.2084663,L,-0.628544,0.28182,0.910852,-31.290000000000003,-112.77000000000001,48.510000000000005,0
1786849343.2235234,L,-0.522648,0.12322,1.049932,-39.900000000000006,-104.30000000000001,62.93000000000001,0
1786849343.2360768,R,-0.528748,0.168116,-1.217316,83.51,153.09,32.34,0
1786849343.2372963,R,-0.439932,0.110776,-1.175104,89.95,162.82000000000002,60.830000000000005,0
1786849343.2382965,L,-0.567788,0.014395999999999999,1.06384,-22.540000000000003,-141.4,37.03,0
1786849343.250376,R,-0.429684,0.067588,-1.242936,65.73,178.78000000000003,61.11000000000001,0
1786849343.2523766,R,-0.41602,-0.006344,-1.245132,27.020000000000003,208.18,47.6,0
1786849343.2533765,L,-0.493612,0.036844,0.999668,31.990000000000002,-162.68,6.23,0
1786849343.2649226,R,-0.39161999999999997,-0.067588,-1.218292,12.670000000000002,234.01000000000002,35.42,0
1786849343.2805064,R,-0.36722,-0.110288,-1.118984,33.39,225.96,28.700000000000003,0
1786849343.2835085,L,-0.373076,0.229848,1.061644,53.970000000000006,-199.36,3.1500000000000004,0
1786849343.2965932,R,-0.327936,-0.135176,-1.059204,59.290000000000006,209.72000000000003,33.81,0
1786849343.2995968,L,-0.316224,0.332328,1.05652,49.14000000000001,-218.61,16.310000000000002,0
1786849343.3005974,L,-0.325984,0.228628,1.046028,29.960000000000004,-214.27,25.830000000000002,0
1786849343.310633,R,-0.315492,-0.122732,-1.04554,72.17,195.93,37.59,0
1786849343.325189,R,-0.285236,-0.185684,-1.0316319999999999,62.300000000000004,188.65,31.220000000000002,0
1786849343.3277836,L,-0.31768799999999997,0.121268,1.0304119999999999,21.21,-208.60000000000002,32.34,0
1786849343.3297877,L,-0.28499199999999997,0.05246,1.00406,22.400000000000002,-203.28000000000003,31.990000000000002,0
1786849343.3433564,L,-0.20813199999999998,0.075396,1.104344,33.040000000000006,-203.84000000000003,34.370000000000005,0
1786849343.3549106,R,-0.23546,-0.22691999999999998,-1.044564,24.64,203.56000000000003,7.700000000000001,0
1786849343.3584924,L,-0.117608,0.198616,1.254648,59.78000000000001,-214.48000000000002,32.760000000000005,0
1786849343.373538,L,-0.020496,0.350384,1.1843759999999999,74.13000000000001,-206.64000000000001,38.010000000000005,0
1786849343.3876126,L,-0.001952,0.337208,0.985516,41.650000000000006,-185.15,45.99,0
1786849343.4006515,R,-0.168848,-0.216916,-1.07116,-8.610000000000001,220.43,-12.81,0
1786849343.4016519,R,-0.082472,-0.167628,-1.079212,-13.930000000000001,225.12000000000003,-24.430000000000003,0
1786849343.4036522,L,0.035623999999999996,0.18544,0.8486319999999999,2.45,-175.42000000000002,50.260000000000005,0
1786849343.4187338,L,0.111996,0.087596,0.86986,-7.910000000000001,-178.29000000000002,51.940000000000005,0
1786849343.4308345,R,-0.001952,-0.102724,-1.048468,5.11,227.08,-16.8,0
1786849343.4318364,R,0.072468,-0.066612,-0.9516,17.85,228.34000000000003,-12.740000000000002,0
1786849343.449641,L,0.17885199999999998,0.128588,1.029924,29.960000000000004,-200.48000000000002,51.800000000000004,0
1786849343.4506412,L,0.305244,0.228628,1.084824,80.29,-218.26000000000002,37.31,0
1786849343.4606822,R,0.143716,-0.008539999999999999,-0.93696,12.740000000000002,236.67000000000002,-5.95,0
1786849343.4616828,R,0.177388,-0.062708,-0.839116,10.57,230.37000000000003,-3.0100000000000002,0
1786849343.4767864,R,0.23741199999999998,-0.088328,-0.809592,-13.440000000000001,213.43,-6.86,0
1786849343.5085442,L,0.36722,0.32452,0.962336,89.11000000000001,-203.70000000000002,26.320000000000004,0
1786849343.5095441,L,0.391864,0.29402,0.807152,48.93000000000001,-177.87,32.550000000000004,0
1786849343.510544,L,0.39039999999999997,0.164944,0.742004,12.46,-171.08,34.160000000000004,0
1786849343.5125427,L,0.39405999999999997,0.080276,0.659776,0.21000000000000002,-176.96,24.990000000000002,0
1786849343.5676162,L,0.440176,0.079544,0.574864,-4.69,-177.73000000000002,26.320000000000004,0
1786849343.5696166,L,0.534848,0.11516799999999999,0.532896,-5.11,-166.95000000000002,35.35,0
1786849343.5706167,L,0.521184,0.144448,0.509228,0.42000000000000004,-152.11,38.57,0
1786849343.5716166,L,0.527284,0.165432,0.42822,7.420000000000001,-132.16000000000003,38.92,0
1786849343.5826693,L,0.565348,0.155916,0.26839999999999997,6.720000000000001,-103.81000000000002,39.27,0
1786849343.5977798,L,0.578768,0.068808,0.066612,-5.670000000000001,-76.30000000000001,31.290000000000003,0
1786849343.6129453,L,0.575596,-0.047824,-0.128588,-22.540000000000003,-49.910000000000004,28.42,0
1786849343.6429248,L,0.559736,-0.134932,-0.245952,-30.660000000000004,-15.47,29.19,0
1786849343.644924,L,0.510204,-0.082472,-0.221552,-20.790000000000003,8.680000000000001,25.830000000000002,0
1786849343.6560469,R,0.314028,-0.086376,-0.83814,-18.060000000000002,199.78000000000003,-15.05,0
1786849343.6567895,R,0.384056,-0.044896,-0.876692,-4.9,199.78000000000003,-7.490000000000001,0
1786849343.6589363,L,0.438712,0.084912,-0.142252,-2.8000000000000003,24.78,22.89,0
1786849343.6739318,L,0.384056,0.2074,-0.114436,-44.940000000000005,56.910000000000004,28.210000000000004,0
1786849343.6851897,R,0.410408,-0.01464,-0.827892,-6.580000000000001,206.71,1.61,0
1786849343.6878788,L,0.285968,0.08784,-0.038796,-99.05000000000001,115.22000000000001,29.820000000000004,0
1786849343.7035587,L,0.192516,0.014395999999999999,0.072468,-121.03000000000002,164.22000000000003,26.810000000000002,0
1786849343.7322524,R,0.434564,-0.03782,-0.74054,-28.980000000000004,210.07000000000002,-2.24,0
1786849343.733252,L,0.131028,0.056119999999999996,0.37746799999999997,-100.17000000000002,206.78000000000003,14.350000000000001,0
1786849343.734252,L,0.041479999999999996,0.168116,0.83814,4.550000000000001,190.33,-29.960000000000004,0
1786849343.7448473,R,0.43676,-0.083448,-0.6131719999999999,-46.2,219.87000000000003,-16.450000000000003,0
1786849343.7468069,R,0.44334799999999996,-0.109556,-0.460184,-56.14000000000001,232.96000000000004,-29.890000000000004,0
1786849343.7488098,L,0.148108,0.337696,1.118008,77.14,134.4,-66.64,0
1786849343.7619374,R,0.457256,-0.152744,-0.249368,-51.59,221.20000000000002,-44.31,0
1786849343.7639368,L,0.123708,0.4392,0.94794,55.09,167.93,-83.51,0
1786849343.775177,R,0.501176,-0.063928,-0.069784,-46.2,191.73000000000002,-54.67,0
1786849343.7767735,R,0.562176,0.064904,0.082472,-25.340000000000003,150.08,-52.010000000000005,0
1786849343.7787776,L,0.076616,0.223504,0.916708,-23.03,220.57000000000002,-71.47000000000001,0
1786849343.7908158,R,0.447252,0.134688,0.63684,-84.49000000000001,-43.190000000000005,-56.07000000000001,0
1786849343.7938156,L,-0.032695999999999996,0.069296,1.207068,-78.82000000000001,264.53000000000003,-56.00000000000001,0
1786849343.8059595,R,0.36819599999999997,0.132736,0.571936,-74.41000000000001,-104.93,-38.78,0
1786849343.8069592,R,0.128588,0.24034,-0.181048,-24.78,-238.00000000000003,3.5000000000000004,0
1786849343.8089926,L,0.083204,0.28182,1.63846,-131.25,246.33,-15.540000000000001,0
1786849343.8211558,R,0.008784,0.228384,-0.50264,66.85000000000001,-353.43,16.73,0
1786849343.8236654,L,0.187636,0.2074,2.167208,-24.92,173.88000000000002,-26.320000000000004,0
1786849343.8351839,R,-0.087352,0.19032,-0.835456,81.06,-414.54,35.980000000000004,0
1786849343.83693,R,-0.15372,0.249856,-1.6836,31.080000000000002,-393.40000000000003,71.82000000000001,0
1786849343.8389344,L,0.210084,0.09174399999999999,2.01422,81.76,51.940000000000005,-61.18000000000001,0
1786849343.8522625,R,-0.144692,0.10052799999999999,-2.21308,-50.260000000000005,-269.85,83.79,0
1786849343.8532648,L,0.257176,0.350628,1.838296,71.82000000000001,-30.17,-8.4,0
1786849343.8652768,R,0.065636,-0.105652,-2.471476,-113.96000000000001,-136.36,67.9,0
1786849343.866822,R,0.166896,-0.317444,-2.5305239999999998,-26.46,-104.30000000000001,70.49000000000001,0
1786849343.8688266,L,0.260592,0.454572,1.661884,-33.32,-23.94,70.28,0
1786849343.880463,R,0.204472,-0.202032,-2.488068,91.91000000000001,-80.78,60.27,0
1786849343.882462,R,0.327936,-0.010492,-2.443416,96.74000000000001,12.250000000000002,50.260000000000005,0
1786849343.8859699,L,0.227164,0.13054,1.508164,-88.27000000000001,-29.400000000000002,96.88000000000001,0
1786849343.896096,R,0.345748,0.13908,-2.0681439999999998,46.410000000000004,130.55,28.140000000000004,0
1786849343.8970964,R,0.300608,0.252296,-1.69702,22.05,175.28000000000003,-5.180000000000001,0
1786849343.8982086,L,0.222528,-0.002928,1.442528,-56.63,-86.73,64.12,0
1786849343.9127946,L,0.277916,0.035136,1.605276,30.94,-164.22000000000003,49.21000000000001,0
1786849343.9410307,R,0.304268,0.361852,-1.5135319999999999,38.43000000000001,173.53000000000003,-12.530000000000001,0
1786849343.94303,L,0.3599,0.040504,1.62626,88.27000000000001,-218.33,44.03,0
1786849343.9450307,L,0.416752,-0.052704,1.525,62.720000000000006,-232.05,25.270000000000003,0
1786849343.9602747,L,0.41138399999999997,-0.171288,1.392508,8.680000000000001,-228.97000000000003,17.71,0
1786849343.9729447,L,0.482388,-0.179096,1.2202439999999999,-39.2,-238.00000000000003,4.2,0
1786849343.9891472,L,0.59902,-0.199348,1.073844,-24.85,-267.96000000000004,-18.69,0
1786849344.0037742,L,0.722972,-0.153476,1.071648,31.85,-292.25,-38.92,0
1786849344.0179977,L,0.742004,-0.057583999999999996,1.027728,80.50000000000001,-306.11,-43.61000000000001,0
1786849344.0335317,L,0.794708,0.036356,0.915488,70.35000000000001,-274.68,-29.680000000000003,0
1786849344.0481696,L,0.732244,-0.074908,0.716384,13.790000000000001,-237.79000000000002,-11.13,0
1786849344.0602949,R,0.35258,0.46604,-1.465952,59.36000000000001,162.75000000000003,-3.0100000000000002,0
1786849344.0622945,R,0.393084,0.52094,-1.536712,61.11000000000001,166.81,8.33,0
1786849344.0632946,L,0.740784,-0.162748,0.567788,-15.47,-238.49,5.040000000000001,0
1786849344.07832,L,0.759572,-0.129076,0.473116,6.44,-251.86,9.24,0
1786849344.0903358,R,0.390644,0.476776,-1.616744,54.18000000000001,200.97000000000003,21.28,0
1786849344.0923345,R,0.397476,0.384788,-1.494256,39.900000000000006,252.91000000000003,21.21,0
1786849344.1068766,R,0.433344,0.232288,-1.149728,29.26,271.6,0.6300000000000001,0
1786849344.1089003,L,0.8644919999999999,0.099064,0.52704,48.160000000000004,-268.45000000000005,20.580000000000002,0
1786849344.1099,L,0.814228,0.163724,0.36453599999999997,43.68000000000001,-264.81,21.910000000000004,0
1786849344.1229541,L,0.8386279999999999,0.162748,0.186416,12.39,-260.05,26.6,0
1786849344.1380968,L,0.829844,0.129808,0.027084,-14.490000000000002,-261.87,21.21,0
1786849344.153197,L,0.808616,0.11468,0.030744,-9.030000000000001,-279.65000000000003,17.430000000000003,0
1786849344.1682348,L,0.8300879999999999,0.186172,0.132248,29.26,-296.52000000000004,5.95,0
1786849344.1832492,L,0.84912,0.292312,0.23399599999999998,64.61,-295.47,-1.4700000000000002,0
1786849344.1983185,L,0.788364,0.290848,0.122976,56.49,-280.14000000000004,6.0200000000000005,0
1786849344.2133322,L,0.659776,0.102236,-0.054412,29.680000000000003,-276.5,23.1,0
1786849344.2258537,R,0.501664,0.174948,-0.9027999999999999,22.26,264.04,-29.400000000000002,0
1786849344.2289612,L,0.668804,-0.029036,-0.151036,11.55,-268.1,40.95,0
1786849344.2406743,R,0.588284,0.233508,-0.859124,12.040000000000001,260.89000000000004,-45.150000000000006,0
1786849344.2416759,R,0.681492,0.26718,-0.774456,-5.6000000000000005,290.64000000000004,-48.09,0
1786849344.2436776,L,0.802272,0.002928,-0.025131999999999998,9.73,-230.23000000000002,39.13,0
1786849344.2560086,R,0.655384,0.22447999999999999,-0.668804,-8.610000000000001,305.76000000000005,-31.01,0
1786849344.2570086,R,0.6180519999999999,0.198372,-0.412116,-10.780000000000001,326.06000000000006,-13.370000000000001,0
1786849344.2591138,L,0.836676,0.072712,0.087596,31.430000000000003,-204.54000000000002,19.950000000000003,0
1786849344.2711277,R,0.6771,0.19276,-0.27327999999999997,-43.68000000000001,329.63000000000005,-20.020000000000003,0
1786849344.2721267,R,0.7315119999999999,0.133956,-0.176656,-39.550000000000004,316.26000000000005,-9.170000000000002,0
1786849344.2741263,L,0.793732,0.247416,0.087352,62.440000000000005,-214.62000000000003,3.08,0
1786849344.2852387,R,0.76616,0.115412,-0.100772,-22.05,305.62,9.590000000000002,0
1786849344.288273,L,0.588772,0.210816,-0.14396,50.89000000000001,-234.92000000000002,25.060000000000002,0
1786849344.3002884,R,0.72468,0.044407999999999996,0.019032,-33.81,302.54,24.080000000000002,0
1786849344.3032892,L,0.461648,0.019275999999999998,-0.262544,29.750000000000004,-266.63000000000005,54.25000000000001,0
1786849344.3160396,R,0.564616,-0.108336,0.24522,-49.21000000000001,290.43,35.980000000000004,0
1786849344.31704,R,0.524112,-0.12322,0.331108,-66.85000000000001,306.6,3.99,0
1786849344.3190897,L,0.41236,-0.094184,-0.425048,13.440000000000001,-264.95000000000005,76.44000000000001,0
1786849344.3333287,L,0.309392,-0.143228,-0.58072,-1.4000000000000001,-239.05,109.20000000000002,0
1786849344.3483555,L,0.26034799999999997,-0.288652,-0.8103239999999999,1.8900000000000001,-187.39000000000001,108.71000000000001,0
1786849344.3648765,L,0.1891,-0.302316,-0.955992,16.1,-135.38000000000002,90.58000000000001,0
1786849344.3784003,L,0.14762,-0.122976,-1.032364,33.39,-101.36000000000001,85.68,0
1786849344.3934135,L,0.094184,-0.058804,-1.169248,44.31,-59.36000000000001,86.59,0
1786849344.407436,R,0.621712,-0.00488,0.264252,-61.46000000000001,280.14000000000004,-15.120000000000001,0
1786849344.4084394,L,0.065636,-0.150792,-1.246352,51.1,-18.55,82.46000000000001,0
1786849344.420453,R,0.69784,0.111752,0.19056399999999998,-14.000000000000002,256.76000000000005,1.8200000000000003,0
1786849344.4234555,L,0.042943999999999996,-0.24034,-1.2646519999999999,46.900000000000006,20.930000000000003,75.60000000000001,0
1786849344.4535081,L,0.036356,-0.292068,-1.253672,22.750000000000004,64.47000000000001,56.14000000000001,0
1786849344.4701798,L,0.108824,-0.304268,-1.159488,1.2600000000000002,107.24000000000001,32.900000000000006,0
1786849344.4721801,L,0.280844,-0.26961999999999997,-0.930616,10.22,131.67000000000002,-5.180000000000001,0
1786849344.483357,L,0.45872,-0.1464,-0.789828,42.35,135.87,-35.49,0
1786849344.4993832,L,0.575596,-0.066124,-0.644404,57.330000000000005,140.0,-42.21,0
1786849344.513394,L,0.639768,-0.08003199999999999,-0.607804,44.38,155.61,-40.53,0
1786849344.5434527,L,0.85278,-0.172508,-0.38674,21.630000000000003,192.92000000000002,-36.96,0
1786849344.5449557,L,1.0882399999999999,-0.150792,0.034648,35.0,205.03000000000003,-74.13000000000001,0
1786849344.5559719,R,0.622444,0.146888,0.2318,22.05,256.83000000000004,33.25,0
1786849344.557475,R,0.366488,0.085644,0.480436,35.7,272.23,48.02,0
1786849344.558479,L,1.2261,-0.018056,0.243512,59.92000000000001,180.39000000000001,-101.29,0
1786849344.5734906,L,1.276608,-0.026352,0.24790399999999999,40.6,156.87,-112.21000000000001,0
1786849344.5882215,L,1.375184,-0.1098,0.559004,23.8,77.28,-89.95,0
1786849344.6033676,L,1.630896,0.037087999999999996,0.794708,8.96,10.080000000000002,-62.510000000000005,0
1786849344.633457,L,1.831952,0.18934399999999998,0.854244,-1.8900000000000001,-20.580000000000002,-40.25000000000001,0
1786849344.6349604,L,1.850496,0.226676,0.901824,1.12,-50.96000000000001,-17.990000000000002,0
1786849344.648485,L,1.5823399999999999,0.077592,0.46799199999999996,6.44,-98.14000000000001,6.0200000000000005,0
1786849344.663498,L,1.300276,-0.18056,0.135176,0.21000000000000002,-131.53,43.330000000000005,0
1786849344.678155,L,1.10288,-0.264496,-0.14762,-21.770000000000003,-131.04000000000002,66.36,0
1786849344.694234,L,0.910852,-0.309148,-0.35868,-42.77,-115.15,70.35000000000001,0
1786849344.7060406,R,0.12932,0.077836,0.75396,3.08,293.58000000000004,42.910000000000004,0
1786849344.707041,R,-0.055876,0.028791999999999998,1.040416,-12.81,280.56,47.46000000000001,0
1786849344.709104,L,0.908168,-0.203008,-0.380152,-41.230000000000004,-115.71000000000001,64.68,0
1786849344.7201948,R,-0.140788,-0.046848,1.29686,4.340000000000001,230.02,53.900000000000006,0
1786849344.7221942,R,-0.163724,-0.093452,1.457168,2.66,189.35000000000002,31.570000000000004,0
1786849344.7231936,L,0.879864,-0.096624,-0.41358,-31.220000000000002,-133.21,57.120000000000005,0
1786849344.735169,R,-0.19983599999999999,-0.08003199999999999,1.5999079999999999,-22.680000000000003,163.17000000000002,-5.880000000000001,0
1786849344.7392085,L,0.820084,-0.089548,-0.530944,-18.62,-145.18,54.18000000000001,0
1786849344.755989,L,0.6907639999999999,-0.182756,-0.70638,-16.73,-143.08,47.95,0
1786849344.766005,R,-0.180072,0.059536,1.623332,4.130000000000001,-40.25000000000001,-22.05,0
1786849344.767005,R,-0.126148,0.021716,1.469856,-2.24,-97.93,-22.89,0
1786849344.7690768,L,0.575108,-0.288896,-0.775188,-26.880000000000003,-122.92000000000002,41.09,0
1786849344.7802505,R,1.443992,0.41602,-0.390644,0.35000000000000003,-195.23000000000002,-64.82000000000001,0
1786849344.7822504,R,1.700192,0.44042,-0.628544,25.130000000000003,-121.03000000000002,-20.860000000000003,0
1786849344.78325,L,0.508252,-0.291824,-0.776164,-38.080000000000005,-97.93,32.760000000000005,0
1786849344.798372,L,0.5477799999999999,-0.24156,-0.7771399999999999,-34.09,-73.15,25.69,0
1786849344.813386,L,0.620736,-0.17641199999999999,-0.693448,-21.35,-49.84,21.07,0
1786849344.8274128,R,0.6451359999999999,0.44164,0.7783599999999999,23.240000000000002,147.70000000000002,5.95,0
1786849344.828416,L,0.613904,-0.14835199999999998,-0.657336,-10.500000000000002,-37.24,20.44,0
1786849344.8405728,R,0.534116,0.47116399999999997,0.835212,9.940000000000001,148.82000000000002,45.92,0
1786849344.843573,L,0.569008,-0.182756,-0.707112,2.9400000000000004,-25.130000000000003,18.62,0
1786849344.8552725,R,0.45139999999999997,0.336964,0.906948,3.7800000000000002,142.94000000000003,79.31,0
1786849344.857551,R,0.35624,0.14713199999999999,0.965508,0.49000000000000005,132.72,85.33000000000001,0
1786849344.8585932,L,0.497272,-0.20691199999999998,-0.79666,4.41,-3.99,16.520000000000003,0
1786849344.873152,L,0.457744,-0.205448,-0.81252,0.07,20.3,16.73,0
1786849344.8852549,R,0.262788,0.009516,0.992104,-3.6400000000000006,124.95000000000002,66.78,0
1786849344.8885024,L,0.508496,-0.209596,-0.795196,-0.6300000000000001,37.800000000000004,14.14,0
1786849344.9033499,L,0.604632,-0.198372,-0.703452,2.66,45.57000000000001,8.4,0
1786849344.9158692,R,0.22813999999999998,-0.073688,1.0291919999999999,-8.82,121.66000000000001,34.580000000000005,0
1786849344.9183755,L,0.699304,-0.192516,-0.621224,15.610000000000001,38.220000000000006,0.42000000000000004,0
1786849344.9304068,R,0.24034,-0.07442,1.058472,-7.5600000000000005,108.78000000000002,3.8500000000000005,0
1786849344.9324083,R,0.271328,-0.029768,1.097268,-5.6000000000000005,90.09,-20.790000000000003,0
1786849344.9334083,L,0.7625,-0.184952,-0.63684,21.910000000000004,35.84,-6.300000000000001,0
1786849344.9459255,R,0.28621199999999997,0.037332,1.13094,-2.45,64.4,-38.43000000000001,0
1786849344.948432,L,0.7991,-0.18422,-0.617808,16.240000000000002,42.910000000000004,-11.410000000000002,0
1786849344.9604447,R,0.28499199999999997,0.096136,1.132404,-3.6400000000000006,35.77,-46.690000000000005,0
1786849344.963447,L,0.84302,-0.196176,-0.539972,8.540000000000001,47.25000000000001,-12.81,0
1786849344.9784741,L,0.915732,-0.217648,-0.413092,2.5200000000000005,48.370000000000005,-11.13,0
1786849344.9911375,R,0.295728,0.151036,1.0906799999999999,0.8400000000000001,16.380000000000003,-45.36000000000001,0
1786849344.9941375,L,0.962824,-0.19886,-0.317444,4.760000000000001,37.59,-8.89,0
1786849345.0073295,L,0.972828,-0.176656,-0.315004,5.460000000000001,25.130000000000003,-5.32,0
1786849345.0200245,R,0.308904,0.132736,1.066036,-1.4700000000000002,6.930000000000001,-43.540000000000006,0
1786849345.022531,R,0.353312,0.107116,1.068476,-2.0300000000000002,-8.82,-49.910000000000004,0
1786849345.023531,L,0.9286639999999999,-0.183244,-0.380396,-1.4700000000000002,22.540000000000003,-0.56,0
1786849345.036064,R,0.3782,0.11638799999999999,0.9891759999999999,-3.2900000000000005,-23.94,-56.42000000000001,0
1786849345.0385714,L,0.845216,-0.233508,-0.4697,-9.030000000000001,29.050000000000004,1.12,0
1786849345.052168,R,0.423828,0.12102399999999999,0.920612,-5.32,-35.56,-63.35000000000001,0
1786849345.053169,L,0.75884,-0.285236,-0.55022,-17.57,49.28,5.8100000000000005,0
1786849345.0673387,R,0.467504,0.146644,0.851316,1.6800000000000002,-46.900000000000006,-65.45,0
1786849345.0685575,L,0.6832,-0.306952,-0.586332,-27.650000000000002,76.30000000000001,10.290000000000001,0
1786849345.0810792,R,0.560712,0.171044,0.793976,11.55,-59.220000000000006,-65.80000000000001,0
1786849345.084082,L,0.650504,-0.243024,-0.528992,-35.910000000000004,95.9,16.1,0
1786849345.0971758,R,0.691008,0.25376,0.697108,13.020000000000001,-64.33000000000001,-64.68,1
1786849345.098192,L,0.64172,-0.188856,-0.538508,-33.81,98.77000000000001,17.360000000000003,1
1786849345.1103048,R,0.789584,0.30256,0.5934079999999999,11.410000000000002,-50.400000000000006,-58.17000000000001,1
1786849345.1123042,R,0.80276,0.30744,0.608536,8.47,-33.040000000000006,-46.970000000000006,1
1786849345.1133044,L,0.719312,-0.184464,-0.545584,-25.970000000000002,99.82000000000001,17.220000000000002,1
1786849345.1294594,L,0.776408,-0.164944,-0.49898,-14.700000000000001,100.66000000000001,13.510000000000002,1
1786849345.1420245,R,0.688812,0.23863199999999998,0.808128,11.690000000000001,-34.160000000000004,-32.760000000000005,1
1786849345.144025,L,0.816912,-0.194468,-0.505324,-9.870000000000001,106.12,10.780000000000001,1
1786849345.1552324,R,0.593652,0.22447999999999999,0.907436,5.8100000000000005,-45.50000000000001,-33.88,1
1786849345.1571524,R,0.517768,0.226676,0.96502,-4.550000000000001,-63.56000000000001,-35.07,1
1786849345.1883662,L,0.826672,-0.256444,-0.4758,-13.3,119.42000000000002,8.89,1
1786849345.1893654,L,0.851316,-0.2928,-0.363072,-20.020000000000003,130.13000000000002,6.86,1
1786849345.1903648,L,1.02846,-0.236924,-0.12932,13.020000000000001,108.50000000000001,-6.720000000000001,1
1786849345.2003794,R,0.46604,0.209596,0.99064,-18.270000000000003,-86.24000000000001,-38.99,1
1786849345.2033787,L,1.125816,-0.10760399999999999,-0.234972,27.160000000000004,96.46000000000001,-16.240000000000002,1
1786849345.21829,L,1.121424,-0.145424,-0.215452,-3.22,91.00000000000001,-11.830000000000002,1
1786849345.2334652,L,1.11874,-0.14127599999999998,-0.072956,-8.89,59.080000000000005,-17.430000000000003,1
1786849345.246125,R,0.448716,0.210328,0.9755119999999999,-17.71,-113.89000000000001,-40.18000000000001,1
1786849345.2471273,R,0.449936,0.234728,0.92232,-8.120000000000001,-137.83,-32.13,1
1786849345.2482514,L,1.158024,-0.042943999999999996,-0.000488,-13.090000000000002,28.770000000000003,-24.85,1
1786849345.2781389,L,1.147044,-0.03294,0.026595999999999998,-21.14,16.03,-26.110000000000003,1
1786849345.280139,L,1.142896,-0.08418,0.057828,-15.96,6.86,-23.730000000000004,1
1786849345.29348,L,1.110688,-0.106628,0.033428,-19.110000000000003,4.62,-16.1,1
1786849345.3061097,R,0.49702799999999997,0.322324,0.80276,5.6000000000000005,-151.06,-15.820000000000002,1
1786849345.3091722,L,1.0748199999999999,-0.128832,0.01952,-23.94,4.0600000000000005,-4.970000000000001,1
1786849345.322182,L,1.052616,-0.13298,-0.004392,-25.830000000000002,1.7500000000000002,4.69,1
1786849345.3381114,L,1.028216,-0.12224399999999999,-0.042212,-27.37,-0.42000000000000004,12.740000000000002,1
1786849345.3529615,L,0.99552,-0.101992,-0.115412,-24.990000000000002,-5.390000000000001,16.380000000000003,1
1786849345.3689058,L,0.979904,-0.101504,-0.17177599999999998,-21.630000000000003,-12.250000000000002,17.71,1
1786849345.384037,L,0.9730719999999999,-0.11516799999999999,-0.222772,-15.890000000000002,-19.110000000000003,14.770000000000001,1
1786849345.3982856,L,0.97478,-0.13298,-0.260836,-13.860000000000001,-22.05,11.830000000000002,1
1786849345.4129484,L,0.97234,-0.133468,-0.259372,-13.580000000000002,-23.590000000000003,9.100000000000001,1
1786849345.428295,L,0.9557479999999999,-0.134688,-0.275476,-12.670000000000002,-25.060000000000002,4.48,1
1786849345.4408517,R,0.494832,0.310368,0.733708,10.500000000000002,-144.13000000000002,-1.33,1
1786849345.4428523,L,0.935496,-0.147376,-0.26596,-10.080000000000002,-28.070000000000004,0.8400000000000001,1
1786849345.4580822,L,0.93452,-0.16006399999999998,-0.26352,-11.340000000000002,-27.160000000000004,3.08,1
1786849345.4707801,R,0.575352,0.234484,0.685396,-4.48,-133.28,0.9800000000000001,1
1786849345.4717803,R,0.610488,0.144448,0.702232,-20.090000000000003,-124.88000000000001,-20.3,1
1786849345.4737806,L,0.942084,-0.14518,-0.254004,-11.270000000000001,-23.94,5.040000000000001,1
1786849345.4900236,L,0.957456,-0.133224,-0.2623,-12.740000000000002,-18.76,5.6000000000000005,1
1786849345.5032969,L,0.972096,-0.126392,-0.26961999999999997,-12.250000000000002,-17.150000000000002,1.61,1
1786849345.5178583,L,0.96014,-0.11931599999999999,-0.290604,-14.000000000000002,-17.92,-0.9800000000000001,1
1786849345.533118,L,0.93574,-0.135176,-0.288896,-15.47,-21.490000000000002,-1.7500000000000002,1
1786849345.545149,R,0.683932,0.122976,0.650748,-23.1,-135.73000000000002,-48.160000000000004,1
1786849345.548644,L,0.919636,-0.125416,-0.2867,-12.040000000000001,-25.69,0.14,1
1786849345.563264,L,0.918416,-0.128588,-0.307684,-9.66,-24.85,3.5700000000000003,1
1786849345.577906,L,0.908412,-0.133956,-0.345016,-8.33,-21.28,3.7800000000000002,1
1786849345.593343,L,0.902556,-0.162992,-0.379176,-8.260000000000002,-14.21,4.340000000000001,1
1786849345.622679,L,0.885964,-0.19056399999999998,-0.387228,-8.120000000000001,-6.23,7.490000000000001,1
1786849345.6236794,L,0.872544,-0.223504,-0.38917999999999997,-6.090000000000001,3.43,13.790000000000001,1
1786849345.6380544,L,0.873764,-0.229848,-0.3843,-3.8500000000000005,13.23,20.650000000000002,1
1786849345.6678302,L,0.908412,-0.188368,-0.363804,-1.8900000000000001,20.37,24.220000000000002,1
1786849345.6698291,L,0.940376,-0.157868,-0.384544,3.1500000000000004,25.76,22.610000000000003,1
1786849345.6849267,L,0.971364,-0.159576,-0.35136,8.190000000000001,26.180000000000003,18.130000000000003,1
1786849345.7003798,L,0.97478,-0.164944,-0.32574,10.780000000000001,22.540000000000003,14.280000000000001,1
1786849345.7109382,R,0.8547319999999999,0.282308,0.460184,-15.680000000000001,-151.34,-67.97000000000001,1
1786849345.7119384,R,0.999424,0.472628,0.24570799999999998,-4.9,-132.51000000000002,-52.78000000000001,1
1786849345.7139397,L,0.961116,-0.138592,-0.29792399999999997,6.23,17.080000000000002,6.44,1
1786849345.7278342,L,0.941596,-0.103212,-0.268644,2.66,8.540000000000001,-3.08,1
1786849345.7429636,L,0.918416,-0.11712,-0.24912399999999998,1.8900000000000001,0.6300000000000001,-5.880000000000001,1
1786849345.7739508,L,0.882304,-0.180804,-0.236436,2.31,-2.87,-0.7000000000000001,1
1786849345.7749517,L,0.869616,-0.194224,-0.21228,-1.12,-0.77,4.550000000000001,1
1786849345.787917,L,0.8781559999999999,-0.163968,-0.221308,-2.87,2.24,4.83,1
1786849345.8032193,L,0.8781559999999999,-0.14005599999999999,-0.229116,-4.62,4.550000000000001,2.3800000000000003,1
1786849345.818867,L,0.87108,-0.16713999999999998,-0.243024,-4.83,6.510000000000001,1.6800000000000002,1
1786849345.833453,L,0.858636,-0.212036,-0.242292,-3.8500000000000005,8.190000000000001,3.5000000000000004,1
1786849345.8480246,L,0.8596119999999999,-0.20105599999999998,-0.23741199999999998,-6.790000000000001,10.71,1.61,1
1786849345.8611248,R,1.045784,0.226188,0.213012,-2.45,-61.32000000000001,15.540000000000001,1
1786849345.863124,L,0.861076,-0.174948,-0.251076,-7.98,13.23,-2.87,1
1786849345.8800893,L,0.863028,-0.18178,-0.254248,-2.5900000000000003,15.610000000000001,-6.23,1
1786849345.892654,L,0.85522,-0.196908,-0.232288,-0.77,25.410000000000004,-6.0200000000000005,1
1786849345.908224,L,0.8164239999999999,-0.157868,-0.216916,1.6800000000000002,34.09,-7.420000000000001,1
1786849345.9229496,L,0.76128,-0.0732,-0.219356,6.300000000000001,41.300000000000004,-11.200000000000001,1
1786849345.9361694,R,1.03578,0.164456,0.21398799999999998,-1.8900000000000001,-58.800000000000004,6.86,1
1786849345.9381833,L,0.68686,-0.028548,-0.230092,11.690000000000001,47.88,-14.490000000000002,1
1786849345.9503186,R,1.010892,0.26108,0.161772,-9.73,-3.08,-6.370000000000001,1
1786849345.9533215,L,0.596092,-0.017079999999999998,-0.22936,18.270000000000003,57.190000000000005,-15.47,1
1786849345.9682415,L,0.530944,-0.042943999999999996,-0.223992,24.220000000000002,75.74000000000001,-10.57,1
1786849345.980905,R,0.808616,0.23863199999999998,0.542168,-15.820000000000002,32.480000000000004,-0.56,1
1786849345.9979205,L,0.47726399999999997,-0.051727999999999996,-0.244976,28.840000000000003,101.15,-0.77,1
1786849345.9999216,L,0.418216,-0.027816,-0.24156,28.910000000000004,130.9,10.430000000000001,1
1786849346.0129285,L,0.367708,0.000976,-0.231068,29.750000000000004,160.44000000000003,17.85,1
1786849346.027922,L,0.323056,0.017324,-0.183732,32.13,192.08,24.78,1
1786849346.0421977,R,0.8264279999999999,0.220576,0.552904,-12.46,27.930000000000003,-3.22,1
1786849346.0431976,L,0.33061999999999997,0.020252,-0.087352,39.550000000000004,215.81000000000003,35.07,1
1786849346.057762,L,0.381372,0.0060999999999999995,-0.01586,62.86000000000001,226.87000000000003,38.64,1
1786849346.0728042,L,0.391376,-0.009516,0.037087999999999996,68.11,232.12000000000003,31.85,1
1786849346.0889926,L,0.383324,-0.06417199999999999,0.138348,61.040000000000006,228.48000000000002,21.07,1
1786849346.1034982,L,0.353068,-0.107116,0.239608,48.370000000000005,233.17000000000002,12.39,1
1786849346.1190846,L,0.464576,-0.149572,0.5699839999999999,44.31,243.60000000000002,9.940000000000001,1
1786849346.1334972,L,0.650748,-0.10467599999999999,0.704184,68.53,242.76000000000002,-10.64,1
1786849346.1480312,L,0.8300879999999999,-0.189832,0.81374,66.22000000000001,243.32000000000002,-35.77,1
1786849346.161174,R,0.836676,0.21398799999999998,0.555832,-13.020000000000001,25.69,-7.210000000000001,1
1786849346.1621737,R,0.770308,0.203252,0.589504,-6.0200000000000005,24.290000000000003,-4.62,1
1786849346.1641734,L,0.941596,-0.25498,0.964776,55.440000000000005,229.60000000000002,-63.42000000000001,1
1786849346.17526,R,0.80276,0.263764,0.573156,-8.260000000000002,-14.280000000000001,10.290000000000001,1
1786849346.176808,R,0.7832399999999999,0.19641999999999998,0.5465599999999999,-4.2,-18.48,11.97,1
1786849346.1788125,L,0.9767319999999999,-0.22228399999999998,1.092388,37.45,210.84000000000003,-84.49000000000001,1
1786849346.1928542,L,1.0438319999999999,-0.222772,1.21512,14.14,191.24,-75.04,1
1786849346.20604,R,0.691252,0.295728,0.599752,1.1900000000000002,-14.070000000000002,-18.900000000000002,1
1786849346.2081344,L,1.15656,-0.277672,1.4173959999999999,11.97,186.34000000000003,-54.53000000000001,1
1786849346.22369,L,1.261236,-0.29646,1.333216,15.750000000000002,168.28000000000003,-43.75000000000001,1
1786849346.2378392,L,1.3310199999999999,-0.323544,1.239276,-4.130000000000001,151.34,-42.910000000000004,1
1786849346.2520218,R,0.505324,0.105408,0.560712,25.55,-89.81,34.230000000000004,1
1786849346.254022,L,1.423252,-0.18178,1.172908,-30.03,121.73000000000002,-44.38,1
1786849346.268783,L,1.439356,-0.060756,1.077504,-43.400000000000006,87.36000000000001,-33.040000000000006,1
1786849346.2818182,R,0.45383999999999997,-0.062952,0.527528,21.490000000000002,-111.30000000000001,37.03,1
1786849346.2838209,L,1.342976,-0.164456,0.9423279999999999,-41.300000000000004,52.99,-19.39,1
1786849346.2948885,R,0.4148,-0.14396,0.51484,17.01,-116.13000000000001,16.240000000000002,1
1786849346.29672,R,0.318664,0.085644,0.23302,65.24000000000001,-212.87000000000003,-58.52,1
1786849346.2987244,L,1.300032,-0.328912,0.909388,-39.760000000000005,34.580000000000005,-1.54,1
1786849346.3279173,L,1.31028,-0.32696,0.96258,-47.6,37.730000000000004,24.78,1
1786849346.3299177,L,1.341756,-0.24034,0.97112,-57.540000000000006,37.1,37.870000000000005,1
1786849346.3409464,R,1.003328,0.792268,-0.931592,73.71000000000001,-240.8,-70.91000000000001,1
1786849346.3439462,L,1.3778679999999999,-0.150548,0.935496,-65.45,14.770000000000001,43.89000000000001,1
1786849346.3580709,L,1.315404,-0.147376,0.88694,-71.68,-36.540000000000006,33.81,1
1786849346.3731413,L,1.25904,-0.183976,0.8337479999999999,-73.08000000000001,-89.32000000000001,35.07,1
1786849346.400903,R,1.06872,0.6661199999999999,-1.003084,58.31,-219.10000000000002,-55.93000000000001,1
1786849346.4028993,L,1.172908,-0.222772,0.8418,-90.09,-110.74000000000001,41.09,1
1786849346.404901,L,1.149484,-0.24448799999999998,0.820816,-86.80000000000001,-116.20000000000002,50.75000000000001,1
1786849346.4161148,R,1.099464,0.6180519999999999,-0.98332,61.040000000000006,-204.96,-61.74000000000001,1
1786849346.4182036,L,1.114104,-0.21154799999999999,0.81984,-91.28000000000002,-111.51,57.050000000000004,1
1786849346.4349604,L,1.077016,-0.18422,0.864004,-84.7,-126.84000000000002,60.970000000000006,1
1786849346.447155,R,1.208532,0.7198,-1.088972,66.78,-201.46,-79.38000000000001,1
1786849346.4483442,L,1.016748,-0.20569199999999999,0.821548,-83.93,-145.88000000000002,68.18,1
1786849346.4608774,R,1.3632279999999999,0.821548,-1.205848,49.42,-152.60000000000002,-91.21000000000001,1
1786849346.4618776,R,1.281244,0.834724,-0.808372,-0.8400000000000001,31.990000000000002,-97.65,1
1786849346.4638767,L,1.00528,-0.328424,0.787144,-79.73,-154.98000000000002,74.83000000000001,1
1786849346.4750767,R,1.1411879999999999,0.895724,-0.40138,-4.340000000000001,33.67,-93.24000000000001,1
1786849346.4790807,L,1.067012,-0.39283999999999997,0.841068,-78.54,-141.68,81.13000000000001,1
1786849346.4939961,L,1.04066,-0.367708,0.850096,-93.38000000000001,-121.52000000000001,82.67,1
1786849346.5050917,R,1.22244,1.0450519999999999,-0.49824799999999997,-17.57,30.310000000000002,-61.46000000000001,1
1786849346.5068166,R,1.354932,1.06506,-0.658556,-43.75000000000001,48.93000000000001,-29.960000000000004,1
1786849346.5090976,L,0.925492,-0.40821199999999996,0.774456,-95.41000000000001,-121.52000000000001,80.64000000000001,1
1786849346.52311,L,0.820328,-0.471408,0.626348,-71.61000000000001,-140.14000000000001,73.78,1
1786849346.5388665,L,0.8337479999999999,-0.435296,0.588772,-71.61000000000001,-154.28,81.76,1
1786849346.553124,L,0.9730719999999999,-0.46726,0.554856,-72.38000000000001,-141.19000000000003,90.93,1
1786849346.5700727,L,1.0267519999999999,-0.418216,0.46067199999999997,-70.21000000000001,-127.54,94.43,1
1786849346.5821342,R,1.418128,0.874252,-0.638792,-63.910000000000004,77.63000000000001,-24.85,1
1786849346.595249,R,0.958676,0.77104,-0.440664,-79.80000000000001,168.84,-170.31,1
1786849346.5986352,L,1.0255319999999999,-0.373564,0.21862399999999999,-75.53,-123.06000000000002,91.77000000000001,1
1786849346.6297717,L,0.9359839999999999,-0.325496,0.044896,-81.48,-124.81000000000002,84.42,1
1786849346.6307678,L,0.792268,-0.35014,-0.111264,-83.79,-123.69000000000001,84.28,1
1786849346.631768,L,0.700036,-0.385276,-0.207156,-80.71000000000001,-111.23,86.73,1
1786849346.658301,L,0.698328,-0.329888,-0.291824,-67.9,-87.29,79.03,1
1786849346.671892,R,0.9394,0.84912,-0.47604399999999997,-98.63000000000001,186.69000000000003,-160.65,1
1786849346.6738923,L,0.614148,-0.298412,-0.350384,-45.080000000000005,-67.13000000000001,67.76,1
1786849346.674892,L,0.529724,-0.320372,-0.451644,-35.910000000000004,-52.99,43.050000000000004,1
1786849346.700318,R,0.730536,0.703696,-0.20984,-69.65,207.41000000000003,-198.10000000000002,1
1786849346.7023196,R,0.649772,0.8842559999999999,-0.130296,-62.230000000000004,192.71,-231.63000000000002,1
1786849346.7033198,L,0.42822,-0.349652,-0.456524,-40.32000000000001,-46.760000000000005,16.520000000000003,1
1786849346.719286,L,0.34233199999999997,-0.308904,-0.431392,-43.260000000000005,-40.11000000000001,-6.300000000000001,1
1786849346.7202864,L,0.258152,-0.287432,-0.401136,-44.800000000000004,-22.05,-25.970000000000002,1
1786849346.7329638,L,0.144204,-0.236436,-0.336232,-39.480000000000004,-8.89,-43.540000000000006,1
1786849346.75015,L,0.029036,-0.174704,-0.302316,-38.92,2.66,-63.49000000000001,1
1786849346.7754672,R,0.649772,1.154364,-0.163968,-61.95,183.75000000000003,-236.60000000000002,1
1786849346.7779741,L,-0.01952,-0.07564,-0.22813999999999998,-38.220000000000006,13.580000000000002,-80.36000000000001,1
1786849346.7799733,L,0.016836,0.059292,-0.113948,-42.35,28.000000000000004,-88.27000000000001,1
1786849346.7932277,L,0.012688,0.132736,-0.15298799999999999,-43.190000000000005,41.790000000000006,-109.9,1
1786849346.8078206,L,0.05246,0.170068,-0.241072,-56.14000000000001,78.19000000000001,-126.28000000000002,1
1786849346.820866,R,0.598044,1.322724,-0.073688,-45.36000000000001,183.12,-194.67000000000002,1
1786849346.8366945,R,0.5380199999999999,1.23708,0.09028,-45.99,161.21,-135.59,1
1786849346.8386981,L,-0.010492,0.21398799999999998,-0.305244,-61.95,142.8,-134.82000000000002,1
1786849346.8527384,L,-0.134688,0.32012799999999997,-0.374052,-73.36000000000001,244.3,-148.89000000000001,1
1786849346.8537395,L,-0.2745,0.504592,-0.481656,-59.36000000000001,351.26000000000005,-184.66000000000003,1
1786849346.86786,L,-0.42212,0.789096,-0.49702799999999997,-49.63,447.65000000000003,-221.97000000000003,1
1786849346.8829658,L,-0.629276,1.0126,-0.3172,-29.540000000000003,526.12,-268.73,1
1786849346.895061,R,0.564616,1.064328,0.212036,-33.040000000000006,120.19000000000001,-101.92000000000002,1
1786849346.8969748,R,0.335744,0.81984,0.36819599999999997,-41.580000000000005,103.11000000000001,-43.330000000000005,1
1786849346.8989787,L,-0.826672,1.302716,0.041968,45.71,567.9100000000001,-313.95000000000005,1
1786849346.9131362,L,-0.914268,1.738744,0.36112,82.32000000000001,597.0300000000001,-310.1,1
1786849346.9252076,R,0.149084,0.725412,0.49532,-47.11000000000001,109.34,-26.950000000000003,1
1786849346.9418304,R,-0.140788,0.409188,0.59292,-122.92000000000002,29.120000000000005,-2.9400000000000004,1
1786849346.9438307,L,-1.1363079999999999,2.134268,0.632448,105.84,638.5400000000001,-252.00000000000003,1
1786849346.9438307,L,-1.551352,2.184532,0.774456,150.15,692.9300000000001,-200.06000000000003,1
1786849346.9585118,L,-2.203564,2.3675319999999997,0.9694119999999999,284.76000000000005,730.0300000000001,-198.94000000000003,1
1786849346.973033,L,-3.2510559999999997,2.166232,1.037976,465.01000000000005,731.7800000000001,-333.62,1
1786849346.9878786,L,-4.86414,2.147444,1.564284,538.44,699.58,-545.44,1
1786849347.0029726,L,-7.001336,3.150528,1.953708,472.22,782.1100000000001,-506.87000000000006,1
1786849347.0179665,L,-7.517884,3.383792,2.801608,191.59000000000003,1011.9900000000001,-200.41000000000003,1
1786849347.0335004,L,-7.5213,2.743292,3.8449519999999997,-85.82000000000001,1170.47,96.46000000000001,1
1786849347.0450225,R,-0.194956,0.36575599999999997,0.58804,-135.87,6.0200000000000005,9.170000000000002,1
1786849347.0468218,R,-0.204228,0.301828,0.585112,-148.12,-32.830000000000005,28.070000000000004,1
1786849347.0490289,L,-6.142456,1.816336,4.59818,-75.46000000000001,1049.0200000000002,175.28000000000003,1
1786849347.0609133,R,-0.05978,0.28914,0.39967199999999997,-65.38000000000001,-217.63000000000002,179.34,1
1786849347.061914,R,-0.331596,-0.14884,0.6119519999999999,-109.55000000000001,-214.83,291.48,1
1786849347.0639129,L,-4.52376,1.098976,3.930352,80.99000000000001,742.4900000000001,198.24,1
1786849347.075643,R,-0.648064,-0.445056,0.824964,-111.86000000000001,-305.76000000000005,356.93,1
1786849347.0771458,R,-1.7697319999999999,-0.76616,0.23985199999999998,-57.330000000000005,-631.0500000000001,531.1600000000001,1
1786849347.0791504,L,-4.550844,1.463512,2.693516,33.25,502.25000000000006,192.01000000000002,1
1786849347.0905094,R,-2.471964,-1.298568,-0.322812,-57.82000000000001,-703.57,600.8100000000001,1
1786849347.0925095,R,-3.005836,-2.067168,-0.881084,-60.34,-702.94,595.84,1
1786849347.093509,L,-5.284796,1.8536679999999999,1.297348,-145.11,473.20000000000005,347.83000000000004,1
1786849347.107029,R,-3.5965599999999998,-2.509784,-1.062864,-82.25000000000001,-709.94,316.33000000000004,1
1786849347.109072,L,-6.623136,1.922964,1.181204,-350.28000000000003,597.73,560.7700000000001,1
1786849347.1207497,R,-7.994904,-1.370792,-6.105124,73.92,-1523.9700000000003,273.63000000000005,1
1786849347.12175,R,-7.994904,0.251808,-7.655012,-680.96,-883.96,-539.35,1
1786849347.123749,L,-7.542528,0.99796,1.8895359999999999,-373.1,697.69,731.1500000000001,1
1786849347.1352034,R,-7.994904,2.189412,-7.918532,-994.2100000000002,49.77,-1324.5400000000002,1
1786849347.1368186,R,-7.994904,3.748572,-7.000116,-774.48,437.50000000000006,-1541.2600000000002,1
1786849347.138824,L,-6.326188,-0.3721,3.744912,-274.96000000000004,617.2600000000001,959.5600000000001,1
1786849347.1509247,R,-7.994904,4.091148,-6.294468,-127.82000000000001,191.24,-1336.3000000000002,1
1786849347.1519248,R,-7.899256,4.419816,-7.113087999999999,99.4,-16.87,-1308.3700000000001,1
1786849347.153924,L,-7.796532,2.316292,3.629744,-551.46,370.51000000000005,732.5500000000001,1
1786849347.1659813,R,-7.994904,4.644296,-6.0760879999999995,221.34000000000003,125.58000000000001,-1339.66,1
1786849347.1669812,R,-7.994904,4.397856,-5.2655199999999995,150.50000000000003,198.8,-1321.88,1
1786849347.1689959,L,-7.258024,1.240008,3.93572,-739.83,107.03000000000002,1054.13,1
1786849347.1809506,R,-7.994904,4.5501119999999995,-5.860392,167.51000000000002,198.73000000000002,-1008.07,1
1786849347.1829486,L,-7.994904,1.794864,3.0429239999999997,-759.85,-173.53000000000003,1036.0700000000002,1
1786849347.1952095,R,-7.820688,3.636088,-5.9048,248.85000000000002,278.53000000000003,-733.8100000000001,1
1786849347.197746,L,-7.994904,1.693116,3.174928,-123.34000000000002,-291.27000000000004,855.47,1
1786849347.210795,R,-7.46152,2.5598039999999997,-5.49122,323.82000000000005,349.09000000000003,-694.5400000000001,1
1786849347.212796,L,-7.994904,1.146556,3.704652,568.96,-306.88000000000005,812.6300000000001,1
1786849347.2253313,R,-7.5569239999999995,1.906128,-5.337012,378.00000000000006,436.52000000000004,-880.46,1
1786849347.2278736,L,-7.994904,-0.05124,4.77874,714.21,-186.48000000000002,911.5400000000001,1
1786849347.2411373,R,-7.983192,2.466352,-5.532944,447.37000000000006,557.7600000000001,-1024.5900000000001,1
1786849347.2431371,L,-7.213372,-0.92232,4.851696,303.1,-92.89000000000001,1011.6400000000001,1
1786849347.2579677,L,-6.608252,-1.88612,3.963292,-102.83000000000001,-91.56,1060.43,1
1786849347.2732053,L,-5.382396,-1.6409,3.9957439999999997,159.81,-297.5,892.7800000000001,1
1786849347.2853165,R,-7.718452,2.901404,-5.2911399999999995,488.25000000000006,613.34,-1011.08,1
1786849347.2888703,L,-4.899032,-1.53842,4.036248,552.5100000000001,-425.18000000000006,776.6500000000001,1
1786849347.3009472,R,-7.041352,3.128812,-4.88122,671.3000000000001,513.0300000000001,-870.3800000000001,1
1786849347.3184087,L,-4.250236,-2.202588,3.959632,547.96,-357.98,727.0200000000001,1
1786849347.3194087,L,-3.4555279999999997,-2.464644,3.6514599999999997,369.25000000000006,-301.21000000000004,650.3700000000001,1
1786849347.332961,L,-2.966796,-2.302872,3.4469879999999997,291.13000000000005,-293.51000000000005,574.6300000000001,1
1786849347.348119,L,-2.511004,-2.091568,3.349388,298.83000000000004,-334.18,513.5200000000001,1
1786849347.3651257,L,-2.278472,-2.225524,2.847724,361.48,-400.54,455.63000000000005,1
1786849347.4091187,L,-2.419748,-2.353136,1.9339439999999999,285.53000000000003,-338.8,418.88000000000005,1
1786849347.4101188,L,-2.277252,-2.474404,1.742404,253.40000000000003,-335.02000000000004,461.16,1
1786849347.4111192,L,-1.874652,-2.584204,1.295396,185.71,-322.28000000000003,399.77000000000004,1
1786849347.4226923,L,-1.5147519999999999,-2.5559,0.658312,108.71000000000001,-252.77,291.06,1
1786849347.4380217,L,-1.50914,-2.614948,0.044164,150.22000000000003,-200.06000000000003,177.66000000000003,1
1786849347.4698114,L,-1.264408,-3.0209639999999998,-0.10931199999999999,214.48000000000002,-203.14000000000001,85.82000000000001,1
1786849347.4828618,L,-1.30784,-3.0622,-0.24912399999999998,159.25000000000003,-219.66000000000003,32.34,1
1786849347.484862,L,-1.277584,-2.988024,-0.569008,77.91000000000001,-214.20000000000002,-18.48,1
1786849347.4977224,L,-0.8325279999999999,-2.635932,-0.930616,39.550000000000004,-210.98000000000002,-65.31,1
1786849347.53188,L,-0.550952,-2.169404,-1.224636,30.870000000000005,-196.84000000000003,-85.82000000000001,1
1786849347.5561576,R,-6.168808,3.1683399999999997,-4.57866,587.7900000000001,484.12000000000006,-782.1800000000001,1
1786849347.5571587,R,-5.547096,2.9114079999999998,-3.96744,483.84000000000003,568.12,-672.6300000000001,1
1786849347.558255,L,-0.311344,-1.8129199999999999,-1.441796,34.93000000000001,-145.60000000000002,-127.47000000000001,1
1786849347.5592556,L,-0.165432,-1.62504,-1.41642,55.86000000000001,-64.26,-154.28,1
1786849347.5632553,L,-0.301584,-1.544032,-1.251232,46.13,10.57,-167.65,1
1786849347.5717947,R,-4.879268,2.411452,-3.382572,417.83000000000004,589.47,-590.24,1
1786849347.5888789,L,-0.498004,-1.677744,-1.248548,-89.95,107.03000000000002,-173.04000000000002,1
1786849347.5898783,L,-0.38674,-1.799012,-0.884988,-100.59,175.63000000000002,-186.41000000000003,1
1786849347.6181262,L,-0.107848,-1.352736,-0.414068,-92.89000000000001,218.75000000000003,-178.57000000000002,0
1786849347.6201255,L,0.23302,-1.006988,-0.053924,-97.30000000000001,266.91,-165.76000000000002,0
1786849347.6327052,L,0.38795999999999997,-0.80398,0.16226,-112.28000000000002,300.44000000000005,-129.85000000000002,0
1786849347.6477911,L,0.452864,-0.782508,0.303536,-117.32000000000001,286.65000000000003,-92.61000000000001,0
1786849347.678048,L,0.519964,-0.7856799999999999,0.395524,-101.01,247.73000000000002,-66.5,0
1786849347.6800475,L,0.584136,-0.781532,0.471896,-95.2,212.10000000000002,-50.82000000000001,0
1786849347.6932194,L,0.55144,-0.876448,0.4392,-94.78000000000002,183.19000000000003,-46.830000000000005,0
1786849347.7052934,R,-4.40786,2.334592,-3.08416,379.68000000000006,587.72,-566.3000000000001,0
1786849347.7068393,R,-4.082608,2.4624479999999997,-2.808684,314.93,612.4300000000001,-594.23,0
1786849347.7088425,L,0.5404599999999999,-0.9447679999999999,0.516792,-95.55000000000001,167.16000000000003,-46.27,0
1786849347.7248857,L,0.503128,-0.949892,0.50264,-106.05000000000001,155.68,-44.1,0
1786849347.7361016,R,-3.804448,2.8530919999999997,-2.46928,118.65,679.9100000000001,-608.7900000000001,0
1786849347.7371013,R,-3.4140479999999997,2.988512,-1.732156,-108.36000000000001,723.8000000000001,-520.3100000000001,0
1786849347.7382805,L,0.510448,-0.952576,0.554612,-118.51,155.89000000000001,-40.32000000000001,0
1786849347.7510455,R,-3.086844,2.849188,-0.9323239999999999,-217.00000000000003,675.2900000000001,-321.72,0
1786849347.7520466,R,-3.077572,2.698396,-0.46726,-137.06,538.09,-132.23000000000002,0
1786849347.7540464,L,0.51606,-0.936228,0.543144,-137.76000000000002,160.86,-44.17,0
1786849347.765145,R,-0.397232,1.073356,1.674572,-80.99000000000001,-180.25000000000003,153.65,0
1786849347.766855,R,-0.116876,0.8744959999999999,1.1448479999999999,-69.86000000000001,-208.81000000000003,147.77,0
1786849347.7688587,L,0.52338,-0.885964,0.521184,-153.51000000000002,167.23000000000002,-55.09,0
1786849347.7810967,R,-0.126392,0.754692,0.911096,-87.36000000000001,-223.44000000000003,102.48,0
1786849347.7840955,L,0.521184,-0.846436,0.482632,-162.12,166.25000000000003,-70.28,0
1786849347.8111649,R,0.101016,1.2866119999999999,-0.122,-66.43,-213.15000000000003,-51.17,0
1786849347.8141658,L,0.50386,-0.775188,0.514352,-157.29000000000002,158.69000000000003,-92.4,0
1786849347.8151655,L,0.45383999999999997,-0.726144,0.49141599999999996,-156.10000000000002,150.29000000000002,-104.58000000000001,0
1786849347.8260736,R,0.11516799999999999,1.268556,-0.129076,-76.51,-213.99,-27.37,0
1786849347.8422885,R,0.10638399999999999,1.205848,-0.105164,-87.99000000000001,-212.24,-17.290000000000003,0
1786849347.843289,L,0.476532,-0.687836,0.56608,-159.53,152.74,-104.02000000000001,0
1786849347.8442893,L,0.463356,-0.7044279999999999,0.548024,-167.79000000000002,162.96,-99.75000000000001,0
1786849347.855313,R,0.099552,1.1721759999999999,-0.097356,-98.56,-214.13000000000002,-17.01,0
1786849347.8588686,L,0.46238,-0.7190679999999999,0.582184,-176.12,173.39000000000001,-99.89000000000001,0
1786849347.8722324,R,0.093208,1.162416,-0.110044,-106.96000000000001,-219.66000000000003,-17.71,0
1786849347.8732312,L,0.527528,-0.76006,0.629764,-182.42000000000002,182.56000000000003,-107.87,0
1786849347.8861756,R,0.09516,1.169492,-0.116876,-104.79,-224.98000000000002,-12.110000000000001,0
1786849347.8882284,L,0.558272,-0.7129679999999999,0.7093079999999999,-197.4,192.36,-126.49000000000001,0
1786849347.9007633,R,0.116144,1.14192,-0.09881999999999999,-97.16000000000001,-235.13000000000002,3.0100000000000002,0
1786849347.9017646,R,0.139812,1.086044,-0.106872,-89.32000000000001,-246.47000000000003,21.910000000000004,0
1786849347.9037657,L,0.535092,-0.646844,0.746396,-211.75000000000003,191.52,-140.70000000000002,0
1786849347.915305,R,0.168116,1.000156,-0.126636,-84.7,-259.21000000000004,34.86000000000001,0
1786849347.9178758,L,0.5428999999999999,-0.556076,0.79544,-207.9,180.53000000000003,-148.12,0
1786849347.932776,L,0.543144,-0.441884,0.81374,-204.33,162.12,-151.48000000000002,0
1786849347.9453225,R,0.16591999999999998,0.947696,-0.171044,-95.27000000000001,-266.77000000000004,35.14,0
1786849347.9468603,R,0.160796,0.919636,-0.23668,-113.05000000000001,-272.44,21.000000000000004,0
1786849347.9488637,L,0.52582,-0.42675599999999997,0.80032,-203.77,147.21,-151.34,0
1786849347.9619641,R,0.165188,0.95892,-0.314028,-137.41000000000003,-271.81,0.9100000000000001,0
1786849347.9649637,L,0.513864,-0.44212799999999997,0.808372,-199.36,145.46,-159.32000000000002,0
1786849347.9752145,R,0.222528,1.005524,-0.40577199999999997,-153.86,-269.36,-8.680000000000001,0
1786849347.9771242,R,0.27816,1.019188,-0.455304,-155.89000000000001,-263.83000000000004,-3.2900000000000005,0
1786849347.9791276,L,0.50142,-0.41724,0.85034,-211.33,155.61,-171.29000000000002,0
1786849348.0227997,L,0.42553599999999997,-0.459696,0.904752,-238.14000000000001,165.20000000000002,-185.01000000000002,0
1786849348.0238357,L,0.36697599999999997,-0.426268,0.943792,-273.98,174.23000000000002,-195.79000000000002,0
1786849348.0253396,L,0.321592,-0.407968,0.907924,-316.61,180.60000000000002,-204.75000000000003,0
1786849348.0394487,L,0.277672,-0.38186,0.7610359999999999,-396.55,218.89000000000001,-199.43,0
1786849348.0529704,L,0.167384,-0.307928,0.629276,-474.74000000000007,280.63000000000005,-185.85000000000002,0
1786849348.065963,R,0.27572,1.00406,-0.457256,-150.01000000000002,-262.22,4.0600000000000005,0
1786849348.0700932,L,0.062708,-0.35770399999999997,0.7671359999999999,-453.95000000000005,325.22,-192.36,0
1786849348.0822947,R,0.24278,0.9852719999999999,-0.47482399999999997,-146.72000000000003,-265.02000000000004,7.07,0
1786849348.0832946,L,0.074908,-0.45627999999999996,1.030656,-288.68,301.49,-258.16,0
1786849348.0960822,R,0.203252,0.999424,-0.50142,-147.70000000000002,-269.71000000000004,5.670000000000001,0
1786849348.0981512,L,0.027816,-0.252296,1.427644,-113.96000000000001,247.31000000000003,-338.59000000000003,0
1786849348.1111555,R,0.164944,1.024556,-0.50996,-153.44000000000003,-280.77000000000004,5.670000000000001,0
1786849348.1141553,L,0.075884,0.026595999999999998,1.61406,-57.050000000000004,156.24,-375.20000000000005,0
1786849348.127965,L,0.12688,0.20935199999999998,1.500844,-88.06,84.63000000000001,-364.84000000000003,0
1786849348.156974,R,0.192516,0.99186,-0.544852,-152.46,-292.39000000000004,21.42,0
1786849348.1589782,L,0.149572,0.293288,1.28832,-156.66000000000003,84.56,-320.95000000000005,0
1786849348.1599784,L,0.095404,0.280844,1.099708,-247.31000000000003,140.35000000000002,-278.67,0
1786849348.1730924,L,-0.008052,0.218868,1.054812,-315.21000000000004,210.00000000000003,-244.86,0
1786849348.1879551,L,-0.01952,0.202764,1.402024,-261.94,262.01000000000005,-253.75000000000003,0
1786849348.203059,L,-0.045871999999999996,0.269132,1.7611919999999999,-138.39000000000001,227.92000000000002,-310.38000000000005,0
1786849348.2152255,R,0.18934399999999998,0.93574,-0.609268,-159.88000000000002,-296.52000000000004,39.620000000000005,0
1786849348.2169952,R,0.170068,0.848144,-0.668804,-162.19000000000003,-297.36,45.50000000000001,0
1786849348.2190006,L,0.041479999999999996,0.46116,1.993724,-59.080000000000005,122.29,-339.50000000000006,0
1786849348.2332587,L,0.116876,0.577548,1.808528,-65.87,28.560000000000002,-330.54,0
1786849348.2478986,L,0.057583999999999996,0.5675439999999999,1.4369159999999999,-109.62,-5.53,-303.17,0
1786849348.2610252,R,0.072712,0.693692,-0.699792,-131.46,-313.74,45.71,0
1786849348.2620246,R,-0.021471999999999998,0.757132,-0.8845,-143.99,-318.43,-2.3800000000000003,0
1786849348.2640245,L,0.005124,0.518744,1.138504,-158.97000000000003,3.3600000000000003,-279.37,0
1786849348.2752385,R,-0.05856,0.814228,-0.946476,-162.61,-315.49,-8.4,0
1786849348.2767599,R,-0.00366,0.693692,-1.163148,-139.37,-340.34000000000003,39.27,0
1786849348.2787633,L,-0.052704,0.47824,1.05164,-187.53000000000003,49.49,-262.71000000000004,0
1786849348.2908068,R,0.0549,0.6329359999999999,-1.321504,-118.86000000000001,-351.26000000000005,62.580000000000005,0
1786849348.291806,R,0.005124,0.584136,-1.457656,-111.44000000000001,-346.71000000000004,72.10000000000001,0
1786849348.2938063,L,-0.082472,0.55632,1.298324,-175.28000000000003,113.96000000000001,-267.19,0
1786849348.305888,R,0.115656,0.350384,-1.497672,-103.25000000000001,-342.79,94.64000000000001,0
1786849348.3068883,R,0.264008,0.253516,-1.653832,-121.94000000000001,-292.18,71.12,0
1786849348.3089516,L,-0.040992,0.576328,1.487912,-149.38000000000002,139.58,-293.79,0
1786849348.3210988,R,0.377956,0.268888,-1.484496,-87.78000000000002,-285.32000000000005,54.32000000000001,0
1786849348.322099,R,0.366,0.44895999999999997,-1.622844,-50.400000000000006,-301.00000000000006,100.87,0
1786849348.3240986,L,-0.090524,0.6329359999999999,1.647732,-113.47000000000001,108.29,-308.98,0
1786849348.3370142,R,0.342088,0.507032,-1.762656,-78.61000000000001,-277.13000000000005,112.42000000000002,0
1786849348.3390212,L,-0.023667999999999998,0.76372,1.740696,-94.22000000000001,27.860000000000003,-293.86,0
1786849348.3502557,R,0.374052,0.451156,-1.72874,-96.53000000000002,-241.43000000000004,113.68,0
1786849348.352256,R,0.371124,0.38356799999999996,-1.547448,-83.58000000000001,-213.71,114.03000000000002,0
1786849348.3532562,L,-0.060756,0.7746999999999999,1.491084,-103.11000000000001,-21.28,-269.08000000000004,0
1786849348.365276,R,0.449204,0.30622,-1.393728,-35.980000000000004,-229.53000000000003,124.67000000000002,0
1786849348.366818,R,0.438956,0.31842,-1.472052,-3.7100000000000004,-264.46000000000004,140.49,0
1786849348.368822,L,-0.14762,0.7076,1.181448,-122.99000000000001,-30.94,-258.09000000000003,0
1786849348.3808663,R,0.422852,0.27816,-1.793644,-17.220000000000002,-274.75,152.04000000000002,0
1786849348.381867,R,0.5687639999999999,0.392596,-1.87514,-87.64000000000001,-232.82000000000002,133.49,0
1786849348.3838668,L,-0.161528,0.699792,1.074576,-133.84,-17.85,-270.62,0
1786849348.39615,R,0.559004,0.310368,-1.894172,-83.51,-199.22000000000003,142.24,0
1786849348.3981838,L,-0.10467599999999999,0.848388,1.238788,-122.15,10.360000000000001,-306.39000000000004,0
1786849348.4117882,R,0.514108,0.316956,-1.7672919999999999,-52.150000000000006,-200.34000000000003,175.91000000000003,0
1786849348.4137893,L,-0.031964,1.056764,1.409588,-96.39000000000001,11.55,-337.82000000000005,0
1786849348.4248636,R,0.445544,0.200324,-1.509384,8.260000000000002,-234.57000000000002,236.11,0
1786849348.4283319,L,0.042943999999999996,1.279536,1.5281719999999999,-71.4,-26.390000000000004,-321.02000000000004,0
1786849348.4409416,R,0.363072,0.060268,-1.2792919999999999,73.22000000000001,-269.01000000000005,269.01000000000005,0
1786849348.4429421,L,0.135664,1.337364,1.344928,-56.980000000000004,-72.24000000000001,-256.62,0
1786849348.4561014,R,0.332084,-0.103944,-1.1941359999999999,75.88000000000001,-275.8,273.70000000000005,0
1786849348.4582136,L,0.101504,1.199748,0.9952759999999999,-56.77,-67.55000000000001,-182.56000000000003,0
1786849348.4707932,R,0.385032,-0.229604,-1.310524,13.580000000000002,-252.21000000000004,250.67000000000002,0
1786849348.4727938,L,0.044896,1.026996,0.776652,-75.53,-14.770000000000001,-128.66000000000003,0
1786849348.4853418,R,0.47360399999999997,-0.322812,-1.4274,-61.81000000000001,-223.65000000000003,213.64000000000001,0
1786849348.4878845,L,0.033184,0.94916,0.83448,-93.45,47.46000000000001,-95.9,0
1786849348.50129,R,0.5465599999999999,-0.40211199999999997,-1.58844,-99.19000000000001,-209.93,193.48000000000002,0
1786849348.5032947,L,0.043432,0.967948,1.026996,-102.83000000000001,78.26,-94.99000000000001,0
1786849348.5159485,R,0.62708,-0.423828,-1.658224,-60.970000000000006,-204.89000000000001,189.98000000000002,0
1786849348.5201213,L,0.098576,1.00284,1.17852,-101.36000000000001,69.37,-106.75000000000001,0
1786849348.5302696,R,0.660264,-0.432368,-1.636996,-8.96,-212.10000000000002,183.4,0
1786849348.5332694,L,0.173728,1.044808,1.1843759999999999,-89.95,39.27,-100.10000000000001,0
1786849348.5453444,R,0.711504,-0.47458,-1.5664799999999999,20.3,-215.32000000000002,163.03000000000003,0
1786849348.5499365,L,0.20984,1.02724,1.0413919999999999,-85.96000000000001,24.85,-77.56,0
1786849348.5612044,R,0.749568,-0.459208,-1.5098719999999999,16.73,-191.66000000000003,130.20000000000002,0
1786849348.5632088,L,0.183976,0.917196,0.853024,-90.79,31.570000000000004,-52.290000000000006,0
1786849348.5759292,R,0.764452,-0.3843,-1.476688,-6.16,-152.32000000000002,92.54,0
1786849348.577982,L,0.161772,0.793732,0.754204,-89.95,54.67,-45.85,0
1786849348.5911024,R,0.794708,-0.28304,-1.4654639999999999,-26.880000000000003,-116.83000000000001,60.760000000000005,0
1786849348.5931027,L,0.143228,0.746152,0.812276,-71.75,66.99000000000001,-57.190000000000005,0
1786849348.6052313,R,0.7746999999999999,-0.200812,-1.439844,-33.39,-95.76,44.24,0
1786849348.6078622,L,0.18178,0.745664,0.88328,-47.11000000000001,66.57000000000001,-82.11000000000001,0
1786849348.620969,R,0.764452,-0.151524,-1.349564,-18.270000000000003,-86.52000000000001,32.830000000000005,0
1786849348.6229692,L,0.22082,0.732488,0.908412,-25.480000000000004,53.690000000000005,-97.86000000000001,0
1786849348.6360588,R,0.748348,-0.11468,-1.2017,6.930000000000001,-84.63000000000001,24.430000000000003,0
1786849348.6391535,L,0.250588,0.718336,0.87718,-8.96,38.150000000000006,-99.19000000000001,0
1786849348.6510384,R,0.732488,-0.06831999999999999,-1.061156,19.110000000000003,-81.27000000000001,7.280000000000001,0
1786849348.6530375,L,0.240584,0.706624,0.852048,4.760000000000001,33.46,-98.49000000000001,0
1786849348.6652012,R,0.723704,-0.044896,-0.93696,14.420000000000002,-70.91000000000001,-14.490000000000002,0
1786849348.6679282,L,0.222528,0.695644,0.826672,13.23,32.410000000000004,-104.23,0
1786849348.680843,R,0.6858839999999999,0.055876,-0.874252,0.9100000000000001,-51.800000000000004,-34.720000000000006,0
1786849348.695921,R,0.6095119999999999,0.053436,-0.758352,-4.48,-41.510000000000005,-51.800000000000004,0
1786849348.6983166,L,0.1708,0.7076,0.787876,18.830000000000002,28.910000000000004,-111.09000000000002,0
1786849348.6993167,L,0.14396,0.699548,0.724192,23.240000000000002,31.360000000000003,-113.26,0
1786849348.7109058,R,0.521428,0.01464,-0.690032,-6.580000000000001,-55.720000000000006,-60.550000000000004,0
1786849348.7149065,L,0.129808,0.6636799999999999,0.677344,31.150000000000002,36.050000000000004,-110.18,0
1786849348.7251441,R,0.438956,0.009516,-0.610488,-5.6000000000000005,-64.47000000000001,-72.94000000000001,0
1786849348.7284663,L,0.101504,0.641232,0.657824,40.88,37.38,-110.88000000000001,0
1786849348.740272,R,0.395036,0.028548,-0.568032,-9.940000000000001,-62.160000000000004,-86.80000000000001,0
1786849348.7558804,R,0.39161999999999997,0.09272,-0.521672,-14.63,-55.230000000000004,-93.94000000000001,0
1786849348.7593884,L,0.096136,0.591212,0.621224,62.300000000000004,29.890000000000004,-116.48000000000002,0
1786849348.7719321,R,0.37088,0.13419999999999999,-0.404308,-1.4000000000000001,-50.61000000000001,-98.42000000000002,0
1786849348.7739322,L,0.07686,0.528504,0.550952,84.14000000000001,18.76,-124.81000000000002,0
1786849348.7759817,L,0.059292,0.476532,0.461404,99.75000000000001,11.97,-135.52,0
1786849348.7861059,R,0.35892399999999997,0.157136,-0.243756,12.950000000000001,-49.84,-100.03000000000002,0
1786849348.7881453,L,0.038064,0.43724799999999997,0.369904,111.23,8.33,-145.74,0
1786849348.8008423,R,0.331108,0.173484,-0.14396,20.37,-52.010000000000005,-105.28000000000002,0
1786849348.802842,L,0.008784,0.40016,0.289628,118.65,10.080000000000002,-152.18,0
1786849348.816975,R,0.326228,0.193248,-0.072956,18.830000000000002,-59.50000000000001,-111.51,0
1786849348.819078,L,-0.004148,0.35648399999999997,0.227652,121.59000000000002,18.76,-156.52,0
1786849348.8311,R,0.313052,0.21520799999999998,-0.01952,4.9,-63.63,-123.83000000000001,0
1786849348.8335996,L,-0.022448,0.313296,0.174216,121.24000000000001,32.27,-162.05,0
1786849348.8459632,R,0.307928,0.24644,0.023667999999999998,-16.87,-63.77,-135.24,0
1786849348.8484697,L,-0.044164,0.278648,0.14005599999999999,119.49000000000001,47.46000000000001,-167.65,0
1786849348.8604903,R,0.25864,0.278892,0.05978,-42.28,-78.26,-144.62,0
1786849348.8634882,L,-0.07442,0.274256,0.13419999999999999,123.13000000000001,58.800000000000004,-175.77,0
1786849348.8760087,R,0.20935199999999998,0.287188,0.078568,-65.52000000000001,-109.06000000000002,-153.3,0
1786849348.8785155,L,-0.126392,0.284748,0.125172,128.66000000000003,67.13000000000001,-184.45000000000002,0
1786849348.8905365,R,0.159088,0.31354,0.058804,-91.00000000000001,-138.32000000000002,-156.87,0
1786849348.8935363,L,-0.18812399999999999,0.333304,0.14762,132.3,79.80000000000001,-188.58,0
1786849348.90756,R,0.086132,0.3782,-0.009028,-122.01,-156.66000000000003,-155.61,0
1786849348.9085636,L,-0.258152,0.424804,0.179828,137.27,85.82000000000001,-193.41000000000003,0
1786849348.9225793,R,0.0366,0.463844,-0.110288,-153.79000000000002,-164.92000000000002,-140.35000000000002,0
1786849348.923579,L,-0.37332,0.697352,0.224968,159.32000000000002,73.01,-227.99,0
1786849348.935341,R,0.023912,0.539972,-0.29426399999999997,-189.14000000000001,-158.69000000000003,-101.85000000000001,0
1786849348.938368,L,-0.7190679999999999,1.194624,0.232532,212.52,31.85,-319.69000000000005,0
1786849348.9534702,L,-1.2165839999999999,1.5921,0.008784,272.51000000000005,7.420000000000001,-362.95000000000005,0
1786849348.9685001,L,-1.5579399999999999,1.815116,-0.053924,261.1,128.52,-226.45000000000002,0
1786849348.980514,R,-0.021228,0.628788,-0.45505999999999996,-224.63000000000002,-144.48000000000002,-43.540000000000006,0
1786849348.9835145,L,-1.901492,1.92882,0.416996,122.99000000000001,427.91,36.470000000000006,0
1786849348.9985387,L,-2.353868,1.8361,1.4283759999999999,-122.29,719.6700000000001,339.92,0
1786849349.0105526,R,-0.167384,0.721996,-0.491172,-226.66000000000003,-136.85000000000002,21.770000000000003,0
1786849349.0125542,R,-0.499712,0.804468,-0.43798,-159.60000000000002,-156.66000000000003,89.46000000000001,0
1786849349.0135539,L,-2.612752,1.3583479999999999,2.423164,-483.63000000000005,956.4100000000001,680.1200000000001,0
1786849349.0406437,R,-0.9323239999999999,0.866444,-0.585844,-62.160000000000004,-228.34000000000003,173.25000000000003,0
1786849349.0416443,R,-1.519388,1.020652,-1.457168,-34.230000000000004,-388.85,257.32000000000005,0
1786849349.0436447,L,-2.923364,0.685152,2.560048,-921.9000000000001,992.2500000000001,994.3500000000001,0
1786849349.0451481,L,-2.404132,-0.955992,1.8719679999999999,-1217.3000000000002,844.2700000000001,1123.2900000000002,0
1786849349.056165,R,-1.819508,1.159,-2.443416,7.700000000000001,-529.97,337.75000000000006,0
1786849349.056165,R,-1.811456,1.326872,-3.5309239999999997,62.93000000000001,-477.05000000000007,455.91,0
1786849349.0586717,L,-1.2566,-1.593808,1.060668,-1315.3700000000001,681.59,893.7600000000001,0
1786849349.0736847,L,-0.445056,-1.605276,1.020408,-999.4600000000002,618.3800000000001,392.21000000000004,0
1786849349.0877066,L,-0.768112,-1.038708,1.652368,-374.78000000000003,365.40000000000003,-184.10000000000002,0
1786849349.1027248,L,-1.0401719999999999,0.05246,1.941508,144.97000000000003,-47.74,-565.32,0
1786849349.1177511,L,-1.01016,0.8030039999999999,1.6096679999999999,423.01000000000005,-448.28000000000003,-678.6500000000001,0
1786849349.1307685,R,-1.830976,1.1326479999999999,-3.528972,240.52,-368.48,566.72,0
1786849349.133769,L,-1.032364,0.872788,0.963068,559.72,-716.59,-615.3000000000001,0
1786849349.145944,R,-1.866844,0.471896,-2.831376,568.61,-350.00000000000006,666.96,0
1786849349.1469479,R,-1.764364,-0.114192,-1.9942119999999999,876.4000000000001,-355.04,643.58,0
1786849349.148448,L,-1.098,0.815448,0.259372,600.3900000000001,-756.84,-496.30000000000007,0
1786849349.1604624,R,-1.391776,-0.508496,-1.298568,996.7300000000001,-324.31000000000006,470.82000000000005,0
1786849349.1624627,R,-0.948184,-0.611464,-0.865468,901.6700000000001,-252.77,242.90000000000003,0
1786849349.1634645,L,-0.987712,0.864004,-0.311588,525.21,-566.0200000000001,-383.11,0
1786849349.1759844,R,-0.762744,-0.49019599999999997,-0.624884,689.71,-170.52,61.60000000000001,0
1786849349.1774876,R,-0.69418,-0.260592,-0.488488,430.15000000000003,-103.32000000000001,-79.03,0
1786849349.178491,L,-0.885964,0.549,-0.377712,354.76000000000005,-311.78000000000003,-290.71000000000004,0
1786849349.190504,R,-0.558516,-0.144936,-0.430172,170.17000000000002,-45.50000000000001,-183.05,0
1786849349.1925037,R,-0.44090799999999997,-0.013176,-0.470432,-41.86000000000001,5.8100000000000005,-259.56,0
1786849349.1935034,L,-0.678564,0.547292,-0.256444,191.31000000000003,-128.10000000000002,-190.75000000000003,0
1786849349.2060254,R,-0.369172,0.138348,-0.510204,-183.82000000000002,53.34,-322.91,0
1786849349.2075293,R,-0.303536,0.29670399999999997,-0.537776,-275.45000000000005,98.14000000000001,-371.28000000000003,0
1786849349.2085333,L,-0.543876,0.343308,0.124196,119.35000000000001,-71.89,-137.9,0
1786849349.2205517,R,-0.298656,0.48287599999999997,-0.500688,-311.22,128.8,-393.33000000000004,0
1786849349.2235508,L,-0.538264,0.397964,0.195688,64.26,-74.41000000000001,-125.65,0
1786849349.235072,R,-0.339404,0.615856,-0.425048,-289.38000000000005,127.96000000000001,-377.65000000000003,0
1786849349.237828,L,-0.515084,0.4941,0.24204799999999999,10.780000000000001,-73.5,-136.36,0
1786849349.253846,L,-0.447984,0.549488,0.169824,-23.520000000000003,-57.190000000000005,-166.74,0
1786849349.2653604,R,-0.39967199999999997,0.710772,-0.330132,-219.03000000000003,79.10000000000001,-321.86,0
1786849349.266364,R,-0.41870399999999997,0.75152,-0.298168,-140.28,-2.5900000000000003,-249.69000000000003,0
1786849349.268871,L,-0.4148,0.642208,0.10614,-38.50000000000001,-39.13,-191.24,0
1786849349.2808862,R,-0.431392,0.746396,-0.39527999999999996,-88.55000000000001,-77.42,-178.57000000000002,0
1786849349.2828853,L,-0.403576,0.770796,0.063684,-31.780000000000005,-15.750000000000002,-203.00000000000003,0
1786849349.296088,R,-0.465308,0.7564,-0.571448,-81.55000000000001,-120.4,-116.20000000000002,0
1786849349.2985961,L,-0.372832,0.905484,0.036112,-16.94,6.930000000000001,-197.4,0
1786849349.311611,R,-0.498736,0.742248,-0.7893399999999999,-103.32000000000001,-126.91000000000001,-73.08000000000001,0
1786849349.3136098,L,-0.425292,0.949404,0.045628,16.310000000000002,46.06,-163.24,0
1786849349.325655,R,-0.564616,0.71614,-1.016992,-137.20000000000002,-110.53000000000002,-42.77,0
1786849349.327659,L,-0.49458799999999997,0.912316,0.1586,61.74000000000001,73.99000000000001,-125.37000000000002,0
1786849349.3428042,L,-0.556564,0.968436,0.260592,92.26,89.88000000000001,-85.19000000000001,0
1786849349.3553216,R,-0.5946279999999999,0.665632,-1.159488,-157.29000000000002,-96.11000000000001,-24.64,0
1786849349.3563256,R,-0.59658,0.6095119999999999,-1.2505,-147.63000000000002,-82.46000000000001,-6.65,0
1786849349.3588328,L,-0.638548,0.9447679999999999,0.342088,99.33000000000001,102.48,-49.77,0
1786849349.37085,R,-0.6143919999999999,0.57706,-1.262212,-116.27000000000001,-71.82000000000001,18.060000000000002,0
1786849349.3728476,L,-0.684176,0.890356,0.399184,78.19000000000001,117.46000000000001,-10.99,0
1786849349.3853621,R,-0.629764,0.52948,-1.223172,-72.03,-65.17,46.690000000000005,0
1786849349.387869,L,-0.743956,0.8510719999999999,0.45627999999999996,32.900000000000006,144.69000000000003,26.040000000000003,0
1786849349.4008887,R,-0.684176,0.498004,-1.208288,-29.820000000000004,-62.440000000000005,76.65,0
1786849349.4028888,L,-0.80154,0.791292,0.558516,-22.12,190.12,52.290000000000006,0
1786849349.416066,R,-0.698816,0.46482,-1.1892559999999999,3.08,-61.88,100.10000000000001,0
1786849349.418066,L,-0.805932,0.7783599999999999,0.72468,-62.230000000000004,230.02,61.67000000000001,0
1786849349.431079,R,-0.7259,0.437736,-1.195356,26.46,-47.32000000000001,119.49000000000001,0
1786849349.4330788,L,-0.825696,0.846436,0.9816119999999999,-87.22000000000001,236.11,71.89,0
1786849349.4453578,R,-0.753228,0.405528,-1.187548,37.730000000000004,-27.020000000000003,125.16000000000001,0
1786849349.4478679,L,-0.7573759999999999,0.939888,1.209508,-97.44000000000001,201.81000000000003,84.28,0
1786849349.460888,R,-0.7561559999999999,0.3538,-1.109712,47.32000000000001,-9.940000000000001,116.9,0
1786849349.462888,L,-0.678564,0.906704,1.223172,-106.19000000000001,156.66000000000003,96.25000000000001,0
1786849349.4762037,R,-0.741028,0.323544,-1.005036,54.67,-2.1,104.72000000000001,0
1786849349.4777067,L,-0.665388,0.797392,1.110688,-111.30000000000001,127.19000000000001,120.33000000000001,0
1786849349.490725,R,-0.6883239999999999,0.29158,-0.865468,56.35000000000001,6.090000000000001,84.14000000000001,0
1786849349.4927256,L,-0.648796,0.686128,1.018212,-105.21000000000001,119.42000000000002,131.46,0
1786849349.5082457,L,-0.654652,0.61366,0.9816119999999999,-84.7,118.79,123.69000000000001,0
1786849349.5202425,R,-0.670756,0.280844,-0.80276,46.830000000000005,10.360000000000001,67.48,0
1786849349.5222428,R,-0.659044,0.294996,-0.803248,24.150000000000002,11.200000000000001,51.45,0
1786849349.5232432,L,-0.62708,0.55144,0.964044,-50.400000000000006,112.00000000000001,101.85000000000001,0
1786849349.5352786,R,-0.620248,0.292068,-0.7881199999999999,10.780000000000001,17.220000000000002,39.410000000000004,0
1786849349.5378923,L,-0.574132,0.49166,0.951844,-9.590000000000002,94.22000000000001,71.4,0
1786849349.551259,R,-0.612928,0.334036,-0.7671359999999999,2.87,17.5,26.950000000000003,0
1786849349.55326,L,-0.49654,0.445544,0.929396,30.1,72.52000000000001,37.31,0
1786849349.5661364,R,-0.52948,0.34721199999999997,-0.686616,3.6400000000000006,11.9,10.920000000000002,0
1786849349.5681329,L,-0.395036,0.451888,0.8942599999999999,54.39000000000001,57.400000000000006,4.340000000000001,0
1786849349.5960557,R,-0.424804,0.34648,-0.59902,14.280000000000001,3.08,-4.2700000000000005,0
1786849349.5970562,R,-0.362096,0.335988,-0.551196,30.1,-18.340000000000003,-6.86,0
1786849349.598561,L,-0.31232,0.510204,0.849364,52.43000000000001,49.35,-20.160000000000004,0
1786849349.5995648,L,-0.24912399999999998,0.580964,0.816668,36.470000000000006,50.61000000000001,-22.750000000000004,0
1786849349.6110842,R,-0.305488,0.312808,-0.521428,54.11000000000001,-41.510000000000005,4.41,0
1786849349.6130843,L,-0.216428,0.614636,0.789828,10.430000000000001,61.32000000000001,3.6400000000000006,0
1786849349.625154,R,-0.263032,0.294996,-0.57584,70.77000000000001,-54.60000000000001,20.51,0
1786849349.6280844,L,-0.225212,0.605364,0.817644,-17.220000000000002,77.07000000000001,51.38,0
1786849349.6408315,R,-0.170068,0.231312,-0.59536,79.73,-56.28000000000001,36.96,0
1786849349.642833,L,-0.223992,0.525576,0.86742,-36.68000000000001,85.82000000000001,101.36000000000001,0
1786849349.65535,R,-0.223504,0.177388,-0.569252,81.2,-58.870000000000005,55.440000000000005,0
1786849349.6578562,L,-0.233264,0.398208,0.9176839999999999,-36.96,84.7,134.82000000000002,0
1786849349.67087,R,-0.190076,0.041479999999999996,-0.542656,67.06,-61.88,46.900000000000006,0
1786849349.6728706,L,-0.259616,0.273768,0.955504,-3.8500000000000005,70.7,141.61,0
1786849349.6863914,R,-0.17763199999999998,-0.034159999999999996,-0.537776,33.11000000000001,-62.790000000000006,30.240000000000002,0
1786849349.6888983,L,-0.27083999999999997,0.153964,0.989664,49.77,39.13,119.07000000000001,0
1786849349.7009554,R,-0.178608,-0.071004,-0.564616,-7.5600000000000005,-65.52000000000001,-5.6000000000000005,0
1786849349.7029564,L,-0.270352,0.062708,0.984784,96.11000000000001,3.8500000000000005,86.03,0
1786849349.7152488,R,-0.168848,-0.052216,-0.657092,-66.36,-54.81,-49.42,0
1786849349.717892,L,-0.273524,0.027327999999999998,0.96746,117.46000000000001,-26.880000000000003,56.14000000000001,0
1786849349.731036,R,-0.131272,0.03172,-0.748104,-119.91000000000001,-22.26,-87.71000000000001,0
1786849349.7330337,L,-0.283284,0.038308,0.946476,109.62,-39.970000000000006,33.32,0
1786849349.748943,L,-0.312076,0.062464,0.904508,84.91000000000001,-51.38,7.3500000000000005,0
1786849349.7611008,R,-0.145424,0.1159,-0.798124,-149.87,2.9400000000000004,-109.27000000000001,0
1786849349.7621012,R,-0.20691199999999998,0.187636,-0.874008,-164.99,11.13,-114.17000000000002,0
1786849349.764102,L,-0.386008,0.10345599999999999,0.85888,59.220000000000006,-61.81000000000001,-17.92,0
1786849349.7751462,R,-0.289628,0.244732,-1.030656,-179.83,10.290000000000001,-128.38000000000002,0
1786849349.777934,L,-0.447984,0.18056,0.837896,42.7,-61.81000000000001,-38.36000000000001,0
1786849349.7931874,L,-0.469456,0.323788,0.838872,32.760000000000005,-78.12,-58.730000000000004,0
1786849349.8083112,L,-0.510448,0.563152,0.9311039999999999,18.62,-106.4,-92.61000000000001,0
1786849349.8221967,R,-0.343796,0.329644,-1.316868,-204.12000000000003,18.060000000000002,-153.51000000000002,0
1786849349.824197,L,-0.485804,0.952576,1.238788,6.23,-113.82000000000001,-135.10000000000002,0
1786849349.8386002,L,-0.285724,1.904908,2.1532999999999998,-38.50000000000001,-103.25000000000001,-144.27,0
1786849349.851203,R,-0.410408,0.472872,-1.83244,-263.06,55.370000000000005,-179.62,0
1786849349.8522027,R,-0.441152,0.6344,-2.389004,-336.70000000000005,133.70000000000002,-186.97000000000003,0
1786849349.854203,L,0.258396,2.912872,3.09392,-73.57000000000001,-123.97000000000001,-33.53,0
1786849349.8653023,R,-0.398696,0.821792,-2.746464,-342.65000000000003,222.46,-170.8,0
1786849349.8673198,R,-0.438956,0.940132,-2.73402,-262.22,262.71000000000004,-128.66000000000003,0
1786849349.8683193,L,0.166652,2.7349959999999998,3.075132,-56.77,-271.6,236.39000000000001,0
1786849349.8807456,R,-0.49532,0.986248,-2.449516,-119.77000000000001,258.58000000000004,-75.11000000000001,0
1786849349.8817458,R,-0.558516,0.969168,-2.042036,16.380000000000003,245.28000000000003,-27.44,0
1786849349.883745,L,-0.49166,2.30458,2.5549239999999998,-53.27,-343.84000000000003,465.71000000000004,0
1786849349.8958018,R,-0.618296,0.899628,-1.62138,101.50000000000001,236.25000000000003,6.44,0
1786849349.8983076,L,-1.02846,1.943216,2.012756,-118.16000000000001,-278.53000000000003,537.95,0
1786849349.910463,R,-0.629764,0.7783599999999999,-1.280024,129.08,239.61,26.950000000000003,0
1786849349.91346,L,-1.143872,1.478396,1.4581439999999999,-180.11,-214.69000000000003,492.31000000000006,0
1786849349.9259799,R,-0.611708,0.624152,-0.95526,123.13000000000001,247.94000000000003,33.74,0
1786849349.9284828,L,-1.02602,0.897432,0.933056,-186.34000000000003,-202.79000000000002,404.11,0
1786849349.9410243,R,-0.58072,0.445544,-0.650992,92.19000000000001,252.56000000000003,29.750000000000004,0
1786849349.943024,L,-0.864736,0.432856,0.517524,-128.17000000000002,-226.31000000000003,315.42,0
1786849349.9553688,R,-0.526308,0.297192,-0.414068,45.92,254.31000000000003,9.940000000000001,0
1786849349.9704373,R,-0.455792,0.176168,-0.227896,-1.8900000000000001,254.45000000000002,-18.62,0
1786849349.973437,L,-0.693936,0.173972,0.23424,-54.25000000000001,-271.74,229.39000000000001,0
1786849349.9749398,L,-0.534604,0.096624,0.08295999999999999,-16.1,-291.27000000000004,155.68,0
1786849349.9859643,R,-0.393816,0.113948,-0.083448,-40.67,251.16000000000003,-49.56,0
1786849349.9884682,L,-0.438224,0.10052799999999999,0.02196,-12.040000000000001,-265.02000000000004,96.04,0
1786849350.0004852,R,-0.307684,0.095648,0.03294,-72.87,240.73000000000002,-79.59,0
1786849350.0034845,L,-0.391376,0.124928,0.0026839999999999998,-28.630000000000003,-216.37000000000003,61.88,0
1786849350.0150144,R,-0.229604,0.10760399999999999,0.128832,-97.02000000000001,227.15000000000003,-102.41000000000001,0
1786849350.0183368,L,-0.33794,0.114436,0.025131999999999998,-51.1,-162.75000000000003,43.75000000000001,0
1786849350.0307941,R,-0.157624,0.122488,0.21398799999999998,-115.36000000000001,207.9,-116.27000000000001,0
1786849350.0459428,R,-0.11468,0.15420799999999998,0.273036,-128.8,182.84,-122.64000000000001,0
1786849350.0484462,L,-0.32939999999999997,0.087352,0.071492,-66.36,-125.72000000000001,23.660000000000004,0
1786849350.0494516,L,-0.333548,0.070272,0.111996,-68.67,-107.24000000000001,-0.9100000000000001,0
1786849350.0604656,R,-0.083936,0.195688,0.305,-139.3,156.24,-129.99,0
1786849350.063466,L,-0.334036,0.0732,0.105652,-59.010000000000005,-108.08000000000001,-33.67,0
1786849350.0759928,R,-0.088328,0.25498,0.310368,-153.65,131.18,-133.35000000000002,0
1786849350.0784948,L,-0.364292,0.09638,-0.016347999999999998,-48.160000000000004,-108.92000000000002,-71.89,0
1786849350.0905106,R,-0.11345999999999999,0.309392,0.2806,-168.77,102.41000000000001,-130.76000000000002,0
1786849350.0935109,L,-0.399184,0.155428,-0.149572,-34.300000000000004,-96.88000000000001,-106.54,0
1786849350.1060336,R,-0.156404,0.37942,0.224968,-183.4,67.69000000000001,-115.43,0
1786849350.1090858,L,-0.436516,0.25912799999999997,-0.206424,-11.760000000000002,-57.61000000000001,-142.10000000000002,0
1786849350.120299,R,-0.201544,0.44042,0.138104,-192.01000000000002,32.970000000000006,-91.28000000000002,0
1786849350.1232998,L,-0.470188,0.365512,-0.165188,17.5,7.98,-171.29000000000002,0
1786849350.1358535,R,-0.269132,0.493124,0.05246,-195.3,-3.43,-64.75,0
1786849350.13836,L,-0.5002,0.485072,-0.03782,32.410000000000004,74.27000000000001,-184.73000000000002,0
1786849350.151057,R,-0.358436,0.529968,-0.03904,-187.81000000000003,-42.77,-39.690000000000005,0
1786849350.154058,L,-0.537776,0.596824,0.077348,23.660000000000004,115.08000000000001,-178.99,0
1786849350.165225,R,-0.507032,0.58682,-0.137128,-165.34,-89.25000000000001,-13.650000000000002,0
1786849350.1682413,L,-0.545096,0.6685599999999999,0.19154,12.81,145.39000000000001,-154.63000000000002,0
1786849350.1805093,R,-0.665144,0.626836,-0.237656,-120.4,-148.05,16.17,0
1786849350.18351,L,-0.5712039999999999,0.675636,0.317444,0.77,181.79000000000002,-114.10000000000001,0
1786849350.1960323,R,-0.865468,0.677832,-0.37332,-57.050000000000004,-211.40000000000003,52.64000000000001,0
1786849350.1985354,L,-0.628544,0.633668,0.465796,-12.110000000000001,217.42000000000002,-66.36,0
1786849350.210557,R,-1.068964,0.723216,-0.545584,19.46,-274.82000000000005,100.66000000000001,0
1786849350.2135572,L,-0.69296,0.5663239999999999,0.620736,-32.900000000000006,244.58,-19.32,0
1786849350.2251172,R,-1.249036,0.713212,-0.718824,106.96000000000001,-332.71000000000004,169.61,0
1786849350.2282631,L,-0.7315119999999999,0.480192,0.7598159999999999,-63.7,264.88000000000005,23.380000000000003,0
1786849350.240555,R,-1.393484,0.6168319999999999,-0.86254,209.86,-389.97,264.81,0
1786849350.2435572,L,-0.74908,0.395524,0.854244,-101.36000000000001,281.33000000000004,54.46000000000001,0
1786849350.2561514,R,-1.550864,0.41870399999999997,-0.96258,331.66,-464.03000000000003,385.00000000000006,0
1786849350.2704535,R,-1.724348,0.081496,-1.0316319999999999,451.50000000000006,-533.82,517.44,0
1786849350.2734554,L,-0.794952,0.330132,0.891088,-142.03,290.64000000000004,66.99000000000001,0
1786849350.2749588,L,-0.838872,0.24278,0.901336,-173.39000000000001,284.83000000000004,64.61,0
1786849350.2884798,L,-0.869372,0.180316,0.881572,-186.41000000000003,258.93,44.31,0
1786849350.3005028,R,-1.791692,-0.46067199999999997,-1.117764,512.61,-566.0200000000001,603.82,0
1786849350.3035026,L,-0.840092,0.11834,0.855708,-177.10000000000002,229.32000000000002,9.520000000000001,0
1786849350.3160207,R,-1.478152,-1.070184,-1.392752,403.41,-487.20000000000005,487.13000000000005,0
1786849350.3170207,R,-1.137284,-1.207068,-1.487668,158.97000000000003,-277.13000000000005,134.19000000000003,0
1786849350.3185234,L,-0.766892,0.077592,0.821548,-138.53,187.88000000000002,-48.300000000000004,0
1786849350.3331513,L,-0.804712,0.150304,0.795928,-76.72000000000001,131.39000000000001,-120.19000000000001,0
1786849350.345169,R,-1.022116,-0.8252079999999999,-1.35054,-61.67000000000001,-39.900000000000006,-209.58,0
1786849350.3483117,L,-0.892308,0.262544,0.750056,-12.110000000000001,80.50000000000001,-183.05,0
1786849350.3603573,R,-1.103368,-0.18812399999999999,-1.109956,-124.11000000000001,106.05000000000001,-405.3,0
1786849350.3623564,R,-1.177788,0.305732,-0.96502,-74.55000000000001,161.21,-469.49000000000007,0
1786849350.3633568,L,-0.943304,0.355508,0.6832,38.43000000000001,47.39000000000001,-221.62000000000003,0
1786849350.37539,R,-1.21146,0.649284,-0.873764,32.830000000000005,168.56,-449.68000000000006,0
1786849350.3784888,L,-1.024068,0.406016,0.590724,62.790000000000006,25.970000000000002,-247.38000000000002,0
1786849350.3903415,R,-1.154608,0.835212,-0.675148,103.25000000000001,145.53,-381.99,0
1786849350.405149,R,-0.9274439999999999,0.8296,-0.462624,115.57000000000001,96.74000000000001,-300.02000000000004,0
1786849350.4082496,L,-1.10898,0.44212799999999997,0.513132,76.09,16.240000000000002,-265.44,0
1786849350.4094577,L,-1.163636,0.525576,0.47726399999999997,86.03,9.38,-293.58000000000004,0
1786849350.4234755,L,-1.200968,0.665388,0.46116,90.93,-1.4700000000000002,-342.02000000000004,0
1786849350.435994,R,-0.762744,0.797636,-0.34355199999999997,91.56,37.17,-240.94000000000003,0
1786849350.4369967,R,-0.6822239999999999,0.8066639999999999,-0.3965,36.120000000000005,-42.28,-205.73000000000002,0
1786849350.4385,L,-1.1941359999999999,0.8830359999999999,0.482632,79.94000000000001,-8.120000000000001,-388.92,0
1786849350.4535205,L,-1.16022,1.18828,0.533872,52.71000000000001,12.670000000000002,-410.62000000000006,0
1786849350.46604,R,-0.602192,0.806908,-0.5958479999999999,3.7800000000000002,-120.47000000000001,-172.62,0
1786849350.4670422,R,-0.47214,0.821792,-1.005036,17.360000000000003,-182.70000000000002,-100.45,0
1786849350.4685454,L,-1.063596,1.409344,0.701012,34.09,67.2,-371.00000000000006,0
1786849350.480251,R,-0.36819599999999997,0.71614,-1.319796,60.27,-201.25000000000003,-15.610000000000001,0
1786849350.48325,L,-0.808128,1.53842,1.0291919999999999,29.680000000000003,122.57000000000001,-250.81000000000003,0
1786849350.4953094,R,-0.334768,0.519964,-1.454728,82.74000000000001,-196.14000000000001,45.99,0
1786849350.5104604,R,-0.32012799999999997,0.323544,-1.495964,77.42,-186.06000000000003,68.95,0
1786849350.5134592,L,-0.537532,1.436672,1.430328,55.09,143.15,-130.76000000000002,0
1786849350.514962,L,-0.352336,1.206824,1.718492,75.11000000000001,104.93,-79.52000000000001,0
1786849350.5259805,R,-0.218136,0.131272,-1.519876,56.21000000000001,-174.51000000000002,54.25000000000001,0
1786849350.528484,L,-0.334768,1.16754,1.770708,24.570000000000004,52.57000000000001,-81.27000000000001,0
1786849350.5405002,R,-0.185928,0.084912,-1.5067,50.190000000000005,-154.42000000000002,15.47,0
1786849350.5434997,L,-0.27938,1.13826,1.654564,-73.15,32.550000000000004,-60.620000000000005,0
1786849350.5560186,R,-0.141764,0.090036,-1.4593639999999999,63.84,-134.05,-13.860000000000001,0
1786849350.5585217,L,-0.24034,1.007232,1.469368,-160.58,47.81,-11.830000000000002,0
1786849350.5705404,R,-0.1037,0.155672,-1.396168,104.02000000000001,-124.32000000000001,-16.310000000000002,0
1786849350.5735388,L,-0.241316,0.8374079999999999,1.3334599999999999,-197.89000000000001,60.480000000000004,32.690000000000005,0
1786849350.5856473,R,-0.091256,0.214476,-1.318332,164.85000000000002,-132.37,14.700000000000001,0
1786849350.5891566,L,-0.216916,0.69906,1.319064,-187.46,66.85000000000001,53.480000000000004,0
1786849350.6020513,R,-0.098576,0.212036,-1.2409839999999999,219.10000000000002,-153.3,62.510000000000005,0
1786849350.6040502,L,-0.18544,0.623664,1.30784,-171.78000000000003,60.410000000000004,48.650000000000006,0
1786849350.615117,R,-0.14274,0.17324,-1.195112,240.17000000000002,-163.24,102.69000000000001,0
1786849350.6190603,L,-0.190808,0.58316,1.211948,-147.98000000000002,41.790000000000006,37.870000000000005,0
1786849350.6333215,L,-0.256444,0.467748,1.029924,-114.31000000000002,19.53,46.34,0
1786849350.64538,R,-0.165432,0.13419999999999999,-1.203164,215.95000000000002,-161.28000000000003,119.56000000000002,0
1786849350.6474907,R,-0.155184,0.104432,-1.17364,174.37,-138.04000000000002,116.69000000000001,0
1786849350.648491,L,-0.271572,0.306952,0.9472079999999999,-3.0100000000000002,0.28,61.11000000000001,0
1786849350.6602933,R,-0.208376,0.114924,-1.0796999999999999,141.47000000000003,-103.81000000000002,123.76,0
1786849350.663293,L,-0.204716,0.15982,0.9569679999999999,106.61000000000001,-7.630000000000001,37.52,0
1786849350.6753256,R,-0.31964,0.142008,-0.9755119999999999,124.53000000000002,-85.54,152.25000000000003,0
1786849350.678329,L,-0.243512,0.18934399999999998,1.04432,144.55,10.15,-16.520000000000003,0
1786849350.6904519,R,-0.520208,0.165188,-0.916708,98.35000000000001,-75.04,180.60000000000002,0
1786849350.6934528,L,-0.23033599999999999,0.276696,1.1895,124.67000000000002,33.11000000000001,-60.06,0
1786849350.7059748,R,-0.739564,0.15298799999999999,-0.933056,52.64000000000001,-65.31,204.19000000000003,0
1786849350.7084768,L,-0.273524,0.3721,1.315404,84.91000000000001,42.910000000000004,-75.46000000000001,0
1786849350.7234948,L,-0.391864,0.493856,1.37128,53.690000000000005,17.85,-82.04,0
1786849350.7362173,R,-0.9447679999999999,0.127368,-0.9852719999999999,2.0300000000000002,-55.230000000000004,221.13000000000002,0
1786849350.737217,R,-1.142164,0.067832,-1.025044,-40.88,-41.580000000000005,239.05,0
1786849350.7387226,L,-0.539484,0.619028,1.3127199999999999,25.970000000000002,-46.2,-87.99000000000001,0
1786849350.7502875,R,-1.25904,-0.016347999999999998,-1.020164,-44.17,-41.09,258.16,0
1786849350.7532887,L,-0.69174,0.739808,1.146556,3.5000000000000004,-115.78000000000002,-88.06,0
1786849350.7660165,R,-1.419348,-0.174216,-1.03944,2.8000000000000003,-60.27,276.71000000000004,0
1786849350.7690322,L,-0.8296,0.842044,0.968924,-9.870000000000001,-150.57000000000002,-74.27000000000001,0
1786849350.781151,R,-1.413492,-0.46921199999999996,-1.101904,63.980000000000004,-78.47000000000001,260.12,0
1786849350.7841523,L,-0.9213439999999999,0.8757159999999999,0.801296,-28.42,-148.12,-42.28,0
1786849350.7952917,R,-1.332728,-0.73444,-1.161684,93.87,-53.27,167.65,0
1786849350.7983913,L,-0.961604,0.837896,0.6832,-44.45,-120.75000000000001,3.7800000000000002,0
1786849350.810486,R,-1.240252,-0.79666,-1.123864,94.43,14.490000000000002,22.89,0
1786849350.8134866,L,-0.967948,0.754692,0.61366,-47.95,-96.60000000000001,49.14000000000001,0
1786849350.825004,R,-1.196088,-0.606096,-0.969656,86.24000000000001,90.44000000000001,-112.63000000000001,0
1786849350.8290708,L,-0.9791719999999999,0.64782,0.61854,-44.24,-88.34,80.29,0
1786849350.841127,R,-1.207312,-0.264984,-0.840336,83.09,129.85000000000002,-196.84000000000003,0
1786849350.8441277,L,-1.021628,0.545828,0.61854,-44.31,-87.50000000000001,101.22000000000001,0
1786849350.8559942,R,-1.17486,-0.031232,-0.7524959999999999,87.22000000000001,140.63000000000002,-225.96,0
1786849350.8590736,L,-1.035048,0.399916,0.535092,-65.80000000000001,-77.42,117.32000000000001,0
1786849350.8703518,R,-1.128256,0.113704,-0.673684,87.85000000000001,141.82000000000002,-223.02,0
1786849350.8733532,L,-1.020652,0.247416,0.46189199999999997,-91.35000000000001,-62.510000000000005,126.07000000000001,0
1786849350.886137,R,-1.089704,0.205204,-0.627568,80.99000000000001,145.60000000000002,-202.3,0
1786849350.8891847,L,-1.001132,0.14713199999999999,0.43846799999999997,-98.14000000000001,-59.010000000000005,115.22000000000001,0
1786849350.9010172,R,-1.042124,0.238876,-0.576816,68.60000000000001,158.41000000000003,-177.03000000000003,0
1786849350.9040172,L,-1.010892,0.11956,0.437004,-94.43,-63.21000000000001,88.9,0
1786849350.9161115,R,-0.998204,0.222528,-0.47946,46.13,169.12,-158.34,0
1786849350.9181106,L,-1.02358,0.104188,0.35282399999999997,-89.46000000000001,-78.05000000000001,67.2,0
1786849350.9309742,R,-0.9496479999999999,0.210572,-0.371856,29.19,162.05,-146.79000000000002,0
1786849350.9339745,L,-0.971608,0.07686,0.243512,-80.71000000000001,-82.60000000000001,57.61000000000001,0
1786849350.9460974,R,-0.8769359999999999,0.18226799999999999,-0.277672,21.630000000000003,143.15,-135.94000000000003,0
1786849350.949115,L,-0.917196,0.071736,0.165676,-73.29,-64.61,52.92,0
1786849350.960481,R,-0.7991,0.16104,-0.205936,26.53,115.43,-122.01,0
1786849350.9649827,L,-0.8744959999999999,0.06344,0.180072,-64.96000000000001,-28.700000000000003,50.330000000000005,0
1786849350.9750004,R,-0.70882,0.12956399999999998,-0.162992,37.03,79.66000000000001,-105.84,0
1786849350.9789476,L,-0.821548,0.031964,0.265228,-47.040000000000006,11.9,50.75000000000001,0
1786849350.9904294,R,-0.62952,0.107116,-0.1708,41.720000000000006,43.89000000000001,-87.99000000000001,0
1786849350.993429,L,-0.753228,-0.041724,0.36844,-19.6,32.2,54.46000000000001,0
1786849351.0061998,R,-0.554368,0.082228,-0.216428,35.980000000000004,20.090000000000003,-72.31,0
1786849351.0203707,R,-0.515084,0.07417599999999999,-0.282064,18.970000000000002,11.97,-59.50000000000001,0
1786849351.0391603,L,-0.710772,-0.101016,0.47604399999999997,11.13,31.780000000000005,57.260000000000005,0
1786849351.0401602,L,-0.670756,-0.149084,0.568276,30.800000000000004,28.000000000000004,53.970000000000006,0
1786849351.0411594,L,-0.653676,-0.155428,0.679052,32.550000000000004,29.680000000000003,48.230000000000004,0
1786849351.0504172,R,-0.484828,0.065148,-0.341356,-3.08,14.63,-49.28,0
1786849351.0524175,R,-0.497516,0.068076,-0.392596,-24.85,15.190000000000001,-42.35,0
1786849351.0534174,L,-0.651968,-0.117852,0.7807999999999999,15.47,37.24,43.68000000000001,0
1786849351.065956,R,-0.51606,0.066612,-0.435296,-37.870000000000005,7.630000000000001,-35.980000000000004,0
1786849351.0689907,L,-0.643184,-0.079056,0.857904,-12.670000000000002,44.45,41.02,0
1786849351.0811176,R,-0.55144,0.051484,-0.473116,-38.85,-4.9,-28.210000000000004,0
1786849351.0841165,L,-0.63196,-0.043676,0.903044,-41.510000000000005,45.080000000000005,39.620000000000005,0
1786849351.0953927,R,-0.578768,0.040015999999999996,-0.52094,-33.46,-19.67,-21.770000000000003,0
1786849351.0989382,L,-0.609024,-0.013908,0.909632,-63.7,36.050000000000004,33.25,0
1786849351.1110516,R,-0.603168,0.032695999999999996,-0.559004,-28.000000000000004,-28.840000000000003,-19.740000000000002,0
1786849351.114051,L,-0.598288,0.02562,0.86864,-72.87,23.730000000000004,22.680000000000003,0
1786849351.1252067,R,-0.621224,0.036356,-0.5848679999999999,-25.060000000000002,-35.07,-17.990000000000002,0
1786849351.128864,L,-0.5873079999999999,0.053436,0.757864,-77.42,18.130000000000003,12.670000000000002,0
1786849351.141005,R,-0.6353759999999999,0.039528,-0.60024,-27.44,-40.39,-15.890000000000002,0
1786849351.144004,L,-0.573888,0.071004,0.660508,-79.87,24.64,17.01,0
1786849351.1551528,R,-0.6402559999999999,0.03172,-0.615368,-28.980000000000004,-45.150000000000006,-13.72,0
1786849351.159073,L,-0.556808,0.085644,0.654408,-77.56,41.300000000000004,23.310000000000002,0
1786849351.1708806,R,-0.65026,0.032452,-0.638792,-26.6,-51.59,-11.13,0
1786849351.1738796,L,-0.530456,0.069296,0.702476,-60.830000000000005,53.2,25.060000000000002,0
1786849351.1853964,R,-0.659532,0.03904,-0.672464,-26.53,-54.67,-10.010000000000002,0
1786849351.1889079,L,-0.49702799999999997,0.036356,0.75884,-41.93000000000001,51.59,21.490000000000002,0
1786849351.2009215,R,-0.671976,0.04514,-0.6919839999999999,-28.910000000000004,-54.88,-8.75,0
1786849351.203921,L,-0.467504,-0.027084,0.768844,-29.820000000000004,46.620000000000005,17.360000000000003,0
1786849351.2149842,R,-0.676124,0.045871999999999996,-0.696376,-29.890000000000004,-55.720000000000006,-6.65,0
1786849351.2187476,L,-0.47458,-0.085644,0.774456,-25.060000000000002,43.96,19.180000000000003,0
1786849351.233762,L,-0.478728,-0.122732,0.814716,-17.71,44.17,12.040000000000001,0
1786849351.2453768,R,-0.677588,0.047824,-0.703452,-28.35,-54.67,-2.5900000000000003,0
1786849351.246381,R,-0.679052,0.057828,-0.745908,-31.640000000000004,-53.760000000000005,0.28,0
1786849351.2488873,L,-0.464576,-0.100772,0.9040199999999999,-7.3500000000000005,43.400000000000006,-10.430000000000001,0
1786849351.260902,R,-0.6944239999999999,0.07124799999999999,-0.800076,-36.82,-49.910000000000004,1.7500000000000002,0
1786849351.2639017,L,-0.440664,-0.082472,1.0255319999999999,-4.83,32.480000000000004,-27.300000000000004,0
1786849351.275419,R,-0.709796,0.08003199999999999,-0.844972,-43.050000000000004,-44.24,3.43,0
1786849351.2789288,L,-0.391864,-0.100772,1.119228,-16.310000000000002,12.39,-31.85,0
1786849351.2904594,R,-0.725412,0.081008,-0.8720559999999999,-45.50000000000001,-37.800000000000004,4.9,0
1786849351.293459,L,-0.398696,-0.11345999999999999,1.094828,-28.210000000000004,-2.1700000000000004,-31.01,0
1786849351.3050022,R,-0.7198,0.07686,-0.894504,-31.430000000000003,-38.85,10.290000000000001,0
1786849351.3087769,L,-0.41748399999999997,-0.110288,1.026264,-32.27,-7.420000000000001,-29.610000000000003,0
1786849351.3213644,R,-0.692716,0.07686,-0.9225639999999999,-9.940000000000001,-42.42,14.700000000000001,0
1786849351.3233645,L,-0.421632,-0.09759999999999999,0.972828,-25.62,-8.96,-32.690000000000005,0
1786849351.3361514,R,-0.677344,0.099064,-0.94428,6.300000000000001,-37.1,15.890000000000002,0
1786849351.3381507,L,-0.422608,-0.0854,0.936472,-15.120000000000001,-4.970000000000001,-40.53,0
1786849351.3508716,R,-0.681492,0.12566,-0.924028,14.000000000000002,-25.480000000000004,17.71,0
1786849351.3538723,L,-0.454084,-0.122732,0.9125599999999999,-3.0100000000000002,4.83,-52.85000000000001,0
1786849351.3653889,R,-0.697352,0.13541999999999998,-0.865956,16.94,-18.270000000000003,21.840000000000003,0
1786849351.3688989,L,-0.49019599999999997,-0.099308,0.928176,1.7500000000000002,2.5900000000000003,-69.44000000000001,0
1786849351.3809118,R,-0.703696,0.1159,-0.792268,19.39,-22.05,28.840000000000003,0
1786849351.3839126,L,-0.49166,-0.10760399999999999,0.930128,31.150000000000002,10.22,-79.59,0
1786849351.3960407,R,-0.700036,0.09272,-0.760548,10.500000000000002,-23.03,34.230000000000004,0
1786849351.3990746,L,-0.535336,-0.018788,0.9286639999999999,21.910000000000004,13.510000000000002,-79.52000000000001,0
1786849351.411215,R,-0.695644,0.064416,-0.7646959999999999,-8.82,-18.060000000000002,31.080000000000002,0
1786849351.4142165,L,-0.529724,0.040992,0.93086,1.4700000000000002,15.120000000000001,-71.26,0
1786849351.4252298,R,-0.70272,0.040504,-0.76006,-25.130000000000003,-10.430000000000001,24.150000000000002,0
1786849351.4289234,L,-0.518988,0.035868,0.918172,0.56,19.040000000000003,-51.800000000000004,0
1786849351.4410195,R,-0.706624,0.025131999999999998,-0.750788,-25.55,-11.06,22.680000000000003,0
1786849351.4440207,L,-0.56364,0.030012,0.868884,21.770000000000003,12.39,-42.56,0
1786849351.4561172,R,-0.697352,0.017811999999999998,-0.7585959999999999,-14.350000000000001,-17.430000000000003,26.180000000000003,0
1786849351.459132,L,-0.586332,0.076616,0.848876,37.940000000000005,-1.2600000000000002,-35.28,0
1786849351.4705687,R,-0.67466,0.049044,-0.866688,6.370000000000001,-31.92,24.150000000000002,0
1786849351.4735723,L,-0.64538,0.0793,0.652212,41.580000000000005,27.51,-37.03,0
1786849351.4861736,R,-0.676368,0.025863999999999998,-0.844484,8.89,-22.330000000000002,30.800000000000004,0
1786849351.4902098,L,-0.707844,0.08784,0.744444,42.14,45.080000000000005,-24.92,0
1786849351.500841,R,-0.6846639999999999,0.050996,-0.849364,-8.120000000000001,-0.07,19.67,0
1786849351.5038419,L,-0.6575799999999999,0.092964,0.732488,49.980000000000004,12.46,-7.840000000000001,0
1786849351.515358,R,-0.67344,0.076128,-0.855708,-20.020000000000003,1.54,11.48,0
1786849351.5188687,L,-0.6673399999999999,0.15738,0.7198,68.53,-23.94,-9.100000000000001,0
1786849351.530881,R,-0.693936,0.162504,-0.895724,-18.130000000000003,15.260000000000002,10.64,0
1786849351.5333848,L,-0.710772,0.233508,0.67588,88.69000000000001,-46.27,-13.090000000000002,0
1786849351.5454178,R,-0.686616,0.251564,-0.935496,-13.3,31.570000000000004,26.950000000000003,0
1786849351.5489314,L,-0.744444,0.278648,0.6039,104.58000000000001,-41.09,-21.28,0
1786849351.5611002,R,-0.720044,0.263764,-0.886452,-9.030000000000001,38.290000000000006,49.07000000000001,0
1786849351.564102,L,-0.781044,0.315004,0.537532,124.11000000000001,-23.310000000000002,-32.900000000000006,0
1786849351.5751455,R,-0.726388,0.21594,-0.84058,-8.120000000000001,38.43000000000001,60.900000000000006,0
1786849351.5790281,L,-0.780312,0.334036,0.488244,144.13000000000002,-19.040000000000003,-45.50000000000001,0
1786849351.5933738,L,-0.7634759999999999,0.37454,0.462136,163.73000000000002,-26.110000000000003,-50.540000000000006,0
1786849351.6060703,R,-0.747128,0.17763199999999998,-0.8325279999999999,-12.040000000000001,40.32000000000001,62.650000000000006,0
1786849351.6121063,L,-0.777628,0.432856,0.46604,176.68,-29.680000000000003,-42.21,0
1786849351.621191,R,-0.765672,0.164212,-0.8398479999999999,-29.330000000000002,49.7,55.230000000000004,0
1786849351.6221912,R,-0.79422,0.167628,-0.8288679999999999,-60.900000000000006,69.30000000000001,38.220000000000006,0
1786849351.62419,L,-0.8239879999999999,0.500444,0.494832,186.41000000000003,-24.360000000000003,-28.560000000000002,0
1786849351.6352882,R,-0.81618,0.18544,-0.7991,-99.26,86.45,15.750000000000002,0
1786849351.6389039,L,-0.8349679999999999,0.549,0.49946799999999997,183.96,-14.420000000000002,-17.92,0
1786849351.6509182,R,-0.802516,0.199104,-0.7442,-133.21,98.56,-9.73,0
1786849351.653917,L,-0.837896,0.573644,0.51362,168.49,5.880000000000001,-8.260000000000002,0
1786849351.666058,R,-0.81862,0.211304,-0.641232,-164.01000000000002,112.98,-29.19,0
1786849351.669126,L,-0.847168,0.58804,0.550952,142.87,36.260000000000005,5.32,0
1786849351.6803474,R,-0.818864,0.18666,-0.5416799999999999,-193.76000000000002,121.03000000000002,-42.42,0
1786849351.6833465,L,-0.84058,0.576328,0.58926,112.63000000000001,64.33000000000001,25.060000000000002,0
1786849351.695096,R,-0.815692,0.18934399999999998,-0.48092399999999996,-216.3,114.52000000000001,-60.970000000000006,0
1786849351.6982489,L,-0.844728,0.5602239999999999,0.624152,77.98,81.55000000000001,51.24,0
1786849351.7109299,R,-0.794708,0.214964,-0.482388,-234.64000000000001,101.36000000000001,-82.74000000000001,0
1786849351.7252371,R,-0.77226,0.275476,-0.498004,-244.93000000000004,89.04,-108.78000000000002,0
1786849351.7289653,L,-0.87718,0.563396,0.668316,47.39000000000001,89.25000000000001,78.12,0
1786849351.7299652,L,-0.897676,0.570472,0.70516,18.41,94.22000000000001,98.77000000000001,0
1786849351.741148,R,-0.74298,0.327448,-0.504348,-247.87000000000003,78.68,-131.60000000000002,0
1786849351.7441475,L,-0.888648,0.5404599999999999,0.70272,-9.450000000000001,96.32000000000001,114.52000000000001,0
1786849351.7552202,R,-0.722484,0.380152,-0.510448,-244.72000000000003,64.82000000000001,-140.07000000000002,0
1786849351.75904,L,-0.873032,0.493124,0.668804,-35.56,101.43,133.21,0
1786849351.7710574,R,-0.697352,0.43602799999999997,-0.520452,-231.35000000000002,43.89000000000001,-133.35000000000002,0
1786849351.7740564,L,-0.863516,0.43798,0.658068,-56.35000000000001,109.41000000000001,152.32000000000002,0
1786849351.7851791,R,-0.664656,0.464576,-0.511668,-208.18,23.450000000000003,-115.64000000000001,0
1786849351.7888927,L,-0.861076,0.383324,0.657092,-68.39,114.59000000000002,165.34,0
1786849351.8009067,R,-0.659532,0.462624,-0.50508,-178.08,-0.8400000000000001,-87.64000000000001,0
1786849351.8039067,L,-0.857416,0.339648,0.6648999999999999,-72.31,116.69000000000001,171.22000000000003,0
1786849351.8154266,R,-0.6563599999999999,0.448716,-0.504592,-142.94000000000003,-30.590000000000003,-57.61000000000001,0
1786849351.8189394,L,-0.8535119999999999,0.299144,0.6575799999999999,-70.42,113.4,170.24,0
1786849351.8311336,R,-0.6527,0.41382399999999997,-0.502152,-106.82000000000001,-59.92000000000001,-30.94,0
1786849351.8336346,L,-0.8757159999999999,0.27572,0.669048,-60.27,106.68,167.86,0
1786849351.8460958,R,-0.65514,0.386008,-0.509472,-74.48,-83.58000000000001,-9.38,0
1786849351.8491318,L,-0.859368,0.264984,0.671976,-49.00000000000001,100.10000000000001,156.52,0
1786849351.8609424,R,-0.648064,0.35770399999999997,-0.518988,-49.21000000000001,-103.67000000000002,4.2,0
1786849351.863943,L,-0.8174,0.226432,0.6283,-45.36000000000001,96.74000000000001,146.44000000000003,0
1786849351.875133,R,-0.632692,0.328424,-0.534116,-36.330000000000005,-119.14000000000001,11.410000000000002,0
1786849351.8787668,L,-0.796416,0.188612,0.607804,-47.25000000000001,98.21000000000001,148.4,0
1786849351.8907828,R,-0.626592,0.31842,-0.550708,-31.080000000000002,-129.92000000000002,13.790000000000001,0
1786849351.8937829,L,-0.782264,0.149572,0.605852,-50.61000000000001,105.84,153.65,0
1786849351.9053032,R,-0.633668,0.31890799999999997,-0.578524,-27.020000000000003,-141.4,16.380000000000003,0
1786849351.9088147,L,-0.784948,0.121512,0.630008,-50.260000000000005,113.4,150.85000000000002,0
1786849351.9208286,R,-0.646356,0.335988,-0.61366,-22.470000000000002,-150.22000000000003,23.310000000000002,0
1786849351.9238296,L,-0.783972,0.119804,0.657824,-45.78,112.07000000000001,135.17000000000002,0
1786849351.9355078,R,-0.6846639999999999,0.360876,-0.657824,-16.59,-152.46,37.24,0
1786849351.9390185,L,-0.772016,0.130296,0.677588,-39.690000000000005,106.54,110.95000000000002,0
1786849351.950252,R,-0.713212,0.382104,-0.7032079999999999,-11.97,-154.91000000000003,52.010000000000005,0
1786849351.9532528,L,-0.761524,0.13663999999999998,0.67954,-37.52,100.52000000000001,94.92000000000002,0
1786849351.9652746,R,-0.73688,0.388692,-0.75274,-8.540000000000001,-158.13000000000002,63.00000000000001,0
1786849351.968788,L,-0.7503,0.155184,0.7076,-39.13,99.05000000000001,87.85000000000001,0
1786849351.9808028,R,-0.75396,0.387472,-0.8296,-5.460000000000001,-160.44000000000003,71.96000000000001,0
1786849351.9838052,L,-0.72224,0.160796,0.741516,-43.61000000000001,98.42000000000002,79.59,0
1786849351.9988313,L,-0.6563599999999999,0.213744,0.894016,-47.39000000000001,91.14000000000001,69.79,0
1786849352.013846,L,-0.5675439999999999,0.34038,1.083116,-78.12,87.22000000000001,65.73,0
1786849352.029014,L,-0.499956,0.38112799999999997,1.15046,-150.01000000000002,98.49000000000001,84.7,0
1786849352.0405312,R,-0.760548,0.375516,-0.977708,4.130000000000001,-160.37,81.55000000000001,0
1786849352.0435312,L,-0.450912,0.330864,1.138504,-226.87000000000003,106.4,119.56000000000002,0
1786849352.0562217,R,-0.674416,0.36234,-1.202676,20.51,-146.86,109.20000000000002,0
1786849352.058222,L,-0.423828,0.24326799999999998,1.088972,-266.56,98.63000000000001,134.47,0
1786849352.071776,R,-0.5978,0.303292,-1.329556,49.77,-123.34000000000002,133.56,0
1786849352.0882967,L,-0.35160399999999997,0.152012,1.039684,-238.42000000000002,73.57000000000001,111.02000000000001,0
1786849352.1020274,R,-0.579988,0.224236,-1.357372,83.23,-94.15,145.95000000000002,0
1786849352.1040287,L,-0.331352,0.12444,1.0438319999999999,-163.8,32.2,56.14000000000001,0
1786849352.1050277,L,-0.34599199999999997,0.15128,1.060424,-77.63000000000001,-19.39,-2.5200000000000005,0
1786849352.1171842,R,-0.555344,0.174216,-1.323456,113.33000000000001,-63.21000000000001,133.07000000000002,0
1786849352.1192021,L,-0.330132,0.20227599999999998,1.0413919999999999,-12.32,-61.81000000000001,-45.080000000000005,0
1786849352.1308353,R,-0.554612,0.16836,-1.249524,125.93,-28.980000000000004,101.92000000000002,0
1786849352.1318362,R,-0.554124,0.212524,-1.15656,121.66000000000001,0.77,66.22000000000001,0
1786849352.1338372,L,-0.301828,0.24912399999999998,1.01382,25.55,-82.81,-74.97000000000001,0
1786849352.1492083,L,-0.260104,0.299876,1.000888,39.830000000000005,-86.17,-97.30000000000001,0
1786849352.163807,L,-0.26108,0.360876,0.9821,44.870000000000005,-89.25000000000001,-114.94000000000001,0
1786849352.1788375,L,-0.275964,0.418948,0.95648,51.660000000000004,-92.33000000000001,-127.19000000000001,0
1786849352.1938496,L,-0.31768799999999997,0.4575,0.925248,67.9,-94.43,-129.08,0
1786849352.2053683,R,-0.542168,0.255224,-1.060424,109.76,20.3,39.690000000000005,0
1786849352.2063735,R,-0.492392,0.28304,-0.990152,92.75000000000001,34.790000000000006,24.430000000000003,0
1786849352.2088804,L,-0.348676,0.47946,0.924028,111.09000000000002,-99.54,-124.67000000000002,0
1786849352.2208924,R,-0.44895999999999997,0.311832,-0.9496479999999999,71.47000000000001,44.940000000000005,9.38,0
1786849352.2218928,R,-0.44042,0.34721199999999997,-0.926956,41.650000000000006,54.95,-8.610000000000001,0
1786849352.223892,L,-0.370148,0.49580799999999997,0.931836,184.59,-122.99000000000001,-137.41000000000003,0
1786849352.2364295,R,-0.43188,0.387228,-0.932568,11.830000000000002,66.01,-26.67,0
1786849352.2389364,L,-0.386984,0.532652,0.894748,251.79000000000002,-160.93,-167.65,0
1786849352.2509491,R,-0.41992399999999996,0.425048,-0.9286639999999999,-7.000000000000001,73.36000000000001,-33.39,0
1786849352.2519493,R,-0.418948,0.447496,-0.909876,-16.450000000000003,71.61000000000001,-28.630000000000003,0
1786849352.253949,L,-0.438956,0.643672,0.821548,275.03000000000003,-189.07000000000002,-197.4,0
1786849352.2661695,R,-0.386008,0.433344,-0.881084,-28.140000000000004,67.9,-24.78,0
1786849352.2671697,R,-0.409676,0.447252,-0.897432,-53.410000000000004,72.52000000000001,-28.910000000000004,0
1786849352.2681706,L,-0.5246,0.7549359999999999,0.744932,267.33000000000004,-182.77,-198.10000000000002,0
1786849352.283872,L,-0.573888,0.879864,0.671488,235.41000000000003,-156.38000000000002,-175.42000000000002,0
1786849352.2953897,R,-0.435784,0.517524,-0.96014,-91.21000000000001,83.86000000000001,-46.550000000000004,0
1786849352.2963936,R,-0.4575,0.607316,-0.993324,-122.71000000000001,99.61000000000001,-61.39000000000001,0
1786849352.2988997,L,-0.65148,0.999668,0.58926,176.12,-118.51,-135.31,0
1786849352.3109143,R,-0.401136,0.677832,-1.007476,-139.65,112.77000000000001,-53.620000000000005,0
1786849352.3119142,R,-0.396256,0.7537159999999999,-0.956724,-114.80000000000001,111.30000000000001,-26.250000000000004,0
1786849352.3139143,L,-0.705404,1.138504,0.5380199999999999,93.80000000000001,-47.88,-81.48,0
1786849352.3254316,R,-0.464088,0.8720559999999999,-0.9137799999999999,-35.35,72.31,24.220000000000002,0
1786849352.3274348,R,-0.591944,0.95038,-0.898408,103.11000000000001,-9.8,114.45000000000002,0
1786849352.328942,L,-0.69906,1.183888,0.557784,-14.070000000000002,38.010000000000005,3.43,0
1786849352.341008,R,-0.7512759999999999,0.8723,-0.9669719999999999,246.05,-103.46000000000001,250.32000000000002,0
1786849352.3420074,R,-0.8357,0.637084,-1.179008,354.76000000000005,-186.41000000000003,378.70000000000005,0
1786849352.3562021,R,-0.97966,0.355752,-1.414712,429.87000000000006,-251.3,466.76000000000005,0
1786849352.358206,L,-0.682468,1.079456,0.651236,-169.47000000000003,112.42000000000002,127.19000000000001,0
1786849352.3592956,L,-0.84058,0.893528,0.8030039999999999,-350.70000000000005,190.12,269.29,0
1786849352.373874,L,-0.856196,0.6895439999999999,1.0365119999999999,-484.96000000000004,265.09000000000003,365.68,0
1786849352.3888993,L,-0.861564,0.43066,1.281488,-532.63,300.72,378.07000000000005,0
1786849352.41894,L,-0.882548,0.146644,1.489376,-448.84000000000003,253.82000000000002,336.77000000000004,0
1786849352.4199412,L,-0.884012,-0.21276799999999998,1.555256,-180.81000000000003,98.7,238.91000000000003,0
1786849352.4339566,L,-1.01504,-0.349896,1.6072279999999999,146.44000000000003,-147.63000000000002,82.18,0
1786849352.445994,R,-1.113372,-0.029523999999999998,-1.594052,453.74000000000007,-289.03000000000003,501.62000000000006,0
1786849352.4491415,L,-1.079456,-0.199104,1.547448,403.41,-412.02000000000004,-105.35000000000001,0
1786849352.4637916,L,-1.173884,0.019764,1.3322399999999999,533.96,-614.8800000000001,-225.05,0
1786849352.478819,L,-1.400072,0.159332,1.2226839999999999,659.61,-735.21,-235.69000000000003,0
1786849352.4908328,R,-1.253428,-0.528016,-1.681404,432.04,-263.48,467.81000000000006,0
1786849352.4918349,R,-1.282464,-1.00772,-1.725568,360.64000000000004,-118.58000000000001,290.71000000000004,0
1786849352.4938335,L,-1.636752,0.195444,1.03578,781.4100000000001,-836.71,-196.21,0
1786849352.5053506,R,-1.30906,-1.145336,-1.621624,240.94000000000003,120.19000000000001,-33.32,0
1786849352.508863,L,-1.6972639999999999,0.18666,0.86132,834.7500000000001,-898.3800000000001,-151.55,0
1786849352.5218773,R,-1.44448,-0.643428,-1.384456,106.33000000000001,287.91,-313.53000000000003,0
1786849352.5238783,L,-1.59698,0.17812,0.5917,735.35,-881.7900000000001,-105.49000000000001,0
1786849352.5355155,R,-1.650904,-0.025863999999999998,-1.199016,23.590000000000003,380.03000000000003,-460.18000000000006,0
1786849352.5365198,R,-1.780224,0.426024,-1.167296,-11.690000000000001,426.09000000000003,-504.91,0
1786849352.5390265,L,-1.4752239999999999,0.197152,-0.033428,457.38000000000005,-762.3700000000001,-15.400000000000002,0
1786849352.554093,L,-1.423008,0.29548399999999997,-0.834724,-59.150000000000006,-527.5200000000001,123.41000000000001,0
1786849352.5671704,R,-1.719468,0.793732,-1.054812,-38.85,479.57000000000005,-500.71000000000004,0
1786849352.5807698,R,-1.605276,0.936716,-0.8042239999999999,-60.06,534.6600000000001,-469.98,0
1786849352.58177,R,-1.424472,1.015284,-0.477996,-85.05000000000001,572.6,-413.91,0
1786849352.5837705,L,-1.1326479999999999,0.390644,-1.379576,-567.7700000000001,-216.93,209.72000000000003,0
1786849352.5837705,L,-0.785924,0.498004,-1.565748,-840.3500000000001,119.84000000000002,210.49,0
1786849352.5952864,R,-1.218048,1.044808,-0.040015999999999996,-47.95,553.6300000000001,-366.66,0
1786849352.5962908,R,-0.927688,1.0955599999999999,0.362096,58.38,427.63000000000005,-291.48,0
1786849352.5988004,L,-0.55022,0.601948,-1.351516,-832.9300000000001,425.81000000000006,209.93,0
1786849352.6108127,R,-0.52094,1.231712,0.515572,229.18000000000004,183.4,-153.65,0
1786849352.6118133,R,-0.251808,1.252452,0.25986,304.71000000000004,-7.210000000000001,-22.26,0
1786849352.6138146,L,-0.49946799999999997,0.607316,-0.55876,-754.1800000000001,537.6,227.43000000000004,0
1786849352.625331,R,-0.06588,1.0943399999999999,-0.046848,262.01000000000005,-72.87,73.29,0
1786849352.6263354,R,-0.13786,0.8239879999999999,-0.17812,217.91000000000003,-46.830000000000005,147.63000000000002,0
1786849352.6288426,L,-0.53436,0.45994,0.294996,-601.23,463.19000000000005,258.58000000000004,0
1786849352.6408691,R,-0.257176,0.601948,-0.191296,229.81000000000003,-47.46000000000001,211.40000000000003,0
1786849352.6418693,R,-0.335988,0.332572,-0.187392,255.99000000000004,-72.80000000000001,256.41,0
1786849352.6438692,L,-0.446764,0.24448799999999998,0.672708,-311.01000000000005,329.56000000000006,280.56,0
1786849352.6553829,R,-0.46799199999999996,0.111508,-0.196664,259.07000000000005,-95.69000000000001,278.46000000000004,0
1786849352.656388,R,-0.568276,-0.078568,-0.224236,230.09000000000003,-109.62,275.1,0
1786849352.658894,L,-0.544608,-0.07686,0.8845,28.28,141.61,242.76000000000002,0
1786849352.6709065,R,-0.671976,-0.223016,-0.265228,170.94000000000003,-109.76,241.15000000000003,0
1786849352.6739068,L,-0.785192,-0.19763999999999998,1.006256,275.66,3.99,211.89000000000001,0
1786849352.685423,R,-0.7198,-0.38356799999999996,-0.355752,79.87,-91.00000000000001,170.87,0
1786849352.6889348,L,-0.851804,-0.172264,1.114104,334.04,-18.55,179.97000000000003,0
1786849352.7039492,L,-0.921832,-0.246928,1.086532,208.67000000000002,21.840000000000003,135.66000000000003,0
1786849352.716155,R,-0.73932,-0.489952,-0.416508,-21.000000000000004,-46.480000000000004,56.980000000000004,0
1786849352.719193,L,-0.887672,-0.290604,1.008696,-5.250000000000001,41.160000000000004,96.39000000000001,0
1786849352.7338233,L,-0.825452,-0.28304,0.903776,-203.77,32.830000000000005,64.68,0
1786849352.7488658,L,-0.767868,-0.200324,0.8769359999999999,-276.78000000000003,37.660000000000004,8.680000000000001,0
1786849352.761879,R,-0.757132,-0.43432,-0.464088,-98.7,-2.45,-59.78000000000001,0
1786849352.7638798,L,-0.6329359999999999,-0.102724,0.847656,-227.50000000000003,11.760000000000002,-67.55000000000001,0
1786849352.7753947,R,-0.724436,-0.262788,-0.489708,-140.63000000000002,25.69,-141.82000000000002,0
1786849352.7763977,R,-0.691252,-0.048799999999999996,-0.521428,-135.59,31.500000000000004,-177.24,0
1786849352.7789037,L,-0.553636,0.018056,0.799832,-113.89000000000001,-46.480000000000004,-158.06,0
1786849352.7909184,R,-0.605852,0.097844,-0.51484,-98.91000000000001,17.080000000000002,-172.20000000000002,0
1786849352.7919183,R,-0.5133759999999999,0.198616,-0.496296,-62.650000000000006,-7.98,-161.07000000000002,0
1786849352.7939208,L,-0.534116,0.180316,0.663192,15.610000000000001,-116.13000000000001,-251.86,0
1786849352.8089483,L,-0.531676,0.31476,0.520452,95.83000000000001,-143.36,-308.91,0
1786849352.8211675,R,-0.46189199999999997,0.29036,-0.483364,-39.06,-35.7,-157.22000000000003,0
1786849352.8221672,R,-0.422364,0.375516,-0.45017999999999997,-24.570000000000004,-59.99000000000001,-153.37,0
1786849352.8241668,L,-0.534848,0.451888,0.376004,109.34,-112.35000000000001,-318.01000000000005,0
1786849352.8353162,R,-0.36234,0.461648,-0.427732,-0.28,-85.47000000000001,-129.92000000000002,0
1786849352.8363204,R,-0.299144,0.487268,-0.38795999999999997,27.160000000000004,-115.22000000000001,-86.38000000000001,0
1786849352.8508449,R,-0.29426399999999997,0.471896,-0.36356,48.580000000000005,-152.32000000000002,-30.17,0
1786849352.8538432,L,-0.48092399999999996,0.50264,0.256444,77.63000000000001,-37.31,-287.63000000000005,0
1786849352.8538432,L,-0.3782,0.510448,0.260104,21.98,53.06,-250.11,0
1786849352.8653662,R,-0.371856,0.416752,-0.394304,61.95,-190.96,24.360000000000003,0
1786849352.8688812,L,-0.271816,0.568032,0.38917999999999997,-27.020000000000003,113.54,-230.02,0
1786849352.880894,R,-0.470188,0.343308,-0.49019599999999997,56.63,-222.81000000000003,66.64,0
1786849352.8838933,L,-0.187148,0.662216,0.472872,-64.82000000000001,130.97,-198.52,0
1786849352.8954108,R,-0.543632,0.27816,-0.64782,43.120000000000005,-243.25000000000003,95.62,0
1786849352.8989215,L,-0.23033599999999999,0.718092,0.517524,-99.12,146.37,-136.43,0
1786849352.9109359,R,-0.537044,0.220088,-0.886452,20.44,-250.04000000000002,111.23,0
1786849352.913935,L,-0.330132,0.71614,0.684908,-91.07000000000001,187.67000000000002,-56.35000000000001,0
1786849352.926023,R,-0.619028,0.194712,-1.0882399999999999,-11.9,-239.40000000000003,111.58000000000001,0
1786849352.9290745,L,-0.465796,0.613416,1.006988,-45.50000000000001,231.56000000000003,-14.910000000000002,0
1786849352.9411366,R,-0.73322,0.1769,-1.24684,-41.93000000000001,-224.63000000000002,111.51,0
1786849352.9441354,L,-0.5453399999999999,0.459696,1.281488,0.8400000000000001,251.23000000000002,-5.74,0
1786849352.9551504,R,-0.851316,0.193736,-1.35176,-58.59,-215.67000000000002,113.96000000000001,0
1786849352.9590204,L,-0.519964,0.247172,1.446676,8.89,243.95000000000002,-12.46,0
1786849352.9703743,R,-0.907924,0.167384,-1.438868,-70.56,-207.69000000000003,109.83000000000001,0
1786849352.9733753,L,-0.49458799999999997,0.07564,1.567456,-35.63,225.82000000000002,-36.050000000000004,0
1786849352.9856708,R,-0.866444,0.152012,-1.553548,-79.52000000000001,-196.14000000000001,98.84,0
1786849352.9891818,L,-0.50996,-0.003172,1.584292,-104.02000000000001,200.41000000000003,-63.42000000000001,0
1786849353.001128,R,-0.826184,0.142008,-1.729472,-81.76,-169.12,85.26,0
1786849353.0041273,L,-0.5958479999999999,0.073932,1.6169879999999999,-140.42000000000002,173.88000000000002,-80.15,0
1786849353.0152667,R,-0.738588,0.09394,-1.841224,-82.81,-119.84000000000002,75.11000000000001,0
1786849353.018778,L,-0.582916,0.193004,1.784128,-78.19000000000001,125.51,-95.9,0
1786849353.030794,R,-0.722484,0.07564,-1.83488,-77.28,-72.94000000000001,57.330000000000005,0
1786849353.0337944,L,-0.56242,0.198372,1.77754,33.25,46.34,-120.75000000000001,0
1786849353.0453467,R,-0.706136,0.083692,-1.752408,-63.63,-46.550000000000004,29.050000000000004,0
1786849353.048857,L,-0.57218,0.175924,1.679208,137.62,-28.28,-142.31,0
1786849353.0608735,R,-0.707356,0.12834399999999999,-1.64334,-42.56,-33.18,10.99,0
1786849353.0638742,L,-0.533628,0.17446,1.533784,192.71,-84.35000000000001,-171.43,0
1786849353.0753908,R,-0.684908,0.136396,-1.5196319999999999,-17.220000000000002,-27.160000000000004,7.98,0
1786849353.0789006,L,-0.481168,0.252784,1.3815279999999999,192.64000000000001,-123.48000000000002,-196.14000000000001,0
1786849353.090916,R,-0.670756,0.089548,-1.38104,6.0200000000000005,-22.820000000000004,12.530000000000001,0
1786849353.0939164,L,-0.36966,0.40382,1.2683119999999999,162.26000000000002,-147.70000000000002,-202.02,0
1786849353.1054347,R,-0.655628,0.031476,-1.2756319999999999,16.520000000000003,-19.46,7.5600000000000005,0
1786849353.1089447,L,-0.27938,0.555588,1.107028,104.93,-153.16000000000003,-186.55,0
1786849353.121238,R,-0.63806,-0.009028,-1.192184,9.030000000000001,-9.8,-4.760000000000001,0
1786849353.1242392,L,-0.279624,0.687592,0.9618479999999999,29.330000000000002,-117.18,-143.43,0
1786849353.1353123,R,-0.55144,-0.008784,-1.143872,-5.53,3.2900000000000005,-26.46,0
1786849353.1388242,L,-0.2379,0.7442,0.915732,-31.080000000000002,-62.440000000000005,-96.67000000000002,0
1786849353.1508396,R,-0.488,0.096624,-1.150704,-8.610000000000001,14.14,-48.790000000000006,0
1786849353.1538403,L,-0.203984,0.733708,0.943304,-57.190000000000005,-23.730000000000004,-61.60000000000001,0
1786849353.1653552,R,-0.43724799999999997,0.202032,-1.095804,0.49000000000000005,32.900000000000006,-59.50000000000001,0
1786849353.1688669,L,-0.187148,0.6624599999999999,0.997472,-59.43000000000001,-14.070000000000002,-31.360000000000003,0
1786849353.1838813,L,-0.203008,0.527772,0.993568,-54.46000000000001,-16.240000000000002,1.4000000000000001,0
1786849353.1953945,R,-0.430172,0.26108,-0.999668,5.180000000000001,51.59,-50.89000000000001,0
1786849353.1963987,R,-0.44212799999999997,0.282064,-0.8966999999999999,3.5000000000000004,61.11000000000001,-29.400000000000002,0
1786849353.1989038,L,-0.25790799999999997,0.426268,0.94184,-61.11000000000001,-15.330000000000002,26.250000000000004,0
1786849353.2109168,R,-0.453108,0.2379,-0.798124,0.35000000000000003,55.720000000000006,-5.250000000000001,0
1786849353.2139177,L,-0.31598,0.340868,0.88572,-74.83000000000001,-4.48,43.330000000000005,0
1786849353.2254355,R,-0.478728,0.17934,-0.712236,8.47,41.370000000000005,15.820000000000002,0
1786849353.2289472,L,-0.37746799999999997,0.24278,0.842776,-87.64000000000001,9.170000000000002,56.07000000000001,0
1786849353.2409728,R,-0.43554,0.188368,-0.815448,57.89000000000001,1.7500000000000002,35.84,0
1786849353.2439737,L,-0.5946279999999999,0.053924,0.586332,-114.87,59.150000000000006,19.040000000000003,0
1786849353.2561686,R,-0.45945199999999997,0.114924,-0.721996,66.92,12.670000000000002,61.46000000000001,0
1786849353.2592895,L,-0.5978,-0.048799999999999996,0.673928,-117.04,71.89,25.200000000000003,0
1786849353.271847,R,-0.509228,0.068076,-0.678564,56.49,10.290000000000001,65.59,0
1786849353.2738476,L,-0.575108,-0.038064,0.772992,-102.41000000000001,54.25000000000001,20.790000000000003,0
1786849353.2863672,R,-0.548024,0.029768,-0.654164,48.09,-1.05,71.61000000000001,0
1786849353.288875,L,-0.6563599999999999,0.0026839999999999998,0.756888,-76.51,38.57,13.860000000000001,0
1786849353.3008876,R,-0.58804,-0.020739999999999998,-0.648308,47.18000000000001,-9.31,83.09,0
1786849353.3038883,L,-0.706624,0.008052,0.732244,-45.220000000000006,25.200000000000003,11.13,0
1786849353.3164105,R,-0.6344,-0.0915,-0.638548,49.28,-15.190000000000001,93.03000000000002,0
1786849353.3189201,L,-0.7573759999999999,0.008784,0.707356,-14.840000000000002,14.14,6.44,0
1786849353.3319318,R,-0.697108,-0.20008,-0.64172,38.010000000000005,-15.400000000000002,92.26,0
1786849353.333932,L,-0.811056,0.012199999999999999,0.6636799999999999,-2.1700000000000004,14.21,3.43,0
1786849353.3460233,R,-0.754692,-0.334036,-0.649284,7.7700000000000005,-6.790000000000001,76.72000000000001,0
1786849353.3490615,L,-0.8608319999999999,0.011956,0.628544,-9.8,22.400000000000002,5.460000000000001,0
1786849353.3611324,R,-0.814228,-0.414068,-0.652456,-13.930000000000001,-0.77,51.800000000000004,0
1786849353.3651328,L,-0.911828,0.024156,0.603412,-31.360000000000003,31.290000000000003,7.7700000000000005,0
1786849353.3752775,R,-0.832772,-0.454572,-0.638792,-12.32,-3.3600000000000003,25.900000000000002,0
1786849353.3790634,L,-0.9272,0.031964,0.587064,-53.550000000000004,38.50000000000001,11.200000000000001,0
1786849353.391197,R,-0.836432,-0.46189199999999997,-0.6344,3.99,-11.48,6.720000000000001,0
1786849353.3941972,L,-0.934032,0.071492,0.573644,-62.160000000000004,37.870000000000005,13.370000000000001,0
1786849353.4059577,R,-0.819352,-0.44456799999999996,-0.627324,16.450000000000003,-13.020000000000001,-9.450000000000001,0
1786849353.410025,L,-0.919148,0.11956,0.5453399999999999,-55.02,35.35,15.96,0
1786849353.4210377,R,-0.79666,-0.417972,-0.605608,25.410000000000004,-7.700000000000001,-22.470000000000002,0
1786849353.4240365,L,-0.924028,0.153476,0.509472,-36.190000000000005,30.590000000000003,13.3,0
1786849353.4361985,R,-0.7905599999999999,-0.391132,-0.571692,28.630000000000003,-2.66,-31.710000000000004,0
1786849353.438198,L,-0.917928,0.167384,0.48653599999999997,-23.660000000000004,24.500000000000004,7.490000000000001,0
1786849353.450976,R,-0.789096,-0.375028,-0.543388,28.35,-7.700000000000001,-40.18000000000001,0
1786849353.4539747,L,-0.905972,0.183244,0.48287599999999997,-25.340000000000003,19.040000000000003,8.05,0
1786849353.4660838,R,-0.782996,-0.360388,-0.537288,31.500000000000004,-15.750000000000002,-48.230000000000004,0
1786849353.4680843,L,-0.88694,0.19178399999999998,0.47238399999999997,-34.09,19.180000000000003,15.890000000000002,0
1786849353.481975,R,-0.7832399999999999,-0.34404,-0.530944,35.21,-20.720000000000002,-53.830000000000005,0
1786849353.4839742,L,-0.879132,0.193248,0.470188,-47.95,22.400000000000002,28.770000000000003,0
1786849353.4962053,R,-0.788608,-0.31964,-0.5231359999999999,40.74,-28.42,-58.940000000000005,0
1786849353.4982061,L,-0.8805959999999999,0.183976,0.461648,-56.14000000000001,25.830000000000002,38.64,0
1786849353.5109901,R,-0.795684,-0.285236,-0.522648,45.85,-37.17,-64.05000000000001,0
1786849353.51399,L,-0.879864,0.171532,0.459696,-53.34,27.090000000000003,41.160000000000004,0
1786849353.5261679,R,-0.789096,-0.243512,-0.52582,48.510000000000005,-43.540000000000006,-72.03,0
1786849353.529248,L,-0.867664,0.14762,0.454572,-41.440000000000005,23.590000000000003,37.45,0
1786849353.5409024,R,-0.770308,-0.206668,-0.484584,47.32000000000001,-43.260000000000005,-79.45,0
1786849353.543902,L,-0.84912,0.114924,0.44334799999999996,-38.150000000000006,22.330000000000002,31.01,0
1786849353.5554197,R,-0.7686,-0.170068,-0.437492,39.690000000000005,-42.910000000000004,-82.46000000000001,0
1786849353.55893,L,-0.8252079999999999,0.068564,0.446276,-53.550000000000004,33.46,36.68000000000001,0
1786849353.570945,R,-0.770796,-0.143472,-0.404796,25.060000000000002,-49.00000000000001,-83.44000000000001,0
1786849353.5739443,L,-0.791536,0.03782,0.5002,-76.58000000000001,58.940000000000005,58.45,0
1786849353.586178,R,-0.762744,-0.12078,-0.42675599999999997,6.090000000000001,-60.760000000000005,-81.34,0
1786849353.5892406,L,-0.7302919999999999,-0.024156,0.5651039999999999,-91.28000000000002,75.81,72.52000000000001,0
1786849353.6008294,R,-0.74908,-0.09028,-0.491172,-4.69,-71.4,-74.13000000000001,0
1786849353.60383,L,-0.678076,-0.051727999999999996,0.631228,-88.13000000000001,79.59,71.19000000000001,0
1786849353.6153495,R,-0.764208,-0.038796,-0.573156,-4.970000000000001,-76.30000000000001,-64.75,0
1786849353.6188595,L,-0.570716,-0.074664,0.608048,-97.93,89.25000000000001,76.23,0
1786849353.6308758,R,-0.7524959999999999,-0.00366,-0.647088,-0.8400000000000001,-74.41000000000001,-49.07000000000001,0
1786849353.632877,L,-0.535092,-0.11468,0.647088,-136.85000000000002,101.64000000000001,95.76,0
1786849353.6462095,R,-0.747372,0.0075639999999999995,-0.675392,-3.5000000000000004,-70.49000000000001,-34.650000000000006,0
1786849353.648209,L,-0.55754,-0.263032,0.853024,-165.97000000000003,116.27000000000001,128.38000000000002,0
1786849353.661006,R,-0.7549359999999999,0.014152,-0.716872,-20.930000000000003,-68.95,-26.6,0
1786849353.6640065,L,-0.545096,-0.45627999999999996,1.138992,-134.12,104.58000000000001,125.30000000000001,0
1786849353.6762228,R,-0.731024,0.039528,-0.83692,-42.7,-70.77000000000001,-27.720000000000002,0
1786849353.6802392,L,-0.61122,-0.610488,1.1685159999999999,-63.21000000000001,72.52000000000001,74.55000000000001,0
1786849353.6907835,R,-0.633424,0.175192,-1.16632,-7.910000000000001,-105.70000000000002,-23.590000000000003,0
1786849353.6937838,L,-0.829844,-0.614636,0.993568,-18.340000000000003,126.42000000000002,23.03,0
1786849353.7052987,R,-0.6600199999999999,0.242292,-1.254404,-2.1,-76.58000000000001,-5.74,0
1786849353.7088134,L,-0.614148,-0.52216,0.9274439999999999,17.5,98.00000000000001,11.48,0
1786849353.720827,R,-0.638792,0.295972,-1.319064,-15.96,-44.59,-5.460000000000001,0
1786849353.7238276,L,-0.43602799999999997,-0.337452,1.042124,43.82000000000001,67.27000000000001,3.43,0
1786849353.7353492,R,-0.596092,0.293776,-1.298324,-23.240000000000002,-19.53,1.9600000000000002,0
1786849353.7388437,L,-0.530212,-0.130052,1.163636,57.96000000000001,34.510000000000005,7.3500000000000005,0
1786849353.750857,R,-0.60024,0.325496,-1.290516,-20.090000000000003,3.8500000000000005,6.23,0
1786849353.7538588,L,-0.522648,0.041724,1.264164,58.24000000000001,20.930000000000003,11.620000000000001,0
1786849353.766379,R,-0.580964,0.40333199999999997,-1.29686,-15.05,21.630000000000003,11.9,0
1786849353.7688866,L,-0.517768,0.06344,1.298568,28.910000000000004,14.21,8.75,0
1786849353.7808983,R,-0.575108,0.416508,-1.309792,-2.9400000000000004,35.14,30.520000000000003,0
1786849353.7838993,L,-0.523868,-0.091988,1.25538,1.7500000000000002,6.510000000000001,-14.910000000000002,0
1786849353.795415,R,-0.578524,0.39527999999999996,-1.283196,16.310000000000002,42.35,55.09,0
1786849353.798926,L,-0.558028,-0.229116,1.147044,-19.46,-20.650000000000002,-24.01,0
1786849353.8109376,R,-0.549,0.330132,-1.257088,13.650000000000002,52.080000000000005,69.58000000000001,0
1786849353.8139384,L,-0.552172,-0.277672,1.1228879999999999,-28.000000000000004,-49.84,-23.730000000000004,0
1786849353.825456,R,-0.5734,0.258884,-1.239276,6.930000000000001,61.60000000000001,73.99000000000001,0
1786849353.841017,R,-0.65026,0.21594,-1.244888,15.260000000000002,66.15,77.7,0
1786849353.8440182,L,-0.598044,-0.238876,1.26758,-10.22,-69.44000000000001,-19.950000000000003,0
1786849353.8450174,L,-0.682468,-0.145424,1.349808,9.940000000000001,-72.52000000000001,-19.110000000000003,0
1786849353.8560612,R,-0.705404,0.172508,-1.286856,27.37,68.95,87.01,0
1786849353.8591156,L,-0.733464,-0.143472,1.269044,14.350000000000001,-71.4,-10.920000000000002,0
1786849353.8703434,R,-0.718824,0.08881599999999999,-1.391532,22.96,79.66000000000001,96.39000000000001,0
1786849353.873343,L,-0.768356,-0.16104,1.15046,4.0600000000000005,-84.49000000000001,0.6300000000000001,0
1786849353.8889415,L,-0.777628,-0.13176,1.109224,-0.56,-113.33000000000001,8.05,0
1786849353.9009547,R,-0.7388319999999999,-0.012931999999999999,-1.48596,3.08,107.73,98.84,0
1786849353.9019556,R,-0.75396,-0.103944,-1.484008,-14.840000000000002,143.22000000000003,91.07000000000001,0
1786849353.9039545,L,-0.7881199999999999,-0.050996,1.197552,4.970000000000001,-140.49,14.63,0
1786849353.9160395,R,-0.839604,-0.13298,-1.395436,-17.150000000000002,169.33,79.80000000000001,0
1786849353.9190884,L,-0.814472,0.023424,1.30418,22.540000000000003,-148.61,21.42,0
1786849353.9306886,R,-0.915488,-0.1098,-1.293444,-5.670000000000001,176.26000000000002,72.73,0
1786849353.9351954,L,-0.86864,0.076616,1.300032,52.43000000000001,-154.14000000000001,30.520000000000003,0
1786849353.9452534,R,-0.919636,-0.067344,-1.2707519999999999,-1.4700000000000002,174.79000000000002,72.59,0
1786849353.9488604,L,-0.946964,0.076128,1.208288,66.85000000000001,-160.09,36.050000000000004,0
1786849353.9608738,R,-0.8662,-0.050508,-1.361764,-17.92,180.88000000000002,72.52000000000001,0
1786849353.9638755,L,-0.989908,0.021228,1.122644,48.09,-170.94000000000003,35.980000000000004,0
1786849353.9753942,R,-0.836432,-0.074908,-1.394704,-33.53,206.50000000000003,63.07000000000001,0
1786849353.978906,L,-0.971608,0.03172,1.092144,4.2,-181.16000000000003,29.680000000000003,0
1786849353.9909194,R,-0.898652,-0.084424,-1.347856,-38.290000000000006,228.48000000000002,46.830000000000005,0
1786849353.993919,L,-0.929152,0.104188,1.13704,-27.230000000000004,-190.05,17.85,0
1786849354.0089483,L,-0.88206,0.203252,1.1746159999999999,-31.220000000000002,-189.07000000000002,3.9200000000000004,0
1786849354.020964,R,-0.9455,-0.099552,-1.285636,-29.610000000000003,240.73000000000002,41.230000000000004,0
1786849354.021962,R,-0.960384,-0.110044,-1.282708,-22.400000000000002,244.93000000000004,45.64000000000001,0
1786849354.024962,L,-0.841312,0.277428,1.214388,-3.5700000000000003,-200.97000000000003,-7.210000000000001,0
1786849354.035683,R,-0.92476,-0.132248,-1.301008,-25.130000000000003,250.39000000000001,47.74,0
1786849354.0391967,L,-0.8535119999999999,0.244732,1.172908,42.77,-231.98000000000002,-17.85,0
1786849354.0508544,R,-0.844484,-0.18226799999999999,-1.273924,-28.840000000000003,261.59000000000003,36.400000000000006,0
1786849354.0538538,L,-0.878644,0.139568,1.0723799999999999,72.94000000000001,-264.67,-24.570000000000004,0
1786849354.0653725,R,-0.776408,-0.19519999999999998,-1.17974,-31.360000000000003,274.12,19.32,0
1786849354.0688868,L,-0.871812,0.114436,1.041636,68.32000000000001,-272.09000000000003,-24.92,0
1786849354.0809014,R,-0.715652,-0.166408,-1.0906799999999999,-39.27,277.83000000000004,9.8,0
1786849354.083901,L,-0.793488,0.132248,1.030656,36.050000000000004,-256.06,-21.770000000000003,0
1786849354.098927,L,-0.6858839999999999,0.155916,0.976244,-0.9100000000000001,-237.16000000000003,-19.110000000000003,0
1786849354.1109412,R,-0.606584,-0.150304,-1.033828,-50.190000000000005,273.35,9.590000000000002,0
1786849354.111941,R,-0.538996,-0.141764,-0.9520879999999999,-52.010000000000005,270.34000000000003,5.250000000000001,0
1786849354.1139402,L,-0.630008,0.183244,0.925492,-27.020000000000003,-222.04000000000002,-18.270000000000003,0
1786849354.125461,R,-0.486048,-0.11956,-0.853024,-30.730000000000004,262.29,2.8000000000000003,0
1786849354.1408744,R,-0.361852,-0.114436,-0.63196,9.170000000000002,252.63000000000002,-3.7100000000000004,0
1786849354.1438751,L,-0.616588,0.21228,0.868396,-37.24,-211.89000000000001,-24.570000000000004,0
1786849354.145379,L,-0.533384,0.231068,0.700524,-27.160000000000004,-211.89000000000001,-25.830000000000002,0
1786849354.1553946,R,-0.225212,-0.1281,-0.278892,58.45,237.23000000000002,-3.3600000000000003,0
1786849354.1589038,L,-0.34892,0.221308,0.334524,-26.950000000000003,-199.36,-21.07,0
1786849354.1709182,R,-0.127124,-0.156892,0.074664,89.53000000000002,222.39000000000001,0.21000000000000002,0
1786849354.1889448,L,-0.212036,0.115656,0.022448,-21.630000000000003,-180.18,4.0600000000000005,0
1786849354.2039583,L,-0.175924,0.082472,0.010735999999999999,-19.39,-151.83,10.780000000000001,0
1786849354.2064645,L,-0.223748,0.0854,0.220088,-22.89,-98.77000000000001,-15.750000000000002,0
1786849354.2182357,L,-0.253516,0.071736,0.42309599999999997,-10.780000000000001,-64.19000000000001,-56.56,0
1786849354.2338912,L,-0.36112,0.113704,0.443836,23.590000000000003,-55.230000000000004,-99.12,0
1786849354.246057,R,-0.062952,-0.17885199999999998,0.282308,70.42,186.20000000000002,0.7000000000000001,0
1786849354.2641647,L,-0.531432,0.165676,0.313052,62.230000000000004,-37.870000000000005,-107.66000000000001,0
1786849354.2672238,L,-0.687836,0.10174799999999999,0.35282399999999997,86.31,19.110000000000003,-78.05000000000001,0
1786849354.2763495,R,-0.140544,-0.170312,0.296216,8.680000000000001,116.97000000000001,-6.65,0
1786849354.279856,L,-0.55998,0.021471999999999998,0.637328,114.94000000000001,81.76,-33.25,0
1786849354.2908716,R,-0.220088,-0.208864,0.108092,-57.61000000000001,19.67,-1.6800000000000002,0
1786849354.2918708,R,-0.26596,-0.249368,-0.172752,-125.93,-37.730000000000004,-4.41,0
1786849354.2938716,L,-0.52826,-0.070516,0.9125599999999999,90.93,115.36000000000001,-16.87,0
1786849354.30539,R,-0.303048,-0.241072,-0.263032,-145.25,-40.74,-38.43000000000001,0
1786849354.3089013,L,-0.536556,-0.2074,1.073112,60.06,108.08000000000001,-16.94,0
1786849354.3538423,L,-0.635864,0.066856,1.184132,18.41,73.57000000000001,27.300000000000004,0
1786849354.3538423,L,-0.62708,0.947696,0.704916,26.110000000000003,136.64000000000001,172.9,0
1786849354.3553455,L,-0.309392,0.97478,0.4148,7.280000000000001,133.42000000000002,178.50000000000003,0
1786849354.3663652,R,-0.36722,-0.090524,-0.225212,-94.43,-56.14000000000001,-47.74,0
1786849354.3663652,R,-0.41626399999999997,0.135664,-0.13176,-27.37,-91.49000000000001,-36.120000000000005,0
1786849354.3964097,R,-0.45627999999999996,0.237168,-0.333792,-10.780000000000001,-177.24,22.470000000000002,0
1786849354.3999174,L,-0.532408,0.638304,0.563396,32.27,-31.430000000000003,139.16000000000003,0
1786849354.4139304,L,-0.399428,0.360388,0.7339519999999999,35.77,-142.94000000000003,117.32000000000001,0
1786849354.4154336,L,-0.37868799999999997,0.18666,0.8723,-23.520000000000003,-160.02,75.81,0
1786849354.4164374,L,-0.255468,0.163724,0.9952759999999999,-106.82000000000001,-130.9,24.570000000000004,0
1786849354.4410784,R,-0.46604,0.1098,-0.749324,26.6,-244.65000000000003,134.82000000000002,0
1786849354.442079,R,-0.506544,-0.135176,-1.239276,90.44000000000001,-213.15000000000003,263.34000000000003,0
1786849354.4600656,L,-0.23302,0.151036,1.077016,-148.75,-117.11000000000001,-29.19,0
1786849354.48519,R,-0.595604,-0.261812,-1.4762,150.36,-140.42000000000002,331.38000000000005,0
1786849354.487472,R,-0.417728,-0.519964,-1.483032,101.71000000000001,-18.130000000000003,333.62,0
1786849354.4895332,L,-0.254248,0.124196,1.1697359999999999,-99.54,-144.9,-58.52,0
1786849354.4905334,L,-0.23033599999999999,0.033916,1.147532,-8.4,-191.59000000000003,-69.51,0
1786849354.492533,L,-0.007076,-0.139324,0.941352,65.03,-196.00000000000003,-68.88000000000001,0
1786849354.4935331,L,0.24156,-0.254736,0.83814,64.19000000000001,-133.77,-50.75000000000001,0
1786849354.5035164,L,0.23912,-0.12322,0.905972,23.8,-54.81,-31.430000000000003,0
1786849354.516036,R,-0.420656,-0.7424919999999999,-1.406172,68.32000000000001,62.370000000000005,251.02,0
1786849354.5200863,L,0.22082,0.053436,0.940864,-3.7100000000000004,2.3800000000000003,-24.500000000000004,0
1786849354.5322583,R,-0.413336,-0.8252079999999999,-1.148264,119.14000000000001,99.68,87.78000000000002,0
1786849354.5332584,L,0.255712,0.189832,0.9669719999999999,3.43,3.3600000000000003,-19.250000000000004,0
1786849354.5494902,L,0.34355199999999997,0.109068,0.937692,34.720000000000006,-43.68000000000001,-7.700000000000001,0
1786849354.5635026,L,0.431392,-0.14884,1.040904,90.09,-93.59,16.87,0
1786849354.5785291,L,0.533872,-0.25742,1.064328,112.77000000000001,-104.37,35.07,0
1786849354.5935464,L,0.61366,-0.09174399999999999,1.078236,80.50000000000001,-61.11000000000001,38.43000000000001,0
1786849354.606065,R,-0.3538,-0.628788,-0.981124,169.82000000000002,87.29,-82.74000000000001,0
1786849354.6085706,L,0.598532,0.16104,1.028216,33.25,-24.990000000000002,40.6,0
1786849354.623592,L,0.6636799999999999,0.374784,0.99796,-14.910000000000002,-14.700000000000001,50.61000000000001,0
1786849354.636116,R,-0.311588,-0.136884,-1.020408,162.61,68.81,-185.29000000000002,0
1786849354.651638,R,-0.269132,0.292556,-1.129964,133.07000000000002,66.36,-204.47000000000003,0
1786849354.6536381,L,0.706136,0.343796,1.008208,-38.36000000000001,-16.87,63.63,0
1786849354.655141,L,0.633912,0.250588,1.000644,-16.17,-41.440000000000005,73.5,0
1786849354.6661623,R,-0.179584,0.203984,-0.877424,95.55000000000001,94.08000000000001,-111.23,0
1786849354.6671598,R,-0.09394,-0.063928,-0.667096,75.46000000000001,72.87,-84.42,0
1786849354.668663,L,0.51118,0.158112,1.017236,11.48,-59.92000000000001,65.80000000000001,0
1786849354.6836874,L,0.454328,0.051484,1.125084,23.310000000000002,-53.760000000000005,52.57000000000001,0
1786849354.696217,R,0.116144,-0.336232,-0.6156119999999999,1.61,32.13,-101.64000000000001,0
1786849354.6987216,L,0.48287599999999997,0.060268,1.264896,4.2700000000000005,-26.740000000000002,23.94,0
1786849354.710743,R,0.169092,-0.19519999999999998,-0.881084,-35.42,27.51,-124.81000000000002,0
1786849354.711743,R,0.277916,-0.0075639999999999995,-1.208044,-51.38,57.470000000000006,-121.03000000000002,0
1786849354.7407913,R,0.48312,-0.014884,-1.1302079999999999,-1.1900000000000002,126.28000000000002,-62.720000000000006,0
1786849354.7437904,L,0.5551,0.304024,1.353224,-10.71,-3.22,0.9100000000000001,0
1786849354.7452948,L,0.543144,0.42309599999999997,1.240496,4.550000000000001,-17.360000000000003,-8.75,0
1786849354.7463,L,0.490684,0.337208,1.098488,28.910000000000004,-69.51,-25.69,0
1786849354.7588184,L,0.46067199999999997,0.250344,1.103856,31.430000000000003,-113.61000000000001,-33.25,0
1786849354.7738404,L,0.414556,0.269132,1.168028,5.8100000000000005,-115.92000000000002,-29.680000000000003,0
1786849354.7888649,L,0.43163599999999996,0.311588,1.26026,-25.060000000000002,-99.12,-17.85,0
1786849354.8008838,R,0.688812,0.19056399999999998,-0.9581879999999999,-67.2,94.15,-65.52000000000001,0
1786849354.801884,R,0.655384,0.228628,-0.9459879999999999,-4.2700000000000005,100.59,-10.290000000000001,0
1786849354.8038843,L,0.525576,0.271084,1.24562,-40.32000000000001,-93.24000000000001,-9.38,0
1786849354.819915,L,0.551928,0.234728,1.161684,-19.810000000000002,-117.53000000000002,4.0600000000000005,0
1786849354.8334575,L,0.502396,0.23277599999999998,1.193892,31.570000000000004,-147.70000000000002,13.930000000000001,0
1786849354.8461368,R,0.617808,0.122732,-0.8954799999999999,1.33,76.09,15.120000000000001,0
1786849354.8486397,L,0.512644,0.255224,1.157048,58.870000000000005,-172.69000000000003,24.71,0
1786849354.8636549,L,0.5380199999999999,0.24204799999999999,1.0328519999999999,41.02,-168.63000000000002,44.31,0
1786849354.8786786,L,0.552172,0.165188,0.972584,8.47,-163.17000000000002,59.43000000000001,0
1786849354.890695,R,0.618296,-0.058316,-0.85156,-18.41,53.900000000000006,16.94,0
1786849354.8916981,R,0.593652,-0.019275999999999998,-0.9803919999999999,-59.50000000000001,53.13,-6.16,0
1786849354.893696,L,0.583404,0.106628,0.944524,-19.950000000000003,-154.91000000000003,65.17,0
1786849354.9062197,R,0.612928,0.110288,-1.166808,-67.83000000000001,63.21000000000001,-6.580000000000001,0
1786849354.9072201,R,0.650748,0.134444,-1.2505,-39.900000000000006,79.24000000000001,24.290000000000003,0
1786849354.9097266,L,0.612196,0.10052799999999999,0.998692,-24.570000000000004,-151.83,61.67000000000001,0
1786849354.9207408,R,0.678564,0.0017079999999999999,-1.21146,-9.38,76.09,38.43000000000001,0
1786849354.9237428,L,0.591944,0.13663999999999998,1.03212,9.170000000000002,-163.52,50.89000000000001,0
1786849354.9387693,L,0.634644,0.18934399999999998,0.9545279999999999,43.470000000000006,-196.56000000000003,49.84,0
1786849354.9507856,R,0.713944,-0.204472,-1.178764,0.8400000000000001,61.67000000000001,11.200000000000001,0
1786849354.966311,R,0.61366,-0.022203999999999998,-1.199992,-13.580000000000002,143.5,-59.71000000000001,0
1786849354.967311,R,0.678564,-0.049776,-1.0955599999999999,-6.370000000000001,156.10000000000002,-36.050000000000004,0
1786849354.968814,L,0.5958479999999999,0.082472,0.744932,49.77,-222.39000000000001,46.410000000000004,0
1786849354.9698184,L,0.589016,-0.030255999999999998,0.61366,26.46,-240.10000000000002,42.35,0
1786849354.9808342,R,0.7015,-0.08295999999999999,-1.058472,-11.06,168.63000000000002,-44.03,0
1786849354.983835,L,0.619028,0.002928,0.6834439999999999,-5.250000000000001,-233.45000000000002,33.53,0
1786849354.998859,L,0.596336,0.119072,0.787388,-15.330000000000002,-215.39000000000001,18.340000000000003,0
1786849355.0138774,L,0.629764,0.187636,0.792512,12.180000000000001,-224.77,-0.28,0
1786849355.0289006,L,0.622444,0.119072,0.654408,51.870000000000005,-264.25,-2.5200000000000005,0
1786849355.0409172,R,0.556808,0.120292,-0.905484,-64.75,212.66000000000003,-49.63,0
1786849355.0439184,L,0.626104,0.018056,0.479216,65.03,-302.47,14.000000000000002,0
1786849355.058941,L,0.62342,-0.063684,0.346968,44.17,-302.47,30.730000000000004,0
1786849355.0739574,L,0.629276,-0.091256,0.258152,5.53,-265.79,33.6,0
1786849355.088982,L,0.683688,-0.013908,0.368684,-24.080000000000002,-218.96,30.380000000000003,0
1786849355.1012366,R,0.55388,0.26596,-0.912316,-68.74000000000001,238.28000000000003,-28.42,0
1786849355.104236,L,0.636108,0.01586,0.34355199999999997,-17.150000000000002,-197.19000000000003,23.1,0
1786849355.1164384,R,0.606096,0.308904,-0.882792,-66.92,263.62,-5.11,0
1786849355.1189427,L,0.637328,-0.024156,0.060511999999999996,24.01,-228.90000000000003,27.37,0
1786849355.133962,L,0.620736,-0.15738,-0.175192,22.680000000000003,-251.44000000000003,50.75000000000001,0
1786849355.146482,R,0.626592,0.235704,-0.7659159999999999,-53.620000000000005,284.69000000000005,8.47,0
1786849355.147483,R,0.620248,0.14396,-0.584624,-53.480000000000004,287.21000000000004,-2.31,0
1786849355.1489868,L,0.521184,-0.2013,-0.260836,-6.86,-249.06000000000003,77.7,0
1786849355.1614354,R,0.592676,0.133468,-0.460184,-67.69000000000001,277.83000000000004,-18.48,0
1786849355.1634347,L,0.51728,-0.18812399999999999,-0.324032,-23.590000000000003,-229.11,87.15,0
1786849355.1790416,L,0.628788,-0.14713199999999999,-0.338672,8.4,-206.99,81.13000000000001,0
1786849355.1912255,R,0.5909679999999999,0.10760399999999999,-0.374784,-59.220000000000006,258.51000000000005,-29.680000000000003,0
1786849355.194225,L,0.675392,-0.023912,-0.568276,49.42,-187.18,79.52000000000001,0
1786849355.2063618,R,0.698816,0.157624,-0.39527999999999996,-60.550000000000004,238.98000000000002,-47.6,0
1786849355.2088645,L,0.577792,-0.150304,-0.9250039999999999,40.95,-144.97000000000003,77.07000000000001,0
1786849355.2238848,L,0.498004,-0.335012,-1.098976,9.31,-93.94000000000001,67.48,0
1786849355.2374084,R,0.697596,0.309392,-0.501908,-34.580000000000005,223.02,-38.85,0
1786849355.2389112,L,0.456036,-0.357216,-1.1204479999999999,-14.63,-41.790000000000006,49.00000000000001,0
1786849355.2509289,R,0.549488,0.213256,-0.361852,5.32,295.40000000000003,-11.200000000000001,0
1786849355.253929,L,0.454084,-0.32256799999999997,-1.184132,-20.720000000000002,6.580000000000001,32.34,0
1786849355.2689528,L,0.398208,-0.373076,-1.221708,-22.750000000000004,50.260000000000005,32.760000000000005,0
1786849355.2809756,R,0.515572,0.218868,0.037332,-61.74000000000001,300.44000000000005,-84.21000000000001,0
1786849355.2839754,L,0.366,-0.3782,-1.131184,-29.330000000000002,72.52000000000001,33.46,0
1786849355.2990112,L,0.353068,-0.326228,-1.069208,-29.120000000000005,78.96000000000001,31.290000000000003,0
1786849355.311239,R,0.42944,0.405528,0.133712,-69.02000000000001,325.01000000000005,-70.0,0
1786849355.3142378,L,0.351848,-0.2501,-1.012844,-33.11000000000001,82.53,32.550000000000004,0
1786849355.3295512,L,0.354532,-0.23863199999999998,-0.934032,-54.39000000000001,101.78000000000002,37.03,0
1786849355.3441186,L,0.405528,-0.24448799999999998,-0.717116,-69.51,126.63000000000001,40.74,0
1786849355.358346,L,0.480192,-0.297192,-0.537288,-54.53000000000001,154.84,29.820000000000004,0
1786849355.3710494,R,0.193492,0.279136,0.6771,-47.6,351.12000000000006,-35.63,0
1786849355.3720498,R,0.117364,0.206668,0.954772,-45.85,313.25000000000006,-33.81,0
1786849355.3740492,L,0.537532,-0.311344,-0.36844,-16.03,182.63000000000002,13.23,0
1786849355.386536,R,0.10248,0.291092,1.1375279999999999,-43.75000000000001,266.77000000000004,-35.56,0
1786849355.3890388,L,0.709796,-0.134932,-0.137128,-9.450000000000001,211.40000000000003,8.47,0
1786849355.404096,L,0.775676,0.020984,-0.037332,-26.950000000000003,280.28000000000003,10.080000000000002,0
1786849355.4192095,L,0.76006,-0.069052,0.106628,-32.620000000000005,334.25000000000006,17.64,0
1786849355.4333918,L,0.6451359999999999,-0.28499199999999997,0.211304,-17.78,348.67,16.8,0
1786849355.4490635,L,0.607072,-0.415288,0.328424,-16.240000000000002,324.24,7.210000000000001,0
1786849355.4612272,R,0.079788,0.440664,1.249524,-38.290000000000006,230.16000000000003,-27.300000000000004,0
1786849355.4642282,L,0.678808,-0.18226799999999999,0.48897599999999997,-33.32,267.89000000000004,9.940000000000001,0
1786849355.479245,L,0.850584,-0.08052,0.779824,-13.3,204.54000000000002,13.860000000000001,0
1786849355.4937434,L,1.038464,0.02196,1.20048,45.43000000000001,169.61,-4.2,0
1786849355.5064578,R,0.015127999999999999,0.443836,1.438868,-41.650000000000006,203.84000000000003,-6.510000000000001,0
1786849355.507458,R,-0.182512,0.238876,1.695068,-27.790000000000003,-11.760000000000002,13.790000000000001,0
1786849355.5084581,L,1.1228879999999999,-0.103944,1.317356,58.52,162.05,-21.14,0
1786849355.5242443,L,1.05408,-0.275232,1.310036,8.33,148.05,-29.19,0
1786849355.5390995,L,1.076284,-0.318664,1.260748,-46.550000000000004,124.11000000000001,-26.110000000000003,0
1786849355.5540361,L,1.1712,-0.138104,1.372744,-95.9,102.48,-3.99,0
1786849355.5684853,L,1.266848,0.024888,1.8116999999999999,-47.53,63.42000000000001,12.950000000000001,0
1786849355.5826826,R,-0.12834399999999999,0.1891,1.51158,-22.96,-72.66000000000001,0.28,0
1786849355.5836835,L,1.307108,0.014884,1.7253239999999999,42.28,-0.35000000000000003,8.05,0
1786849355.599242,L,1.2383,-0.1037,1.342732,5.880000000000001,-25.62,7.3500000000000005,0
1786849355.61239,R,-0.10174799999999999,0.15420799999999998,1.36152,-13.790000000000001,-117.04,-22.680000000000003,0
1786849355.6133907,L,1.182424,-0.16104,1.077992,-44.660000000000004,-60.06,0.21000000000000002,0
1786849355.628033,L,1.165344,-0.16591999999999998,0.9333,-45.010000000000005,-105.63000000000001,-9.450000000000001,0
1786849355.6413014,R,-0.06222,0.157136,1.192428,0.07,-179.27,-57.82000000000001,0
1786849355.642301,R,0.17055599999999999,0.240828,0.781288,-10.920000000000002,-246.19000000000003,-59.99000000000001,0
1786849355.6433015,L,1.171932,-0.147376,0.839604,-45.36000000000001,-124.88000000000001,-15.05,0
1786849355.6590347,L,1.190232,-0.119804,0.947452,-37.1,-126.98000000000002,-20.44,0
1786849355.6742115,L,1.132404,-0.063684,0.9694119999999999,-17.080000000000002,-134.26000000000002,-26.880000000000003,0
1786849355.688333,L,1.049688,-0.0183,0.7671359999999999,-5.880000000000001,-158.69000000000003,-30.730000000000004,0
1786849355.703443,L,0.97722,-0.052948,0.568276,-18.76,-189.21,-34.02,0
1786849355.716362,R,0.249368,0.236436,0.715164,-3.22,-283.15000000000003,-70.49000000000001,0
1786849355.717363,R,0.40138,0.305,0.515084,13.160000000000002,-331.31000000000006,-78.47000000000001,0
1786849355.718362,L,0.976488,-0.092964,0.459696,-34.86000000000001,-206.85000000000002,-30.660000000000004,0
1786849355.73109,R,0.704916,0.701012,-0.24448799999999998,104.16000000000001,-371.49,24.500000000000004,0
1786849355.7320905,R,1.084824,0.382104,-1.6047879999999999,49.980000000000004,-342.09000000000003,105.98,0
1786849355.7340896,L,1.004548,-0.111508,0.46238,-45.010000000000005,-198.03000000000003,-20.020000000000003,0
1786849355.746462,R,1.068476,0.158356,-1.833172,-14.63,-232.40000000000003,69.65,0
1786849355.7484639,L,1.070916,-0.068076,0.6365959999999999,-30.310000000000002,-182.07000000000002,-19.32,0
1786849355.7636704,L,1.050908,0.020007999999999998,0.60268,0.35000000000000003,-188.93,-25.060000000000002,0
1786849355.779263,L,0.957456,0.075152,0.41358,-14.070000000000002,-213.99,-21.42,0
1786849355.7933967,L,0.8891359999999999,0.090768,0.272304,-40.95,-239.89000000000001,-17.360000000000003,0
1786849355.8085155,L,0.8337479999999999,0.077592,0.177144,-52.71000000000001,-256.69,-13.580000000000002,0
1786849355.8235805,L,0.873764,0.113948,0.217892,-52.290000000000006,-246.54000000000002,-2.24,0
1786849355.8383172,L,0.913048,0.093696,0.35136,-32.410000000000004,-231.98000000000002,2.5900000000000003,0
1786849355.8535745,L,0.8784,0.143716,0.37576,-4.2,-242.69000000000003,-1.8200000000000003,0
1786849355.8680942,L,0.783728,0.1464,0.115412,7.98,-263.20000000000005,5.250000000000001,0
1786849355.8832705,L,0.6771,0.123708,-0.08784,-13.23,-273.98,23.660000000000004,0
1786849355.8984842,L,0.575352,0.10760399999999999,-0.305,-45.57000000000001,-255.57000000000002,42.77,0
1786849355.9136305,L,0.531432,0.072224,-0.276208,-46.900000000000006,-234.71000000000004,51.38,0
1786849355.9285424,L,0.530212,0.031964,-0.32939999999999997,-18.48,-234.01000000000002,47.53,0
1786849355.9412165,R,1.4198359999999999,0.61976,-1.192184,-29.750000000000004,105.84,-37.870000000000005,0
1786849355.9442132,L,0.517524,0.097356,-0.485804,1.6800000000000002,-230.3,42.49,0
1786849355.9736671,L,0.438712,0.120048,-0.7424919999999999,6.720000000000001,-211.82000000000002,48.86000000000001,0
1786849355.9751692,L,0.356728,0.049288,-0.901336,-2.1,-170.52,59.36000000000001,0
1786849355.988337,L,0.264252,-0.067832,-0.974536,-3.0100000000000002,-129.08,62.160000000000004,0
1786849356.0015175,R,1.111664,0.528992,-0.670024,-37.1,133.14000000000001,-25.76,0
1786849356.0025177,R,1.047004,0.518988,-0.604876,-52.150000000000006,142.87,-12.530000000000001,0
1786849356.0035188,L,0.211792,-0.07417599999999999,-0.997472,-1.05,-92.26,62.02,0
1786849356.0160408,R,1.066524,0.525332,-0.646356,-58.17000000000001,153.86,-0.8400000000000001,0
1786849356.0180411,L,0.31842,-0.056364,-0.999668,12.950000000000001,-65.94000000000001,48.300000000000004,0
1786849356.0336406,L,0.40089199999999997,0.019032,-1.024312,29.26,-52.50000000000001,25.130000000000003,0
1786849356.048566,L,0.405528,0.00976,-1.0931199999999999,30.310000000000002,-38.080000000000005,5.670000000000001,0
1786849356.0642345,L,0.379664,-0.138592,-1.13094,27.44,-15.260000000000002,-15.05,0
1786849356.0951288,L,0.365512,-0.200812,-1.01504,11.760000000000002,8.89,-23.17,0
1786849356.0961325,L,0.394304,-0.128588,-0.801296,4.9,25.480000000000004,-17.5,0
1786849356.10923,L,0.502152,-0.10174799999999999,-0.6575799999999999,14.280000000000001,29.540000000000003,-4.760000000000001,0
1786849356.1234493,L,0.560468,-0.118828,-0.643672,21.770000000000003,35.35,0.49000000000000005,0
1786849356.1377792,L,0.626348,-0.111508,-0.678076,20.020000000000003,46.2,-0.49000000000000005,0
1786849356.1536252,L,0.72224,-0.112972,-0.640988,10.71,63.07000000000001,-4.760000000000001,0
1786849356.1691294,L,0.794708,-0.119072,-0.50508,9.590000000000002,69.02000000000001,-10.64,0
1786849356.1841836,L,0.834236,-0.121268,-0.475068,14.070000000000002,63.42000000000001,-15.890000000000002,0
1786849356.1984272,L,0.882548,-0.120536,-0.420656,7.07,55.02,-14.280000000000001,0
1786849356.2133365,L,0.932568,-0.104432,-0.36844,5.8100000000000005,42.28,-14.21,0
1786849356.2265294,R,0.9101199999999999,0.16713999999999998,-0.158112,-45.010000000000005,197.89000000000001,22.470000000000002,0
1786849356.227529,R,0.901336,0.19641999999999998,-0.163236,-61.11000000000001,189.21,3.2900000000000005,0
1786849356.2295287,L,0.970876,-0.08881599999999999,-0.366244,4.2,32.410000000000004,-8.610000000000001,0
1786849356.2411401,R,1.002596,0.30256,-0.301096,-70.49000000000001,198.45000000000002,-1.9600000000000002,0
1786849356.2441413,L,1.009184,-0.11053199999999999,-0.361608,-0.42000000000000004,32.970000000000006,-3.43,0
1786849356.258058,L,0.96868,-0.139568,-0.410896,3.9200000000000004,36.120000000000005,-0.77,0
1786849356.2715805,R,1.03822,0.363804,-0.44286,-69.86000000000001,221.62000000000003,13.930000000000001,0
1786849356.2725806,R,0.914268,0.23863199999999998,-0.280844,-53.13,258.16,36.400000000000006,0
1786849356.2735808,L,0.892552,-0.167384,-0.45945199999999997,1.61,44.730000000000004,0.07,0
1786849356.2885394,L,0.82106,-0.138104,-0.493856,2.0300000000000002,52.150000000000006,-0.77,0
1786849356.3185875,L,0.765184,-0.112728,-0.498736,4.760000000000001,52.43000000000001,-0.28,0
1786849356.3216026,L,0.7381,-0.14249599999999998,-0.537044,12.32,47.11000000000001,1.33,0
1786849356.3336196,L,0.727364,-0.18788,-0.515328,7.910000000000001,47.81,3.99,0
1786849356.3462746,R,0.104432,-0.001952,0.993812,-38.290000000000006,223.93000000000004,19.6,0
1786849356.348275,L,0.71614,-0.207156,-0.5307,3.7100000000000004,52.080000000000005,5.32,0
1786849356.363573,L,0.755424,-0.177144,-0.49898,-4.2700000000000005,64.26,5.040000000000001,0
1786849356.3782809,L,0.867176,-0.123464,-0.362828,5.11,72.31,-7.000000000000001,0
1786849356.3936062,L,0.941352,-0.088328,-0.332816,14.350000000000001,74.06,-17.92,0
1786849356.4083357,L,0.929152,-0.146644,-0.325252,16.03,64.82000000000001,-21.000000000000004,0
1786849356.423423,L,0.9125599999999999,-0.188368,-0.282064,9.590000000000002,51.17,-20.720000000000002,0
1786849356.4379601,L,0.914512,-0.191296,-0.249856,4.48,41.86000000000001,-16.66,0
1786849356.4541936,L,0.9113399999999999,-0.165188,-0.258152,-3.22,40.18000000000001,-10.080000000000002,0
1786849356.469201,L,0.905972,-0.155184,-0.249368,-4.62,41.230000000000004,-6.65,0
1786849356.4835446,L,0.902312,-0.111752,-0.252052,-4.0600000000000005,39.27,-2.5200000000000005,0
1786849356.4992611,L,0.888404,-0.125172,-0.292556,-2.31,35.42,2.7300000000000004,0
1786849356.5115452,R,-0.095648,0.0549,1.474736,21.630000000000003,72.73,38.85,0
1786849356.5125453,R,-0.048556,0.035136,1.365912,-0.77,41.230000000000004,22.330000000000002,0
1786849356.5135458,L,0.870104,-0.150792,-0.309148,-3.6400000000000006,32.830000000000005,6.23,0
1786849356.5260398,R,-0.012444,0.017568,1.25294,-7.000000000000001,20.650000000000002,7.7700000000000005,0
1786849356.5290394,L,0.85644,-0.16104,-0.349408,-6.930000000000001,34.720000000000006,8.540000000000001,0
1786849356.5433388,L,0.8547319999999999,-0.17055599999999999,-0.338672,-6.23,40.25000000000001,10.850000000000001,0
1786849356.5590594,L,0.9189039999999999,-0.163724,-0.294508,2.7300000000000004,46.34,6.510000000000001,0
1786849356.5723116,R,0.733464,0.325252,0.56242,15.890000000000002,-79.87,6.16,1
1786849356.573311,L,0.960384,-0.129808,-0.304512,2.5200000000000005,49.980000000000004,4.83,1
1786849356.5879226,L,0.974536,-0.12688,-0.281088,1.9600000000000002,46.27,3.1500000000000004,1
1786849356.6010056,R,0.72224,0.303048,0.610976,13.370000000000001,-57.89000000000001,21.910000000000004,1
1786849356.6020072,R,0.6810039999999999,0.225212,0.704916,8.47,-43.96,22.26,1
1786849356.6035116,L,0.9816119999999999,-0.116144,-0.262056,0.9800000000000001,38.150000000000006,4.550000000000001,1
1786849356.6163843,R,0.6414759999999999,0.175436,0.778116,3.7800000000000002,-39.550000000000004,14.280000000000001,1
1786849356.6173842,R,0.612684,0.14127599999999998,0.791048,8.540000000000001,-51.31,3.43,1
1786849356.6183841,L,0.996984,-0.132004,-0.253516,2.1700000000000004,28.980000000000004,8.89,1
1786849356.6313696,R,0.536068,0.230824,0.7278519999999999,13.23,-75.53,-15.330000000000002,1
1786849356.6333704,L,1.02724,-0.177876,-0.24912399999999998,3.3600000000000003,24.220000000000002,13.370000000000001,1
1786849356.6474454,R,0.731756,0.273524,0.5246,8.120000000000001,-22.400000000000002,-14.63,1
1786849356.6484454,L,1.087508,-0.210816,-0.224724,2.45,23.87,14.980000000000002,1
1786849356.6642623,L,1.140456,-0.22936,-0.20691199999999998,1.4000000000000001,22.680000000000003,13.23,1
1786849356.679072,L,1.161928,-0.224968,-0.202764,0.9800000000000001,17.78,10.920000000000002,1
1786849356.6942775,L,1.142652,-0.219356,-0.212036,0.14,7.420000000000001,8.540000000000001,1
1786849356.7091954,L,1.105808,-0.221308,-0.228628,-1.4700000000000002,-3.7800000000000002,7.490000000000001,1
1786849356.7233562,L,1.082628,-0.238144,-0.246928,-1.6800000000000002,-10.920000000000002,7.210000000000001,1
1786849356.7389407,L,1.06384,-0.266692,-0.275964,-1.8200000000000003,-13.3,6.23,1
1786849356.7519622,R,0.711016,0.24034,0.58316,2.5200000000000005,-21.000000000000004,-24.01,1
1786849356.7539628,L,1.054324,-0.281576,-0.282796,-3.9200000000000004,-11.48,3.1500000000000004,1
1786849356.7674837,R,0.725656,0.27572,0.581452,2.7300000000000004,-25.970000000000002,-34.230000000000004,1
1786849356.768987,L,1.0328519999999999,-0.280844,-0.28621199999999997,-3.2900000000000005,-10.500000000000002,0.9800000000000001,1
1786849356.7840059,L,0.9891759999999999,-0.272548,-0.30963599999999997,-4.2700000000000005,-11.48,-3.08,1
1786849356.7990346,L,0.923052,-0.281576,-0.355996,-6.0200000000000005,-13.020000000000001,-3.9200000000000004,1
1786849356.8112705,R,0.868152,0.354776,0.500688,5.390000000000001,-29.610000000000003,-25.270000000000003,1
1786849356.8152702,L,0.8583919999999999,-0.290848,-0.394792,-7.000000000000001,-11.760000000000002,-2.5900000000000003,1
1786849356.8275008,R,0.882304,0.345016,0.48068,12.740000000000002,-29.330000000000002,-19.880000000000003,1
1786849356.8290043,L,0.8078839999999999,-0.301096,-0.401624,-10.22,-6.720000000000001,1.2600000000000002,1
1786849356.8411338,R,0.881572,0.324764,0.471652,13.72,-24.430000000000003,-20.650000000000002,1
1786849356.8441346,L,0.786168,-0.307684,-0.386008,-9.870000000000001,-3.43,5.180000000000001,1
1786849356.8588405,L,0.786412,-0.31232,-0.393084,-5.53,-2.5200000000000005,7.280000000000001,1
1786849356.873863,L,0.8264279999999999,-0.30475599999999997,-0.39894,-3.5000000000000004,1.33,6.720000000000001,1
1786849356.8888915,L,0.836432,-0.2867,-0.427732,-1.1900000000000002,6.65,2.8000000000000003,1
1786849356.9009123,R,0.895236,0.346968,0.4575,8.82,-16.03,-31.780000000000005,1
1786849356.9039116,L,0.823744,-0.267912,-0.434564,-2.3800000000000003,13.440000000000001,1.8200000000000003,1
1786849356.918936,L,0.810568,-0.2867,-0.419436,-3.7100000000000004,21.630000000000003,1.8900000000000001,1
1786849356.9309535,R,0.9211,0.427244,0.432612,2.66,-6.0200000000000005,-38.85,1
1786849356.936462,L,0.7991,-0.310856,-0.39283999999999997,-3.7100000000000004,30.310000000000002,3.5000000000000004,1
1786849356.9463882,R,0.941596,0.504104,0.435052,-4.48,4.2700000000000005,-36.89,1
1786849356.9488914,L,0.795196,-0.319152,-0.352092,-2.1,35.07,4.340000000000001,1
1786849356.9609096,R,0.9545279999999999,0.534604,0.457988,-4.130000000000001,10.15,-28.35,1
1786849356.9639091,L,0.808128,-0.29646,-0.343308,-0.14,31.710000000000004,1.12,1
1786849356.9939516,L,0.8357,-0.290848,-0.31646799999999997,3.3600000000000003,25.970000000000002,-2.24,1
1786849356.9939516,L,0.843264,-0.29524,-0.309392,6.510000000000001,19.880000000000003,-6.65,1
1786849357.0074735,R,0.754204,0.53436,0.555344,-4.83,22.19,9.66,1
1786849357.0089774,L,0.831796,-0.294752,-0.300364,7.3500000000000005,18.900000000000002,-9.24,1
1786849357.0239952,L,0.813252,-0.291092,-0.286944,7.420000000000001,22.12,-10.010000000000002,1
1786849357.039167,L,0.803492,-0.295972,-0.271572,7.3500000000000005,27.020000000000003,-9.100000000000001,1
1786849357.0688517,L,0.823744,-0.30866,-0.250588,6.090000000000001,31.360000000000003,-5.32,1
1786849357.0698571,L,0.85278,-0.306708,-0.227408,4.83,32.690000000000005,-1.9600000000000002,1
1786849357.0808704,R,0.719556,0.477508,0.595116,-4.83,24.85,17.430000000000003,1
1786849357.08187,R,0.63196,0.37624799999999997,0.680516,-5.6000000000000005,15.47,3.43,1
1786849357.0838697,L,0.8608319999999999,-0.278648,-0.23058,3.08,31.080000000000002,-0.56,1
1786849357.113919,L,0.84668,-0.255956,-0.242292,1.4700000000000002,28.560000000000002,0.0,1
1786849357.113919,L,0.867908,-0.23546,-0.233264,2.1,25.55,-3.43,1
1786849357.1289454,L,0.820816,-0.20252,-0.214964,8.680000000000001,20.37,-7.000000000000001,1
1786849357.144009,L,0.769088,-0.23033599999999999,-0.198372,12.39,20.51,-8.96,1
1786849357.1590428,L,0.7537159999999999,-0.210084,-0.17299599999999998,9.100000000000001,23.03,-3.5000000000000004,1
1786849357.1733098,L,0.779092,-0.20813199999999998,-0.106872,5.390000000000001,31.290000000000003,3.3600000000000003,1
1786849357.1888394,L,0.825452,-0.174216,-0.044652,7.000000000000001,42.77,6.090000000000001,1
1786849357.2018554,R,0.574132,0.451156,0.655384,-1.05,1.8900000000000001,-4.970000000000001,1
1786849357.203857,L,0.844484,-0.124928,0.013176,10.22,50.190000000000005,14.63,1
1786849357.2188795,L,0.873032,-0.15128,0.028059999999999998,15.890000000000002,51.03000000000001,18.830000000000002,1
1786849357.2308986,R,0.568276,0.443104,0.658556,-1.33,-0.14,-1.1900000000000002,1
1786849357.2318988,R,0.587796,0.405528,0.695888,-5.53,5.74,-16.8,1
1786849357.2338996,L,0.8979199999999999,-0.204228,-0.026352,17.57,54.53000000000001,16.240000000000002,1
1786849357.2464724,R,0.572912,0.464088,0.6954,2.0300000000000002,-9.940000000000001,-25.970000000000002,1
1786849357.2474723,R,0.589504,0.501176,0.63562,8.610000000000001,-21.840000000000003,-24.78,1
1786849357.2489753,L,0.9455,-0.172264,-0.06222,10.780000000000001,64.75,15.05,1
1786849357.2609937,R,0.600972,0.517524,0.581452,14.980000000000002,-27.020000000000003,-16.17,1
1786849357.2639937,L,1.084336,-0.139324,-0.011467999999999999,8.120000000000001,76.37,12.110000000000001,1
1786849357.2765174,R,0.569496,0.434076,0.52582,12.600000000000001,-25.76,-9.66,1
1786849357.2790196,L,1.198772,-0.114924,0.074664,9.24,86.80000000000001,6.510000000000001,1
1786849357.291773,R,0.6329359999999999,0.455304,0.459696,2.5200000000000005,0.9800000000000001,-21.490000000000002,1
1786849357.2937744,L,1.2139,-0.129808,0.110044,9.870000000000001,87.71000000000001,5.390000000000001,1
1786849357.3089595,L,1.1733959999999999,-0.169824,0.167628,4.970000000000001,77.98,9.450000000000001,1
1786849357.3219783,R,0.591456,0.414556,0.465308,-2.5900000000000003,2.5200000000000005,-22.610000000000003,1
1786849357.3239794,L,1.152168,-0.19032,0.173728,-4.760000000000001,59.290000000000006,8.4,1
1786849357.3360665,R,0.7625,0.520452,0.400404,54.74,-56.910000000000004,-1.6800000000000002,1
1786849357.33757,R,0.797148,0.348676,0.40382,57.68000000000001,-50.190000000000005,-30.590000000000003,1
1786849357.3391297,L,1.177544,-0.152256,0.143716,-6.370000000000001,46.970000000000006,15.120000000000001,1
1786849357.3508155,R,0.803248,0.36356,0.366,49.42,-42.910000000000004,-69.93,1
1786849357.3518157,R,0.8337479999999999,0.538508,0.270596,37.660000000000004,-27.230000000000004,-89.53000000000002,1
1786849357.3538158,L,1.215608,-0.175436,0.112484,-5.180000000000001,35.28,16.59,1
1786849357.3663335,R,0.9003599999999999,0.665632,0.201544,26.46,-6.0200000000000005,-81.27000000000001,1
1786849357.3673332,R,0.966484,0.726876,0.189588,23.380000000000003,7.7700000000000005,-59.010000000000005,1
1786849357.3688364,L,1.266848,-0.198128,0.06417199999999999,-9.520000000000001,29.820000000000004,16.66,1
1786849357.3808544,R,1.027484,0.693448,0.23668,25.69,11.760000000000002,-40.74,1
1786849357.3818548,R,1.04066,0.659532,0.298412,28.140000000000004,14.63,-38.36000000000001,1
1786849357.3838573,L,1.289784,-0.190076,0.039284,-16.94,30.310000000000002,17.64,1
1786849357.3973765,R,1.0065,0.6414759999999999,0.367708,30.870000000000005,17.64,-48.510000000000005,1
1786849357.3988798,L,1.322968,-0.23741199999999998,0.010248,-21.21,31.780000000000005,15.190000000000001,1
1786849357.4108975,R,0.957944,0.658068,0.423828,26.110000000000003,14.980000000000002,-59.290000000000006,1
1786849357.4138973,L,1.217072,-0.183244,0.028059999999999998,-24.360000000000003,25.970000000000002,18.41,1
1786849357.4264185,R,0.895968,0.7093079999999999,0.44773999999999997,15.750000000000002,13.160000000000002,-62.02,1
1786849357.4289217,L,1.171444,-0.181048,0.044407999999999996,-24.01,12.950000000000001,20.51,1
1786849357.4439933,L,1.18584,-0.203008,0.06417199999999999,-21.14,-1.4700000000000002,25.900000000000002,1
1786849357.456515,R,0.872788,0.727608,0.461648,5.8100000000000005,15.400000000000002,-57.61000000000001,1
1786849357.4575171,R,0.858148,0.691496,0.447008,9.170000000000002,13.440000000000001,-53.830000000000005,1
1786849357.4590201,L,1.218048,-0.258884,0.063684,-19.32,-9.520000000000001,26.180000000000003,1
1786849357.4711607,R,0.858148,0.710284,0.41138399999999997,5.250000000000001,16.450000000000003,-55.02,1
1786849357.47416,L,1.231956,-0.2745,0.071736,-21.07,-11.9,24.71,1
1786849357.4857779,R,0.833992,0.76006,0.386252,12.46,26.740000000000002,-56.910000000000004,1
1786849357.4887824,L,1.174128,-0.274256,0.047335999999999996,-24.500000000000004,-10.57,20.3,1
1786849357.5009372,R,0.798368,0.7993439999999999,0.405284,8.75,37.1,-54.88,1
1786849357.5019374,R,0.759084,0.8103239999999999,0.42797599999999997,9.31,37.45,-52.010000000000005,1
1786849357.5039368,L,1.0931199999999999,-0.275232,0.028059999999999998,-27.790000000000003,-10.850000000000001,17.78,1
1786849357.5189629,L,1.053836,-0.283528,0.062708,-30.17,-15.96,17.360000000000003,1
1786849357.5309799,R,0.7278519999999999,0.815936,0.43968799999999997,5.390000000000001,37.38,-53.550000000000004,1
1786849357.5339794,L,1.056032,-0.27816,0.04636,-28.700000000000003,-19.880000000000003,18.41,1
1786849357.5610387,R,0.70516,0.8325279999999999,0.4575,3.1500000000000004,38.290000000000006,-54.25000000000001,1
1786849357.562039,R,0.68076,0.851316,0.468236,5.880000000000001,36.61000000000001,-51.940000000000005,1
1786849357.576136,R,0.659532,0.889868,0.468236,6.790000000000001,35.980000000000004,-42.7,1
1786849357.577137,R,0.642208,0.8547319999999999,0.5063,5.8100000000000005,32.410000000000004,-31.500000000000004,1
1786849357.579137,L,1.084336,-0.299388,0.023424,-27.860000000000003,-19.880000000000003,18.200000000000003,1
1786849357.5801733,L,1.0955599999999999,-0.284016,-0.000732,-30.660000000000004,-14.770000000000001,18.55,1
1786849357.5811725,L,1.062376,-0.273768,-0.008052,-36.120000000000005,-9.520000000000001,20.650000000000002,1
1786849357.5911913,R,0.6283,0.795928,0.515084,5.670000000000001,23.590000000000003,-26.6,1
1786849357.592191,R,0.63562,0.748592,0.492148,-1.2600000000000002,18.900000000000002,-28.42,1
1786849357.6060796,R,0.629276,0.743712,0.456524,-2.5200000000000005,16.94,-34.510000000000005,1
1786849357.6070797,R,0.6082919999999999,0.7549359999999999,0.43846799999999997,-4.130000000000001,20.160000000000004,-35.910000000000004,1
1786849357.60908,L,1.047248,-0.267668,-0.037332,-40.6,-11.690000000000001,23.310000000000002,1
1786849357.6095831,L,1.037488,-0.282796,0.001464,-39.13,-16.87,27.720000000000002,1
1786849357.622109,R,0.585112,0.783972,0.438224,-5.040000000000001,21.98,-30.800000000000004,1
1786849357.636428,R,0.567056,0.7549359999999999,0.497272,-9.590000000000002,26.110000000000003,-21.42,1
1786849357.639195,L,1.011868,-0.30963599999999997,-0.025131999999999998,-36.470000000000006,-22.540000000000003,34.790000000000006,1
1786849357.6401992,L,0.999912,-0.277184,-0.066612,-39.970000000000006,-21.000000000000004,40.25000000000001,1
1786849357.6508617,R,0.565348,0.712236,0.551196,-18.48,26.810000000000002,-19.740000000000002,1
1786849357.668891,L,1.0248,-0.251076,-0.1037,-35.7,-19.810000000000002,42.63,1
1786849357.6698954,L,1.0328519999999999,-0.25864,-0.14396,-33.53,-16.87,41.300000000000004,1
1786849357.6809113,R,0.564616,0.716384,0.602192,-20.580000000000002,25.55,-23.520000000000003,1
1786849357.68191,R,0.5687639999999999,0.749324,0.61,-22.96,19.250000000000004,-25.55,1
1786849357.6839104,L,1.039928,-0.30012,-0.11468,-37.730000000000004,-14.280000000000001,40.39,1
1786849357.7139544,L,1.037488,-0.292556,-0.089304,-34.580000000000005,-20.23,36.540000000000006,1
1786849357.726476,R,0.570472,0.768112,0.560712,-22.89,12.32,-27.51,1
1786849357.7274766,R,0.581208,0.799832,0.48287599999999997,-20.3,12.39,-25.55,1
1786849357.728979,L,1.048224,-0.319884,-0.048312,-28.140000000000004,-30.03,37.52,1
1786849357.729984,L,1.0413919999999999,-0.305488,-0.040015999999999996,-24.85,-42.35,35.0,1
1786849357.7410388,R,0.573888,0.813252,0.428708,-20.860000000000003,19.810000000000002,-18.340000000000003,1
1786849357.7440395,L,1.0413919999999999,-0.29768,-0.050996,-24.71,-51.730000000000004,30.730000000000004,1
1786849357.7557328,R,0.596824,0.764208,0.446276,-17.78,26.390000000000004,-16.17,1
1786849357.7567365,R,0.6222,0.732244,0.478728,-12.670000000000002,24.990000000000002,-22.680000000000003,1
1786849357.7592418,L,0.9821,-0.322812,-0.076372,-34.02,-56.35000000000001,30.17,1
1786849357.7717896,R,0.636108,0.724192,0.461404,-1.4000000000000001,27.090000000000003,-36.260000000000005,1
1786849357.7888134,L,0.988688,-0.376004,-0.040015999999999996,-44.31,-57.540000000000006,37.870000000000005,1
1786849357.789817,L,0.999668,-0.40748,-0.046116,-54.18000000000001,-56.28000000000001,48.650000000000006,1
1786849357.8188527,L,1.064572,-0.43602799999999997,-0.034648,-57.470000000000006,-60.830000000000005,62.02,1
1786849357.8198564,L,1.073356,-0.41358,-0.078324,-57.75000000000001,-67.06,73.08000000000001,1
1786849357.8489373,L,1.014308,-0.414556,-0.105164,-54.95,-78.19000000000001,87.08000000000001,1
1786849357.8499405,L,0.931836,-0.473848,-0.17763199999999998,-45.64000000000001,-81.41000000000001,107.17000000000002,1
1786849357.8639538,L,0.824232,-0.50264,-0.24156,-35.56,-81.48,118.02000000000001,1
1786849357.969889,L,0.698816,-0.449204,-0.329644,-24.430000000000003,-72.73,119.98000000000002,1
1786849357.9989243,L,0.532896,-0.350628,-0.458476,-4.62,-63.42000000000001,112.00000000000001,1
1786849357.9999278,L,0.389668,-0.327692,-0.488244,1.4000000000000001,-44.24,103.04,1
1786849358.0009277,L,0.260592,-0.41236,-0.530212,8.33,-25.270000000000003,84.07000000000001,1
1786849358.028932,L,0.109068,-0.507764,-0.6895439999999999,7.630000000000001,2.7300000000000004,53.620000000000005,1
1786849358.0441167,L,0.042943999999999996,-0.402844,-0.423828,-23.240000000000002,15.330000000000002,25.970000000000002,1
1786849358.0738573,L,0.098088,-0.287432,-0.200812,-35.0,9.450000000000001,10.430000000000001,1
1786849358.103901,L,0.163236,-0.29768,-0.143228,-35.49,11.97,8.47,1
1786849358.1339498,L,0.272304,-0.423584,-0.117852,-33.95,13.72,7.210000000000001,1
1786849358.1339498,L,0.464576,-0.46799199999999996,-0.118584,-45.78,30.660000000000004,7.490000000000001,1
1786849358.1389637,L,0.636352,-0.434808,-0.103212,-46.27,49.56,4.41,1
1786849358.1789238,L,0.759572,-0.362828,-0.069296,-42.980000000000004,61.88,1.7500000000000002,1
1786849358.1799285,L,0.877668,-0.346724,-0.062464,-42.14,65.10000000000001,0.49000000000000005,1
1786849358.2089608,L,0.9977159999999999,-0.384788,-0.099552,-39.27,72.03,3.08,1
1786849358.209965,L,1.059448,-0.366,-0.12444,-35.77,76.79,9.8,1
1786849358.2390034,L,1.090924,-0.295728,-0.2196,-29.120000000000005,67.13000000000001,3.22,1
1786849358.2400799,L,1.087264,-0.186416,-0.30866,-23.03,50.190000000000005,-17.150000000000002,1
1786849358.2420776,L,0.88816,-0.222772,-0.398452,-18.060000000000002,44.31,-42.84,1
1786849358.244078,L,0.7646959999999999,-0.20496,-0.387228,-10.920000000000002,44.59,-54.39000000000001,1
1786849358.2450783,L,0.6451359999999999,-0.10614,-0.437736,-3.6400000000000006,44.17,-66.85000000000001,1
1786849358.24722,L,0.495076,-0.055144,-0.462868,21.21,42.42,-94.71000000000001,1
1786849358.2492192,L,0.433832,0.132492,-0.476532,22.540000000000003,61.25000000000001,-112.70000000000002,1
1786849358.270164,L,0.33672,0.105652,-0.49946799999999997,27.160000000000004,94.36000000000001,-126.70000000000002,1
1786849358.2711604,L,0.258396,0.089304,-0.41114,29.820000000000004,129.71,-157.29000000000002,1
1786849358.2721603,L,0.183732,0.229848,-0.30963599999999997,33.46,161.98000000000002,-199.64000000000001,1
1786849358.2741601,L,0.23155599999999998,0.551196,-0.174948,45.150000000000006,183.05,-243.67000000000002,1
1786849358.2833602,L,0.13078399999999998,0.713456,-0.174704,82.04,203.56000000000003,-285.95000000000005,1
1786849358.2988923,L,-0.08784,0.804956,-0.125416,101.01,249.55,-314.09000000000003,1
1786849358.3119102,R,0.625616,0.765672,0.445788,6.44,35.56,-52.150000000000006,1
1786849358.313912,L,-0.348188,1.162416,0.057583999999999996,97.02000000000001,333.97,-334.32000000000005,1
1786849358.3274436,R,0.645624,0.84424,0.409676,4.62,48.580000000000005,-59.85000000000001,1
1786849358.3410776,R,0.614636,0.8620519999999999,0.405284,-2.7300000000000004,66.64,-53.27,1
1786849358.3440776,L,-0.657092,1.413248,0.096136,82.46000000000001,447.93000000000006,-351.61,1
1786849358.3450775,L,-1.048712,1.795108,0.388448,92.4,537.95,-402.36,1
1786849358.3591921,L,-1.3851879999999999,2.40828,0.6673399999999999,107.24000000000001,609.35,-434.91,1
1786849358.3708541,R,0.5856,0.8239879999999999,0.463844,-5.250000000000001,79.17,-42.980000000000004,1
1786849358.3718543,R,0.46799199999999996,0.801296,0.543632,-4.62,79.31,-27.720000000000002,1
1786849358.373855,L,-1.94102,2.91702,0.9569679999999999,169.61,709.3100000000001,-425.11,1
1786849358.3888798,L,-2.641788,3.376716,1.381284,200.9,841.8900000000001,-405.09000000000003,1
1786849358.433945,L,-3.491152,3.606808,1.735816,245.07000000000002,995.9600000000002,-402.08000000000004,1
1786849358.4364522,L,-5.46316,4.7082239999999995,1.794132,459.90000000000003,1149.19,-399.00000000000006,1
1786849358.4364522,L,-6.96498,5.083496,3.983788,325.71000000000004,1031.38,-276.22,1
1786849358.4465404,R,0.334524,0.7363919999999999,0.610244,-18.970000000000002,68.88000000000001,-17.01,1
1786849358.4475398,R,0.114436,0.683932,0.639524,-35.14,51.03000000000001,-4.340000000000001,1
1786849358.4490428,L,-6.67096,5.256004,4.517904,245.07000000000002,966.5600000000001,11.690000000000001,1
1786849358.461198,R,-0.0915,0.6612399999999999,0.60634,-49.56,44.17,-0.14,1
1786849358.4621987,R,-0.240584,0.610488,0.565836,-66.78,51.660000000000004,9.870000000000001,1
1786849358.4641988,L,-4.1448279999999995,5.429732,2.542236,195.58,1253.7,588.9100000000001,1
1786849358.4774897,R,-1.29808,-1.288808,-0.060756,-105.14000000000001,-690.69,393.40000000000003,1
1786849358.4789927,L,-6.4264719999999995,5.416312,1.799744,329.21000000000004,1091.8600000000001,640.2900000000001,1
1786849358.4940164,L,-6.71976,4.98004,0.3782,723.5200000000001,937.7200000000001,515.5500000000001,1
1786849358.5065367,R,-1.9546839999999999,-1.435452,-0.9323239999999999,-87.15,-809.7600000000001,450.59000000000003,1
1786849358.5212426,R,-2.7776959999999997,-2.05692,-2.2421159999999998,-171.64000000000001,-797.3000000000001,517.23,1
1786849358.5222428,R,-3.4018479999999998,-3.172488,-3.234464,-291.83000000000004,-661.5000000000001,407.12000000000006,1
1786849358.5242426,L,-7.34318,4.5232719999999995,-0.00366,487.97,874.8600000000001,412.79,1
1786849358.5252924,L,-7.684292,3.910832,0.956724,-122.85000000000001,913.57,426.09000000000003,1
1786849358.5360796,R,-4.072604,-2.731092,-3.609004,-47.46000000000001,-847.21,-69.79,1
1786849358.5380793,R,-7.994904,-3.338896,-7.994904,-120.33000000000001,-1131.69,194.32000000000002,1
1786849358.5390956,L,-7.284376,3.484076,2.910432,-463.68000000000006,665.2800000000001,435.12000000000006,1
1786849358.551243,R,-7.994904,-3.688792,-7.994904,-128.17000000000002,-794.71,-517.23,1
1786849358.5532408,R,-7.994904,-0.420168,-7.994904,-34.86000000000001,-648.5500000000001,-1015.9100000000001,1
1786849358.554241,L,-7.196536,3.915712,3.752964,-357.14000000000004,389.34000000000003,479.15000000000003,1
1786849358.566441,R,-7.994904,3.137108,-7.994904,104.86000000000001,-582.8900000000001,-1220.3100000000002,1
1786849358.5674403,R,-6.282268,6.054616,-7.994904,147.49,-524.1600000000001,-1087.8000000000002,1
1786849358.5689428,L,-7.335616,4.07236,4.25902,-199.64000000000001,315.35,572.1800000000001,1
1786849358.580964,R,-5.135712,5.021276,-7.994904,-56.980000000000004,-495.6700000000001,-703.9200000000001,1
1786849358.5819657,R,-5.07032,2.473184,-7.994904,-93.59,-235.27,-759.4300000000001,1
1786849358.5864742,L,-7.682096,4.2639,4.656984,-211.54000000000002,254.10000000000002,777.6300000000001,1
1786849358.5989895,L,-7.644276,2.965332,4.982236,-242.69000000000003,86.45,1015.3500000000001,1
1786849358.611007,R,-6.0407079999999995,1.83366,-7.994904,66.57000000000001,30.17,-1018.9900000000001,1
1786849358.6120074,R,-6.3684,2.99266,-7.918776,268.1,220.22000000000003,-1170.75,1
1786849358.6140075,L,-7.177992,1.68238,5.596384,-229.46,-53.900000000000006,1025.3600000000001,1
1786849358.6265297,R,-5.939935999999999,4.446656,-7.312924,481.88000000000005,292.53000000000003,-1073.45,1
1786849358.6275287,R,-5.113264,4.500336,-6.332776,561.82,245.49000000000004,-837.5500000000001,1
1786849358.6290317,L,-7.046964,1.299544,5.309684,52.92,-255.36,937.58,1
1786849358.6425622,R,-5.186708,3.369396,-6.044856,575.6800000000001,143.08,-671.72,1
1786849358.6435606,L,-6.282512,0.911584,4.382972,181.09,-231.49,887.5300000000001,1
1786849358.660252,L,-6.130256,0.222528,4.080412,196.91000000000003,-257.32000000000005,862.7500000000001,1
1786849358.6719067,R,-5.587844,2.555168,-6.218096,599.48,138.25,-660.73,1
1786849358.6739082,L,-5.857464,-0.08881599999999999,4.197288,206.43,-330.61,858.1300000000001,1
1786849358.7009592,R,-6.129524,2.050576,-6.4899119999999995,612.0100000000001,213.36,-811.09,1
1786849358.716478,R,-6.568236,2.5451639999999998,-6.457216,591.36,340.48,-978.95,1
1786849358.7189794,L,-5.401428,-0.512888,4.026,222.32000000000002,-363.65000000000003,819.6300000000001,1
1786849358.7339969,L,-5.15572,-0.929152,3.704164,223.23000000000002,-437.01000000000005,761.3900000000001,1
1786849358.7339969,L,-4.48594,-1.311744,3.696844,273.21000000000004,-514.6400000000001,687.4000000000001,1
1786849358.7365038,L,-3.506768,-1.86172,3.356464,387.52000000000004,-482.65000000000003,604.6600000000001,1
1786849358.7461097,R,-6.725128,3.316204,-6.1004879999999995,565.6,485.73,-1033.5500000000002,1
1786849358.7491107,L,-4.123844,-1.647488,3.610956,451.71000000000004,-502.6,653.8000000000001,1
1786849358.7608922,R,-6.07316,3.9435279999999997,-5.390448,527.94,645.6800000000001,-980.9100000000001,1
1786849358.7618914,R,-5.335792,4.1460479999999995,-4.684312,454.65000000000003,728.35,-835.59,1
1786849358.7789207,L,-3.9447479999999997,-2.145492,3.493348,280.35,-464.94000000000005,708.4000000000001,1
1786849358.7799268,L,-3.924252,-2.832596,3.178832,102.76,-444.08000000000004,685.0200000000001,1
1786849358.7939386,L,-3.295464,-3.013888,1.157292,54.25000000000001,-370.72,477.82000000000005,1
1786849358.8089645,L,-2.604944,-2.57298,0.5602239999999999,-96.11000000000001,-271.95000000000005,375.62000000000006,1
1786849358.827488,L,-2.347768,-2.323612,0.645868,-10.22,-380.8,233.8,1
1786849358.8538618,L,-2.193316,-2.143784,0.081008,35.07,-432.25000000000006,152.95000000000002,1
1786849358.8538618,L,-2.2652959999999998,-2.336056,-0.097112,38.50000000000001,-461.37000000000006,89.04,1
1786849358.868887,L,-2.075708,-2.198928,-0.62952,1.33,-491.12000000000006,22.19,1
1786849358.880905,R,-4.946124,3.426492,-3.86252,349.79,677.46,-671.7900000000001,1
1786849358.8819048,R,-4.3480799999999995,2.941176,-3.43064,333.83000000000004,683.2,-581.4200000000001,1
1786849358.9139478,L,-2.112552,-2.071316,-0.9882,-56.49,-467.25000000000006,-48.300000000000004,1
1786849358.9139478,L,-2.05936,-2.117188,-1.261236,-95.13000000000001,-412.37000000000006,-133.49,1
1786849358.9274714,R,-4.101884,2.9219,-2.989732,264.11,733.8100000000001,-548.73,1
1786849358.941052,R,-4.005504,2.9646,-2.27652,109.41000000000001,810.3900000000001,-557.69,1
1786849359.0039167,L,-1.934188,-1.947608,-1.566236,-116.9,-290.36,-216.44000000000003,1
1786849359.0174377,R,-3.784928,3.4979839999999998,-1.0474919999999999,29.820000000000004,772.1,-538.9300000000001,1
1786849359.0199454,L,-1.727276,-1.53476,-1.553548,-123.34000000000002,-84.84,-247.94000000000003,1
1786849359.0340712,L,-1.6784759999999999,-1.348344,-1.2749,-93.59,51.660000000000004,-274.82000000000005,1
1786849359.0350704,L,-1.462292,-1.078236,-0.9694119999999999,-81.2,125.30000000000001,-292.32000000000005,1
1786849359.036086,L,-0.99674,-0.718336,-0.67222,-52.57000000000001,184.8,-267.96000000000004,1
1786849359.037088,L,-0.394792,-0.598532,-0.47214,-29.120000000000005,239.19000000000003,-210.21,1
1786849359.039113,L,0.097844,-0.61732,-0.334036,-5.250000000000001,285.46000000000004,-152.95000000000002,1
1786849359.0401187,L,0.44334799999999996,-0.6095119999999999,-0.44334799999999996,0.28,385.21000000000004,-79.31,1
1786849359.0411167,L,0.392108,-0.875228,-0.038551999999999996,7.98,343.84000000000003,-45.080000000000005,1
1786849359.0491707,L,0.335012,-0.887428,0.177144,19.32,291.27000000000004,-35.42,1
1786849359.0638819,L,0.33989199999999997,-0.88816,0.270108,19.67,272.23,-16.450000000000003,1
1786849359.0764046,R,-4.075776,3.706848,-0.371612,25.55,689.2900000000001,-403.55,0
1786849359.0909288,R,-3.643896,3.898144,0.388204,19.040000000000003,460.32000000000005,-64.61,0
1786849359.0939305,L,0.333792,-0.897188,0.324764,30.870000000000005,255.22000000000003,-0.07,0
1786849359.0939305,L,0.30622,-0.963556,0.34721199999999997,31.150000000000002,235.20000000000002,8.82,0
1786849359.1064503,R,-3.98696,3.627304,0.207156,127.4,255.71000000000004,263.62,0
1786849359.1089518,L,0.233264,-1.075308,0.345748,19.040000000000003,215.39000000000001,4.2,0
1786849359.1239727,L,0.1464,-1.137284,0.322812,3.08,192.92000000000002,-16.94,0
1786849359.1389983,L,0.138592,-1.117276,0.336964,-20.580000000000002,184.8,-38.57,0
1786849359.1513593,R,-3.432104,2.877736,0.0034159999999999998,129.92000000000002,187.88000000000002,407.89000000000004,0
1786849359.1533592,L,0.165432,-1.005524,0.415532,-38.99,187.81000000000003,-52.99,0
1786849359.1688924,L,0.21594,-0.914756,0.464088,-53.970000000000006,199.01000000000002,-62.93000000000001,0
1786849359.1809142,R,-2.511736,1.8226799999999999,1.941508,44.1,311.64000000000004,416.22,0
1786849359.1819139,R,-2.10572,1.321016,2.639836,-8.33,133.84,436.59000000000003,0
1786849359.1839147,L,0.26596,-0.843752,0.49044,-63.28000000000001,206.85000000000002,-72.94000000000001,0
1786849359.196438,R,-0.239608,0.452864,1.664812,-85.82000000000001,-169.96,167.93,0
1786849359.1974373,R,-0.0060999999999999995,0.40821199999999996,1.438624,-99.75000000000001,-198.8,86.03,0
1786849359.1989398,L,0.313052,-0.8559519999999999,0.443836,-69.16000000000001,209.51000000000002,-78.89,0
1786849359.2109609,R,0.367708,0.71614,-0.192516,-28.070000000000004,-273.77000000000004,100.94000000000001,0
1786849359.2119603,R,0.357948,0.8805959999999999,-0.313052,-81.06,-220.78000000000003,22.540000000000003,0
1786849359.2139595,L,0.284748,-0.915,0.3599,-80.64000000000001,207.06000000000003,-93.17000000000002,0
1786849359.2289884,L,0.238144,-0.93208,0.338916,-94.15,201.53000000000003,-111.65,0
1786849359.2411678,R,0.39772,0.987712,-0.36697599999999997,-106.12,-202.16000000000003,7.5600000000000005,0
1786849359.2421684,R,0.432856,1.0796999999999999,-0.34282,-128.10000000000002,-168.21,-7.3500000000000005,0
1786849359.244168,L,0.207644,-0.8891359999999999,0.356728,-94.36000000000001,188.79000000000002,-131.53,0
1786849359.25891,L,0.21398799999999998,-0.84424,0.35526399999999997,-102.13000000000001,187.39000000000001,-147.28,0
1786849359.2719274,R,0.470432,1.03578,-0.04026,-138.60000000000002,-184.17000000000002,11.06,0
1786849359.2739272,L,0.25864,-0.809592,0.446276,-108.57000000000001,203.98000000000002,-163.59,0
1786849359.2889514,L,0.256932,-0.759572,0.604144,-105.98,218.61,-180.95000000000002,0
1786849359.3009703,R,0.44334799999999996,0.867908,-0.23424,-118.37,-210.56000000000003,37.24,0
1786849359.3019683,R,0.42334,0.823012,-0.275476,-128.17000000000002,-195.51000000000002,24.78,0
1786849359.3039677,L,0.223504,-0.69662,0.701744,-102.76,212.52,-195.02,0
1786849359.3174853,R,0.403088,0.867664,-0.23619199999999999,-143.92000000000002,-177.10000000000002,6.86,0
1786849359.318988,L,0.185928,-0.62098,0.685396,-114.03000000000002,200.62000000000003,-200.76000000000002,0
1786849359.331513,R,0.42822,0.905484,-0.14249599999999998,-156.52,-167.72000000000003,-2.9400000000000004,0
1786849359.332517,R,0.40626,0.914756,-0.09759999999999999,-166.81,-181.3,1.7500000000000002,0
1786849359.3335166,L,0.1586,-0.58316,0.575352,-138.39000000000001,205.24,-201.04000000000002,0
1786849359.3464973,R,0.384056,0.904996,-0.11638799999999999,-168.42000000000002,-204.96,16.240000000000002,0
1786849359.3490005,L,0.18666,-0.55022,0.52582,-165.48000000000002,241.64000000000001,-202.51000000000002,0
1786849359.3640192,L,0.273524,-0.516548,0.6600199999999999,-171.01000000000002,291.83000000000004,-208.04000000000002,0
1786849359.3765385,R,0.30963599999999997,0.915,-0.22813999999999998,-161.21,-235.83,35.77,0
1786849359.377539,R,0.29158,0.921588,-0.36356,-153.79000000000002,-253.33,51.800000000000004,0
1786849359.3940616,L,0.309148,-0.420412,0.84424,-148.89000000000001,311.36,-221.62000000000003,0
1786849359.3950615,L,0.359168,-0.322324,1.003816,-142.38000000000002,295.54,-230.09000000000003,0
1786849359.4059339,R,0.314028,0.893528,-0.471408,-151.13000000000002,-259.56,63.77,0
1786849359.4069376,R,0.323056,0.81496,-0.585844,-158.48000000000002,-266.28000000000003,73.15,0
1786849359.4089363,L,0.379664,-0.267912,1.066768,-138.39000000000001,255.92000000000002,-239.75000000000003,0
1786849359.4219162,R,0.39405999999999997,0.672952,-0.678564,-165.13000000000002,-269.71000000000004,87.78000000000002,0
1786849359.4389484,L,0.361852,-0.205936,0.985028,-145.11,220.78000000000003,-245.98000000000002,0
1786849359.440278,L,0.3538,-0.197152,0.842532,-151.62,214.69000000000003,-252.49000000000004,0
1786849359.4538908,L,0.281088,-0.16591999999999998,0.739564,-171.43,251.02,-257.18,0
1786849359.4664204,R,0.408944,0.539484,-0.744444,-167.37,-274.61,113.26,0
1786849359.4674203,R,0.427488,0.483608,-0.843752,-175.28000000000003,-276.43,115.15,0
1786849359.4689233,L,0.2013,-0.16226,0.720776,-188.79000000000002,299.18,-261.31,0
1786849359.4809468,R,0.397476,0.492392,-1.0492,-201.04000000000002,-262.36,95.9,0
1786849359.481948,R,0.386984,0.5663239999999999,-1.168028,-216.16000000000003,-234.29000000000002,61.88,0
1786849359.483947,L,0.15006,-0.080764,0.850584,-183.26000000000002,339.85,-268.1,0
1786849359.5139933,L,0.103944,0.069784,1.068964,-166.11,345.87,-262.08000000000004,0
1786849359.5139933,L,0.10052799999999999,0.226432,1.22976,-147.70000000000002,319.76000000000005,-246.33,0
1786849359.5265172,R,0.451156,0.567056,-1.076284,-208.04000000000002,-216.16000000000003,43.61000000000001,0
1786849359.5275178,R,0.506788,0.462868,-0.9088999999999999,-189.21,-227.22000000000003,77.42,0
1786849359.5290213,L,0.11712,0.242536,1.23952,-140.14000000000001,295.89000000000004,-222.53000000000003,0
1786849359.5435529,L,0.156892,0.11223999999999999,1.218292,-114.87,290.71000000000004,-221.90000000000003,0
1786849359.5562136,R,0.463356,0.32256799999999997,-0.88694,-168.42000000000002,-262.5,121.66000000000001,0
1786849359.558214,R,0.36966,0.198372,-1.029924,-153.37,-295.82000000000005,146.02,0
1786849359.5592139,L,0.14152,0.023667999999999998,1.2566,-83.65,298.62,-254.73000000000002,0
1786849359.573979,L,0.094184,0.0034159999999999998,1.29808,-72.94000000000001,306.04,-298.62,0
1786849359.589007,L,0.016592,0.062464,1.359324,-63.77,304.92,-340.90000000000003,0
1786849359.6010263,R,0.269376,0.119072,-1.27856,-173.95000000000002,-297.22,134.96,0
1786849359.602026,R,0.245952,0.147376,-1.409832,-201.39000000000001,-265.51000000000005,85.4,0
1786849359.6040263,L,-0.074664,0.299632,1.4630239999999999,-68.88000000000001,276.15000000000003,-356.79,0
1786849359.6165535,R,0.398696,0.144692,-1.334192,-197.05,-222.95000000000002,44.52,0
1786849359.617555,R,0.496784,0.14713199999999999,-1.1868159999999999,-189.00000000000003,-207.27,59.57000000000001,0
1786849359.6190584,L,-0.084424,0.47946,1.47376,-99.26,229.53000000000003,-327.67,0
1786849359.6308508,R,0.45872,0.12078,-1.191208,-189.91000000000003,-228.20000000000002,102.48,0
1786849359.6338518,L,-0.056364,0.446764,1.448384,-59.85000000000001,181.65,-293.16,0
1786849359.6463795,R,0.347456,-0.00488,-1.338096,-181.16000000000003,-252.00000000000003,139.02,0
1786849359.6473787,R,0.252296,-0.100772,-1.5208519999999999,-171.36,-258.72,134.26000000000002,0
1786849359.6488822,L,-0.034892,0.354288,1.457168,25.830000000000002,143.71,-296.24,0
1786849359.6609058,R,0.231312,-0.138592,-1.522316,-154.28,-241.01000000000002,100.03000000000002,0
1786849359.6619062,R,0.36234,-0.24888,-1.246352,-109.55000000000001,-233.8,85.89000000000001,0
1786849359.6639073,L,-0.049288,0.284504,1.46644,47.11000000000001,142.8,-314.86,0
1786849359.6764264,R,0.37332,-0.349164,-1.062132,-63.84,-258.65000000000003,105.35000000000001,0
1786849359.6774278,R,0.336476,-0.44286,-1.240252,-57.050000000000004,-290.08000000000004,115.43,0
1786849359.6789305,L,-0.10345599999999999,0.28255199999999997,1.497428,7.98,174.09,-337.96000000000004,0
1786849359.6909492,R,0.30012,-0.4819,-1.612352,-84.21000000000001,-287.98,90.51,0
1786849359.691949,R,0.315004,-0.452132,-1.807064,-96.88000000000001,-256.62,47.11000000000001,0
1786849359.693949,L,-0.17177599999999998,0.493124,1.60796,-50.120000000000005,181.44000000000003,-343.91,0
1786849359.7064672,R,0.378932,-0.434076,-1.630164,-53.27,-230.3,21.560000000000002,0
1786849359.707467,R,0.441152,-0.471896,-1.28954,36.260000000000005,-246.19000000000003,48.650000000000006,0
1786849359.70897,L,-0.12322,0.612684,1.516216,-114.38000000000001,159.88000000000002,-307.79,0
1786849359.7239869,L,-0.110288,0.59902,1.415444,-112.91000000000001,138.60000000000002,-266.84000000000003,0
1786849359.7375066,R,0.45139999999999997,-0.5206959999999999,-1.096536,124.32000000000001,-291.13000000000005,95.13000000000001,0
1786849359.7390094,L,-0.043432,0.499224,1.43594,-11.97,85.33000000000001,-260.47,0
1786849359.7510266,R,0.452132,-0.47970399999999996,-1.207556,147.91000000000003,-316.89000000000004,108.22000000000001,0
1786849359.7530265,R,0.474092,-0.399184,-1.45058,84.35000000000001,-301.21000000000004,85.33000000000001,0
1786849359.7540274,L,0.006344,0.428464,1.431304,80.29,30.660000000000004,-285.46000000000004,0
1786849359.766551,R,0.495564,-0.274988,-1.641144,-24.430000000000003,-248.29000000000002,42.63,0
1786849359.7675476,R,0.484828,-0.105652,-1.622112,-70.07000000000001,-193.83,25.76,0
1786849359.769051,L,0.035136,0.420656,1.403488,86.87,12.040000000000001,-309.05,0
1786849359.7810707,R,0.470676,-0.008296,-1.448384,-38.64,-175.77,54.39000000000001,0
1786849359.796628,R,0.45383999999999997,0.024156,-1.275876,33.53,-193.69000000000003,105.28000000000002,0
1786849359.811421,R,0.42797599999999997,-0.0053679999999999995,-1.195844,80.29,-206.36,155.19000000000003,0
1786849359.81342,L,0.038064,0.508008,1.387872,40.74,22.330000000000002,-312.48,0
1786849359.8144207,L,0.033428,0.641964,1.401292,-5.460000000000001,17.85,-289.1,0
1786849359.8265023,R,0.403088,-0.02928,-1.15656,84.56,-192.29000000000002,184.73000000000002,0
1786849359.841205,R,0.377712,-0.032452,-1.143872,66.57000000000001,-177.59,200.55,0
1786849359.856585,R,0.359412,-0.042456,-1.193404,36.190000000000005,-165.34,210.21,0
1786849359.8590903,L,0.064416,0.660264,1.2914919999999999,-26.46,-9.170000000000002,-248.92000000000002,0
1786849359.8600948,L,0.056364,0.570716,1.099708,-17.5,-25.270000000000003,-214.90000000000003,0
1786849359.8610945,L,0.039772,0.476532,0.950624,-6.44,-23.1,-200.06000000000003,0
1786849359.8650944,L,0.024399999999999998,0.43041599999999997,0.888404,-4.550000000000001,2.9400000000000004,-196.49,0
1786849359.8711843,R,0.34648,-0.04514,-1.257576,8.33,-147.70000000000002,213.22000000000003,0
1786849359.874184,L,0.006344,0.37942,0.890844,-14.14,36.75,-197.12,0
1786849359.8864477,R,0.343064,-0.102236,-1.294176,-4.69,-131.39000000000001,224.49,0
1786849359.8889513,L,-0.040015999999999996,0.40382,0.97844,-26.250000000000004,62.09,-199.08,0
1786849359.900968,R,0.312564,-0.17055599999999999,-1.3127199999999999,4.83,-123.20000000000002,242.20000000000002,0
1786849359.9039674,L,-0.03172,0.44212799999999997,1.03944,-35.63,53.550000000000004,-187.11,0
1786849359.916488,R,0.263032,-0.275476,-1.287344,25.060000000000002,-120.47000000000001,255.85000000000002,0
1786849359.9189918,L,-0.049288,0.397232,0.97722,-22.750000000000004,32.13,-168.35000000000002,0
1786849359.931011,R,0.210572,-0.362584,-1.245376,44.52,-119.91000000000001,251.93000000000004,0
1786849359.9340103,L,-0.11223999999999999,0.35526399999999997,0.881572,6.720000000000001,19.67,-163.66000000000003,0
1786849359.9465303,R,0.161528,-0.37868799999999997,-1.2275639999999999,46.970000000000006,-117.32000000000001,231.49,0
1786849359.9490337,L,-0.185684,0.31842,0.804712,32.690000000000005,24.92,-167.37,0
1786849359.961051,R,0.150548,-0.342088,-1.2805119999999999,20.720000000000002,-110.95000000000002,209.23000000000002,0
1786849359.9640503,L,-0.258152,0.282796,0.75274,41.230000000000004,49.28,-174.09,0
1786849359.976273,R,0.12322,-0.29524,-1.316624,-11.760000000000002,-102.9,196.84000000000003,0
1786849359.9792736,L,-0.33427999999999997,0.239608,0.735904,37.1,90.30000000000001,-185.43,0
1786849359.9911296,R,0.102724,-0.278892,-1.325652,-30.380000000000003,-103.04,196.63000000000002,0
1786849359.9941275,L,-0.416508,0.253272,0.824232,25.270000000000003,128.38000000000002,-195.72000000000003,0
1786849360.006721,R,0.056852,-0.275232,-1.291004,-25.270000000000003,-103.88000000000001,197.75000000000003,0
1786849360.0092254,L,-0.4636,0.46189199999999997,1.136064,-2.1,129.99,-185.29000000000002,0
1786849360.0213306,R,0.003172,-0.263032,-1.24196,5.74,-113.82000000000001,200.9,0
1786849360.0233269,L,-0.421876,0.556808,1.241472,-42.49,103.25000000000001,-151.34,0
1786849360.0362618,R,0.027816,-0.27572,-1.152168,47.6,-123.69000000000001,203.84000000000003,0
1786849360.0392635,L,-0.409432,0.513864,1.172908,-46.13,86.24000000000001,-129.57000000000002,0
1786849360.0514264,R,0.05856,-0.28426,-1.058716,81.55000000000001,-127.61000000000001,206.50000000000003,0
1786849360.0534248,L,-0.40089199999999997,0.451156,1.129232,-17.78,68.95,-137.69000000000003,0
1786849360.0664558,R,0.08662,-0.315492,-1.037244,90.93,-132.44000000000003,205.38000000000002,0
1786849360.0689578,L,-0.42675599999999997,0.450912,1.15534,14.980000000000002,51.59,-161.14000000000001,0
1786849360.0809734,R,0.135908,-0.35526399999999997,-1.040904,72.73,-123.62000000000002,192.43,0
1786849360.083974,L,-0.429684,0.541924,1.217316,35.980000000000004,29.540000000000003,-191.52,0
1786849360.0964947,R,0.17324,-0.37576,-1.02968,43.96,-110.32000000000001,172.62,0
1786849360.0989976,L,-0.400404,0.695156,1.25294,46.970000000000006,-2.45,-209.51000000000002,0
1786849360.1110134,R,0.214476,-0.38308,-1.01016,22.820000000000004,-106.54,152.60000000000002,0
1786849360.1140134,L,-0.376492,0.859368,1.240252,60.06,-46.06,-211.40000000000003,0
1786849360.1265364,R,0.24448799999999998,-0.388448,-1.007476,21.560000000000002,-112.28000000000002,132.37,0
1786849360.1290395,L,-0.313784,0.946964,1.134844,86.03,-90.72000000000001,-199.85000000000002,0
1786849360.1410577,R,0.271084,-0.413092,-1.014064,41.720000000000006,-125.79,117.11000000000001,0
1786849360.1440587,L,-0.24034,0.95404,0.9882,119.07000000000001,-128.03,-192.08,0
1786849360.156159,R,0.29304399999999997,-0.446276,-1.055056,66.57000000000001,-132.16000000000003,106.12,0
1786849360.159158,L,-0.182024,0.92842,0.818376,144.97000000000003,-155.33,-196.07000000000002,0
1786849360.1713328,R,0.328424,-0.472628,-1.086776,68.67,-112.77000000000001,94.08000000000001,0
1786849360.173333,L,-0.146644,0.903044,0.642208,150.01000000000002,-162.75000000000003,-198.17000000000002,0
1786849360.186721,R,0.352336,-0.490684,-1.121912,31.92,-73.92,81.48,0
1786849360.189223,L,-0.131028,0.885232,0.499224,134.26000000000002,-145.81,-189.49,0
1786849360.2013626,R,0.300608,-0.458964,-1.027484,-14.840000000000002,-38.080000000000005,71.33000000000001,0
1786849360.2033632,L,-0.13078399999999998,0.851316,0.39039999999999997,108.36000000000001,-110.81000000000002,-171.64000000000001,0
1786849360.2163954,R,0.281576,-0.42309599999999997,-0.95404,-24.01,-4.62,55.580000000000005,0
1786849360.2183957,L,-0.128588,0.772748,0.309148,85.54,-65.10000000000001,-151.48000000000002,0
1786849360.2316658,R,0.266204,-0.367952,-0.796416,-11.760000000000002,0.7000000000000001,37.52,0
1786849360.2336657,L,-0.12395199999999999,0.69052,0.288408,72.38000000000001,-20.790000000000003,-134.54000000000002,0
1786849360.2465243,R,0.227896,-0.294508,-0.665388,1.61,-3.7100000000000004,24.71,0
1786849360.2485235,L,-0.120292,0.602924,0.286456,64.89,11.200000000000001,-121.59000000000002,0
1786849360.261579,R,0.188856,-0.207888,-0.557784,6.580000000000001,-9.870000000000001,13.020000000000001,0
1786849360.2635803,L,-0.1281,0.517768,0.292312,60.550000000000004,33.67,-113.47000000000001,0
1786849360.2761025,R,0.14396,-0.12956399999999998,-0.455304,0.7000000000000001,-17.78,6.510000000000001,0
1786849360.2781029,L,-0.171532,0.456524,0.295972,59.99000000000001,49.7,-113.33000000000001,0
1786849360.2916243,R,0.09174399999999999,-0.064904,-0.374052,-12.88,-26.67,4.0600000000000005,0
1786849360.2936242,L,-0.23546,0.435784,0.302316,64.89,58.870000000000005,-122.50000000000001,0
1786849360.3071425,R,0.029768,-0.022203999999999998,-0.314272,-25.62,-39.550000000000004,4.62,0
1786849360.3216648,R,-0.059047999999999996,0.02684,-0.26718,-33.74,-59.010000000000005,6.510000000000001,0
1786849360.323665,L,-0.306708,0.43163599999999996,0.294508,72.52000000000001,66.15,-133.49,0
1786849360.3251677,L,-0.392596,0.45505999999999996,0.287188,82.60000000000001,76.09,-141.54000000000002,0
1786849360.3362875,R,-0.157868,0.08588799999999999,-0.24156,-46.480000000000004,-83.72000000000001,6.580000000000001,0
1786849360.339285,L,-0.46067199999999997,0.507032,0.309148,92.68,85.26,-145.74,0
1786849360.3514547,R,-0.290604,0.13176,-0.306464,-52.57000000000001,-112.00000000000001,10.15,0
1786849360.3534546,L,-0.51118,0.5612,0.35404399999999997,103.95,89.53000000000002,-141.68,0
1786849360.3661463,R,-0.446032,0.19983599999999999,-0.431148,-54.74,-138.04000000000002,21.630000000000003,0
1786849360.3681471,L,-0.550708,0.570228,0.37454,116.27000000000001,92.19000000000001,-130.41000000000003,0
1786849360.381668,R,-0.566812,0.240828,-0.507764,-55.160000000000004,-159.67000000000002,32.410000000000004,0
1786849360.3836672,L,-0.6180519999999999,0.5663239999999999,0.393572,125.58000000000001,100.94000000000001,-123.06000000000002,0
1786849360.396188,R,-0.7178479999999999,0.30134,-0.562176,-65.10000000000001,-175.14000000000001,42.77,0
1786849360.3981884,L,-0.73078,0.579988,0.42309599999999997,131.11,116.34000000000002,-126.14000000000001,0
1786849360.4117105,R,-0.894992,0.388936,-0.649284,-89.32000000000001,-187.95000000000002,57.82000000000001,0
1786849360.4137106,L,-0.855708,0.623176,0.487024,133.70000000000002,137.97000000000003,-138.74,0
1786849360.4262319,R,-1.103368,0.47702,-0.74176,-123.9,-191.94000000000003,75.81,0
1786849360.4282317,L,-0.9779519999999999,0.688568,0.581208,139.58,150.43,-153.02,0
1786849360.4412932,R,-1.326628,0.56486,-0.870592,-166.88000000000002,-193.48000000000002,94.43,0
1786849360.4442925,L,-1.11142,0.826672,0.71858,149.94000000000003,150.57000000000002,-160.65,0
1786849360.4563763,R,-1.5098719999999999,0.644648,-1.0267519999999999,-203.28000000000003,-200.83,115.43,0
1786849360.45988,L,-1.185352,0.980148,0.862784,160.51000000000002,143.57000000000002,-158.34,0
1786849360.470902,R,-1.637484,0.655628,-1.179252,-228.97000000000003,-207.62000000000003,133.84,0
1786849360.4739008,L,-1.154852,1.080188,0.99674,178.43,135.94000000000003,-147.63000000000002,0
1786849360.488423,L,-1.107272,1.143872,1.139724,193.55,125.02000000000001,-128.8,0
1786849360.5009477,R,-1.687748,0.6161,-1.332728,-229.46,-224.42000000000002,151.06,0
1786849360.501947,R,-1.6589559999999999,0.508984,-1.485716,-195.16000000000003,-245.91000000000003,172.41000000000003,0
1786849360.5039525,L,-1.005036,1.209752,1.367132,211.61,111.72000000000001,-106.75000000000001,0
1786849360.516472,R,-1.5713599999999999,0.360876,-1.6653,-147.0,-258.79,195.51000000000002,0
1786849360.518474,L,-0.88694,1.347368,1.643828,211.82000000000002,78.82000000000001,-76.09,0
1786849360.5316772,R,-1.359324,0.187392,-1.862696,-112.91000000000001,-240.03000000000003,205.31000000000003,0
1786849360.5336761,L,-0.682468,1.315404,1.764364,145.11,35.49,-15.540000000000001,0
1786849360.5461998,R,-1.098732,0.018056,-1.978108,-70.49000000000001,-146.3,170.17000000000002,0
1786849360.5481992,L,-0.573644,1.136064,1.680672,-3.7800000000000002,10.360000000000001,97.93,0
1786849360.5617187,R,-0.829844,-0.15884399999999999,-1.894172,3.9200000000000004,10.080000000000002,94.22000000000001,0
1786849360.5637186,L,-0.648308,0.891576,1.457168,-174.37,-27.230000000000004,200.76000000000002,0
1786849360.578239,R,-0.775432,-0.149572,-1.567212,90.72000000000001,149.03,16.03,0
1786849360.578239,L,-0.785924,0.72346,1.166076,-298.41,-78.54,231.91000000000003,0
1786849360.5907588,R,-0.8632719999999999,0.057583999999999996,-1.243912,136.92000000000002,221.69000000000003,-30.1,0
1786849360.593759,L,-0.9286639999999999,0.687348,0.9176839999999999,-361.34000000000003,-120.89000000000001,203.56000000000003,0
1786849360.6062808,R,-0.9333,0.244732,-1.023824,149.73000000000002,237.93000000000004,-70.98,0
1786849360.6082811,L,-1.019432,0.701012,0.748104,-354.06000000000006,-152.53,153.37,0
1786849360.6208067,R,-1.023336,0.35770399999999997,-0.85278,138.18,243.88000000000002,-113.96000000000001,0
1786849360.623807,L,-1.042368,0.721996,0.59902,-293.86,-184.52,105.84,0
1786849360.636332,R,-1.047248,0.452132,-0.687836,94.15,255.08,-138.11,0
1786849360.6383312,L,-1.0255319999999999,0.720044,0.448228,-211.82000000000002,-202.44000000000003,80.08000000000001,0
1786849360.6509073,R,-1.01016,0.48531599999999997,-0.529968,43.96,251.79000000000002,-143.5,0
1786849360.6539066,L,-0.972584,0.666364,0.301096,-138.74,-195.09000000000003,72.80000000000001,0
1786849360.6664279,R,-0.950624,0.469456,-0.396988,10.080000000000002,232.33,-129.78,0
1786849360.6684275,L,-0.8866959999999999,0.565348,0.18470799999999998,-86.94000000000001,-171.78000000000003,76.16000000000001,0
1786849360.6809459,R,-0.855708,0.421632,-0.31232,-11.410000000000002,197.89000000000001,-104.93,0
1786849360.6839461,L,-0.799832,0.455548,0.08881599999999999,-48.300000000000004,-141.68,74.27000000000001,0
1786849360.6964686,R,-0.761524,0.370148,-0.242292,-10.360000000000001,159.32000000000002,-84.35000000000001,0
1786849360.6984692,L,-0.693936,0.353312,0.017568,-25.62,-106.89000000000001,67.55000000000001,0
1786849360.7109873,R,-0.670512,0.293288,-0.211304,-5.040000000000001,112.42000000000002,-66.01,0
1786849360.7139876,L,-0.576084,0.2562,-0.029523999999999998,-12.88,-70.56,56.980000000000004,0
1786849360.7265108,R,-0.58194,0.244732,-0.194956,1.61,78.4,-60.27,0
1786849360.7285106,L,-0.481412,0.195688,-0.056119999999999996,-3.8500000000000005,-34.650000000000006,45.36000000000001,0
1786849360.74103,R,-0.528504,0.227896,-0.205204,7.700000000000001,51.03000000000001,-63.980000000000004,0
1786849360.744069,L,-0.411628,0.157136,-0.073688,-0.9100000000000001,2.7300000000000004,33.53,0
1786849360.7563603,R,-0.51118,0.273768,-0.243512,11.200000000000001,29.610000000000003,-71.89,0
1786849360.7583601,L,-0.376492,0.16006399999999998,-0.061,-4.62,38.85,24.500000000000004,0
1786849360.770879,R,-0.496784,0.329156,-0.291092,10.920000000000002,11.690000000000001,-79.31,0
1786849360.7738793,L,-0.350628,0.18056,-0.029523999999999998,-11.200000000000001,76.09,14.420000000000002,0
1786849360.7863991,R,-0.509228,0.385276,-0.338184,8.4,0.0,-80.92,0
1786849360.7883985,L,-0.368684,0.2196,0.02684,-13.020000000000001,107.80000000000001,5.8100000000000005,0
1786849360.8009202,R,-0.543632,0.454572,-0.41236,1.4000000000000001,-6.580000000000001,-76.93,0
1786849360.8039207,L,-0.414556,0.266936,0.102968,-9.590000000000002,135.24,-1.33,0
1786849360.816442,R,-0.561932,0.51118,-0.454084,-6.370000000000001,-10.780000000000001,-71.12,0
1786849360.8184416,L,-0.47336,0.32696,0.166408,-0.7000000000000001,154.14000000000001,-7.420000000000001,0
1786849360.8309603,R,-0.59414,0.56242,-0.510936,-15.750000000000002,-15.260000000000002,-62.02,0
1786849360.8344674,L,-0.534848,0.389912,0.225212,11.410000000000002,169.12,-14.280000000000001,0
1786849360.8465958,R,-0.61732,0.606096,-0.550952,-22.12,-17.64,-50.470000000000006,0
1786849360.8485935,L,-0.597556,0.46726,0.281576,29.820000000000004,181.37,-16.1,0
1786849360.8612106,R,-0.655872,0.645624,-0.59536,-27.300000000000004,-18.270000000000003,-36.540000000000006,0
1786849360.8642118,L,-0.686616,0.541924,0.33989199999999997,45.85,195.09000000000003,-14.280000000000001,0
1786849360.876118,R,-0.6893,0.685152,-0.62586,-24.78,-26.040000000000003,-23.450000000000003,0
1786849360.8791173,L,-0.800808,0.633668,0.415776,57.540000000000006,211.68,-8.190000000000001,0
1786849360.8912592,R,-0.698572,0.688812,-0.6353759999999999,-13.3,-33.11000000000001,-6.720000000000001,0
1786849360.8942623,L,-0.911096,0.717604,0.499712,60.970000000000006,230.79000000000002,8.120000000000001,0
1786849360.9085128,L,-1.055056,0.7856799999999999,0.6156119999999999,51.59,255.57000000000002,35.980000000000004,0
1786849360.9220355,R,-0.714676,0.6797839999999999,-0.648308,3.7100000000000004,-39.550000000000004,15.330000000000002,0
1786849360.9240363,L,-1.230492,0.871812,0.857416,39.480000000000004,290.5,72.66000000000001,0
1786849360.93756,R,-0.7076,0.651236,-0.662216,21.000000000000004,-46.690000000000005,28.28,0
1786849360.9385598,L,-1.253672,1.016504,1.4356959999999999,60.2,319.48,123.13000000000001,0
1786849360.9541373,L,-1.004548,1.10898,2.129876,80.01,297.99,170.66000000000003,0
1786849360.9688115,L,-0.744688,1.0614,2.4217,-1.7500000000000002,239.75000000000003,232.12000000000003,0
1786849360.9809816,R,-0.703452,0.651968,-0.697596,22.470000000000002,-45.220000000000006,23.310000000000002,0
1786849360.9819815,R,-0.653188,0.7105279999999999,-0.7412719999999999,5.180000000000001,-28.560000000000002,-0.56,0
1786849360.9839816,L,-0.6143919999999999,0.81618,2.335568,-135.94000000000003,205.59000000000003,290.22,0
1786849360.9965048,R,-0.632448,0.778604,-0.779824,-23.450000000000003,-11.270000000000001,-28.980000000000004,0
1786849360.9975052,R,-0.598044,0.874984,-0.82594,-48.790000000000006,-8.120000000000001,-47.6,0
1786849360.9985049,L,-0.593164,0.523624,2.081808,-230.37000000000003,169.47000000000003,305.06,0
1786849361.0140254,L,-0.595116,0.381616,1.899052,-247.73000000000002,104.86000000000001,244.37000000000003,0
1786849361.0275497,R,-0.528504,0.943304,-0.950624,-56.77,-24.85,-49.49,0
1786849361.028616,L,-0.5673,0.280356,1.658224,-173.46,-2.45,140.84,0
1786849361.0412633,R,-0.47360399999999997,0.980148,-1.092144,-38.50000000000001,-34.580000000000005,-20.090000000000003,0
1786849361.044266,L,-0.476288,0.244732,1.376892,-60.760000000000005,-120.96000000000001,55.790000000000006,0
1786849361.056542,R,-0.43163599999999996,0.94428,-1.189988,-18.900000000000002,-27.650000000000002,28.910000000000004,0
1786849361.058545,L,-0.36697599999999997,0.25790799999999997,1.115812,6.0200000000000005,-179.27,10.780000000000001,0
1786849361.0740669,L,-0.2867,0.284016,0.908412,6.790000000000001,-176.54000000000002,-6.44,0
1786849361.0864348,R,-0.454084,0.81618,-1.199504,-16.1,-5.32,77.00000000000001,0
1786849361.0874352,R,-0.50264,0.626592,-1.100684,-27.300000000000004,23.8,101.92000000000002,0
1786849361.0884356,L,-0.23863199999999998,0.302072,0.774944,-31.570000000000004,-145.39000000000001,-7.3500000000000005,0
1786849361.1021023,R,-0.522648,0.46311199999999997,-1.003816,-36.82,36.470000000000006,109.20000000000002,0
1786849361.1041021,L,-0.22569999999999998,0.311344,0.684176,-66.36,-115.64000000000001,-3.7800000000000002,0
1786849361.1164434,R,-0.546072,0.324032,-0.91988,-40.74,42.28,99.68,0
1786849361.1174436,R,-0.521672,0.217648,-0.84668,-35.28,48.580000000000005,76.65,0
1786849361.1184437,L,-0.2196,0.292068,0.641964,-69.93,-100.52000000000001,-5.6000000000000005,0
1786849361.1310904,R,-0.497516,0.123464,-0.751764,-34.86000000000001,64.61,51.1,0
1786849361.13209,R,-0.457744,0.094916,-0.682712,-40.88,75.25000000000001,14.770000000000001,0
1786849361.1340897,L,-0.228872,0.252784,0.59048,-40.74,-99.75000000000001,-9.73,0
1786849361.146232,R,-0.425292,0.094916,-0.656848,-37.31,68.39,-24.150000000000002,0
1786849361.149233,L,-0.222772,0.202764,0.575352,10.15,-104.58000000000001,-15.120000000000001,0
1786849361.1620462,R,-0.41236,-0.013663999999999999,-0.526064,-33.32,66.92,-50.400000000000006,0
1786849361.1640458,L,-0.234484,0.13419999999999999,0.584624,63.42000000000001,-115.85000000000001,-22.89,0
1786849361.1765664,R,-0.348432,0.050752,-0.512888,-56.00000000000001,87.01,-86.66000000000001,0
1786849361.1785665,L,-0.264008,0.061732,0.56242,97.23,-125.86000000000001,-36.470000000000006,0
1786849361.1910877,R,-0.34477199999999997,0.127368,-0.455304,-93.59,87.64000000000001,-121.31000000000002,0
1786849361.1940858,L,-0.284748,0.020007999999999998,0.52216,107.17000000000002,-131.18,-61.74000000000001,0
1786849361.2063818,R,-0.247416,0.252296,-0.395524,-159.39000000000001,98.63000000000001,-146.3,0
1786849361.208382,L,-0.315248,0.026352,0.476776,105.56000000000002,-133.07000000000002,-92.82000000000001,0
1786849361.2215137,R,-0.196664,0.309148,-0.357216,-222.67000000000002,111.30000000000001,-165.41000000000003,0
1786849361.2235126,L,-0.345016,0.07417599999999999,0.41846,106.19000000000001,-133.14000000000001,-122.92000000000002,0
1786849361.236548,R,-0.161528,0.347944,-0.353068,-252.84000000000003,107.52000000000001,-169.54000000000002,0
1786849361.238548,L,-0.377712,0.144448,0.36697599999999997,113.82000000000001,-134.54000000000002,-148.4,0
1786849361.2541091,L,-0.40699199999999996,0.218136,0.321836,123.97000000000001,-132.16000000000003,-169.12,0
1786849361.2673125,R,-0.155184,0.394304,-0.360388,-245.28000000000003,93.31,-169.82000000000002,0
1786849361.2693126,L,-0.424072,0.298412,0.299876,129.15,-127.54,-189.00000000000003,0
1786849361.2822905,R,-0.13541999999999998,0.46726,-0.365268,-221.76000000000002,81.55000000000001,-167.72000000000003,0
1786849361.2842908,L,-0.44334799999999996,0.4087,0.26352,119.70000000000002,-126.07000000000001,-205.38000000000002,0
1786849361.2964036,R,-0.148108,0.582184,-0.346724,-192.29000000000002,75.67,-165.06,0
1786849361.2984033,L,-0.49263599999999996,0.5307,0.185928,91.42,-120.82000000000001,-213.43,0
1786849361.311201,R,-0.213012,0.699304,-0.300608,-164.29000000000002,75.11000000000001,-160.86,0
1786849361.3122022,R,-0.28792,0.76006,-0.253516,-130.48000000000002,66.57000000000001,-143.78,0
1786849361.3142018,L,-0.571448,0.7137,0.101992,55.370000000000005,-106.05000000000001,-224.35000000000002,0
1786849361.326567,R,-0.353068,0.820816,-0.187392,-85.96000000000001,48.720000000000006,-121.03000000000002,0
1786849361.3285668,L,-0.731756,1.037,-0.021471999999999998,38.290000000000006,-85.68,-258.86,0
1786849361.341307,R,-0.511668,0.973316,-0.133956,-39.13,15.400000000000002,-93.52000000000001,0
1786849361.3443112,L,-0.990152,1.480592,-0.17934,38.57,-34.580000000000005,-267.12,0
1786849361.3566773,R,-0.67344,1.155584,-0.147864,2.9400000000000004,-66.99000000000001,-40.39,0
1786849361.3586764,L,-1.058472,1.990796,0.025863999999999998,9.31,76.58000000000001,-154.56,0
1786849361.3713782,R,-0.79666,1.285148,-0.28304,78.54,-198.8,77.77000000000001,0
1786849361.3733792,L,-0.889624,2.284084,0.37624799999999997,-167.86,228.34000000000003,124.95000000000002,0
1786849361.387691,R,-0.9545279999999999,1.2202439999999999,-0.655872,203.84000000000003,-334.11,260.89000000000004,0
1786849361.3886907,L,-0.866688,1.84098,1.154364,-447.02000000000004,436.52000000000004,541.0300000000001,0
1786849361.401524,R,-1.119228,0.953552,-0.977464,343.07000000000005,-420.21000000000004,442.75000000000006,0
1786849361.403526,L,-1.615036,1.13338,1.347124,-808.3600000000001,651.7700000000001,997.7800000000001,0
1786849361.4171298,R,-1.395436,0.632692,-1.181448,481.88000000000005,-475.93000000000006,589.8900000000001,0
1786849361.419129,L,-2.395348,0.216672,1.0553,-1214.2900000000002,741.9300000000001,1228.64,0
1786849361.4312816,R,-1.578436,0.25132,-1.49572,488.53000000000003,-503.65000000000003,676.97,0
1786849361.4342828,L,-1.815604,-0.575108,0.58072,-1376.6200000000001,789.0400000000001,1015.4200000000001,0
1786849361.4467177,R,-1.449848,-0.291824,-1.71532,312.13000000000005,-410.55,621.8800000000001,0
1786849361.4487157,L,-1.3595679999999999,-0.8757159999999999,0.652944,-1057.42,781.83,561.61,0
1786849361.4613519,R,-1.254404,-0.7646959999999999,-1.890024,38.150000000000006,-149.52,370.09000000000003,0
1786849361.4643538,L,-1.15656,-1.311012,1.524268,-453.53000000000003,313.95000000000005,158.48000000000002,0
1786849361.4767268,R,-0.9581879999999999,-0.82838,-1.821216,-169.05,131.32000000000002,43.400000000000006,0
1786849361.480228,L,-1.086776,-0.730536,1.62138,270.97,-213.85000000000002,-225.05,0
1786849361.4914675,R,-0.944524,-0.42675599999999997,-1.51036,-189.42000000000002,329.63000000000005,-191.8,0
1786849361.493467,L,-0.930128,-0.160552,1.214632,488.81000000000006,-483.70000000000005,-433.37000000000006,0
1786849361.5062432,R,-1.140456,0.111996,-1.23952,-132.58,448.70000000000005,-274.47,0
1786849361.5092416,L,-1.106052,0.110776,0.93452,512.6800000000001,-601.5100000000001,-473.27000000000004,0
1786849361.5212905,R,-1.1941359999999999,0.457256,-0.9882,-95.9,506.59000000000003,-284.76000000000005,0
1786849361.5242903,L,-1.162172,0.39405999999999997,0.617076,398.86,-623.49,-405.3,0
1786849361.536527,R,-1.171444,0.674416,-0.76372,-105.98,529.0600000000001,-268.52000000000004,0
1786849361.5385244,L,-1.25416,0.530212,0.315004,274.96000000000004,-523.0400000000001,-323.12,0
1786849361.5511653,R,-1.055544,0.744688,-0.460184,-139.79000000000002,512.0500000000001,-244.16000000000003,0
1786849361.554165,L,-1.2226839999999999,0.398452,0.149328,186.69000000000003,-394.73,-250.04000000000002,0
1786849361.5663998,R,-0.8966999999999999,0.7302919999999999,-0.210084,-156.73000000000002,454.72,-219.45000000000002,0
1786849361.568401,L,-1.055788,0.276452,0.11468,147.42000000000002,-311.22,-239.12000000000003,0
1786849361.5815854,R,-0.7080879999999999,0.7646959999999999,-0.076128,-127.26,384.23,-194.18,0
1786849361.596341,R,-0.577548,0.8723,0.122,-63.84,328.58000000000004,-168.84,0
1786849361.598343,L,-0.955016,0.234972,0.144448,150.29000000000002,-285.88000000000005,-288.61,0
1786849361.5993419,L,-0.906704,0.31964,0.15420799999999998,174.79000000000002,-298.76000000000005,-352.94000000000005,0
1786849361.6111693,R,-0.482632,1.016748,0.431392,-31.01,275.31,-128.24,0
1786849361.614169,L,-0.87718,0.435784,0.091012,189.00000000000003,-309.89000000000004,-392.70000000000005,0
1786849361.626465,R,-0.302804,1.09922,0.779824,-32.410000000000004,169.19000000000003,-64.68,0
1786849361.6294653,L,-0.760548,0.532652,-0.02196,182.35000000000002,-291.97,-394.52000000000004,0
1786849361.641743,R,-0.183244,1.02724,0.8596119999999999,0.14,21.770000000000003,24.430000000000003,0
1786849361.643747,L,-0.584624,0.611708,-0.127612,156.31,-266.56,-386.75000000000006,0
1786849361.6562462,R,-0.16713999999999998,0.94306,0.671732,89.67,-132.93,106.33000000000001,0
1786849361.6592464,L,-0.503372,0.700036,-0.312564,140.56,-252.00000000000003,-403.69000000000005,0
1786849361.6718767,R,-0.164212,0.82472,0.365024,203.70000000000002,-255.15000000000003,162.96,0
1786849361.6738763,L,-0.48434,0.80032,-0.563396,158.48000000000002,-211.96,-423.01000000000005,0
1786849361.68661,R,-0.23741199999999998,0.722728,0.060756,299.39000000000004,-346.22,214.41000000000003,0
1786849361.688611,L,-0.405284,0.9455,-0.83936,188.09000000000003,-112.84000000000002,-409.08000000000004,0
1786849361.7012494,R,-0.336476,0.612928,-0.164212,379.47,-415.1,264.32000000000005,0
1786849361.7042472,L,-0.34526,1.095316,-0.83082,139.09,20.090000000000003,-372.19000000000005,0
1786849361.7163517,R,-0.554612,0.487268,-0.303536,455.42,-461.16,320.6,0
1786849361.718352,L,-0.429684,1.22122,-0.575352,14.490000000000002,151.20000000000002,-300.86,0
1786849361.7315414,R,-0.79544,0.390644,-0.523624,498.26000000000005,-504.56000000000006,372.19000000000005,0
1786849361.7335396,L,-0.477996,1.4457,-0.192516,-190.61,266.28000000000003,-175.35000000000002,0
1786849361.7461686,R,-0.960384,0.284016,-0.765428,514.36,-537.1800000000001,402.22,0
1786849361.7491724,L,-0.47482399999999997,1.5067,0.214476,-406.49000000000007,372.54,3.5700000000000003,0
1786849361.7616687,R,-1.091412,0.116632,-0.9669719999999999,500.29,-534.59,415.38000000000005,0
1786849361.7636662,L,-0.585112,1.4064159999999999,0.550464,-603.82,459.27000000000004,229.53000000000003,0
1786849361.777347,R,-1.1746159999999999,-0.153964,-1.074576,441.70000000000005,-479.50000000000006,409.36,0
1786849361.7783475,L,-0.827892,1.1041,0.83204,-755.9300000000001,522.97,466.27000000000004,0
1786849361.7916522,R,-1.212192,-0.417972,-1.170712,340.48,-385.07000000000005,372.61,0
1786849361.7936482,L,-1.177544,0.6822239999999999,0.954772,-876.6800000000001,546.1400000000001,667.1700000000001,0
1786849361.8062267,R,-1.178032,-0.56486,-1.288564,188.37,-266.70000000000005,270.13000000000005,0
1786849361.8092275,L,-1.6540759999999999,0.31842,0.899872,-962.2900000000001,551.6700000000001,783.5100000000001,0
1786849361.8210037,R,-1.081652,-0.643672,-1.391776,13.930000000000001,-146.51000000000002,120.4,0
1786849361.824005,L,-1.885144,-0.06954,0.898896,-909.6500000000001,560.5600000000001,808.1500000000001,0
1786849361.836359,R,-0.9577,-0.60878,-1.403488,-119.00000000000001,-36.330000000000005,-22.820000000000004,0
1786849361.8383582,L,-2.199416,-0.9520879999999999,0.7881199999999999,-518.35,450.38000000000005,744.59,0
1786849361.8518429,R,-0.865956,-0.497272,-1.3668879999999999,-146.86,30.380000000000003,-103.67000000000002,0
1786849361.866365,R,-0.766892,-0.301096,-1.434232,-78.54,61.88,-123.76,0
1786849361.868364,L,-1.810236,-1.866356,1.593808,173.25000000000003,81.06,459.13000000000005,0
1786849361.869366,L,-1.2688,-1.632604,1.40056,787.9200000000001,-182.49,-22.680000000000003,0
1786849361.884157,L,-0.994544,-1.1163,1.450824,854.7700000000001,-263.13000000000005,-295.47,0
1786849361.8966005,R,-0.688812,-0.102968,-1.442284,13.860000000000001,96.25000000000001,-134.68,0
1786849361.8985996,L,-0.77348,-0.37454,1.351272,520.38,-315.77000000000004,-344.33000000000004,0
1786849361.9117377,R,-0.7056479999999999,0.10126,-1.3632279999999999,59.080000000000005,140.35000000000002,-155.4,0
1786849361.9127407,R,-0.717116,0.248392,-1.219268,70.14,179.9,-165.9,0
1786849361.913739,L,-0.7044279999999999,0.261812,1.321504,139.3,-271.67,-271.95000000000005,0
1786849361.9288464,L,-0.887184,0.548756,1.287344,-83.58000000000001,-244.58,-203.35000000000002,0
1786849361.9403822,R,-0.768844,0.347456,-1.0450519999999999,82.32000000000001,203.56000000000003,-154.70000000000002,0
1786849361.9439027,L,-0.928908,0.604144,1.148264,-135.66000000000003,-274.96000000000004,-185.43,0
1786849361.9567406,R,-0.80276,0.37942,-0.887672,92.61000000000001,197.19000000000003,-132.02,0
1786849361.95874,L,-1.018944,0.64904,0.964532,-134.4,-303.24,-201.67000000000002,0
1786849361.9713652,R,-0.791536,0.372832,-0.7646959999999999,101.92000000000002,165.9,-110.04,0
1786849361.9723656,R,-0.7376119999999999,0.347456,-0.716872,106.4,125.79,-92.68,0
1786849361.9733672,L,-1.093852,0.675636,0.757864,-76.51,-293.44000000000005,-200.9,0
1786849361.9866872,R,-0.664412,0.325984,-0.718824,97.72000000000001,100.38000000000001,-82.32000000000001,0
1786849361.9886868,L,-0.945744,0.534116,0.68686,-9.590000000000002,-256.97,-174.16000000000003,0
1786849362.0033302,L,-0.92476,0.373808,0.713944,49.7,-212.66000000000003,-132.65,0
1786849362.019173,L,-0.72712,0.223748,0.77226,57.75000000000001,-185.29000000000002,-103.60000000000001,0
1786849362.0313318,R,-0.596092,0.299144,-0.742248,87.71000000000001,93.17000000000002,-75.04,0
1786849362.0323317,R,-0.550952,0.272792,-0.752984,81.76,92.47000000000001,-64.61,0
1786849362.0333316,L,-0.6143919999999999,0.2074,0.865468,14.560000000000002,-169.12,-106.47000000000001,0
1786849362.0473866,R,-0.522892,0.234972,-0.7424919999999999,75.88000000000001,93.66000000000001,-57.330000000000005,0
1786849362.0483859,L,-0.615368,0.35892399999999997,1.044076,-35.21,-171.57000000000002,-120.05000000000001,0
1786849362.0635605,L,-0.50508,0.453352,1.167052,-79.31,-204.19000000000003,-116.41000000000001,0
1786849362.076613,R,-0.49166,0.192272,-0.769332,61.46000000000001,95.83000000000001,-48.650000000000006,0
1786849362.0776126,R,-0.455792,0.169824,-0.80276,45.010000000000005,100.66000000000001,-45.290000000000006,0
1786849362.0786128,L,-0.43724799999999997,0.434076,1.083848,-98.42000000000002,-223.16000000000003,-79.80000000000001,0
1786849362.09125,R,-0.429928,0.16104,-0.859124,27.090000000000003,101.01,-50.68000000000001,0
1786849362.0932493,R,-0.388204,0.17568,-0.972584,18.62,107.66000000000001,-51.870000000000005,0
1786849362.0942533,L,-0.393816,0.34355199999999997,0.9323239999999999,-65.17,-200.20000000000002,-20.720000000000002,0
1786849362.1066065,R,-0.329156,0.18226799999999999,-1.070916,25.69,120.82000000000001,-40.67,0
1786849362.1086051,L,-0.4209,0.18666,0.9211,-29.820000000000004,-171.50000000000003,-1.05,0
1786849362.1212287,R,-0.304024,0.145912,-1.079944,37.24,131.53,-23.1,0
1786849362.124228,L,-0.385276,0.10931199999999999,0.9372039999999999,-12.740000000000002,-162.19000000000003,-28.700000000000003,0
1786849362.1362152,R,-0.31768799999999997,0.084424,-1.094828,18.41,136.29000000000002,-21.490000000000002,0
1786849362.1392155,L,-0.31354,0.155916,0.977708,-10.010000000000002,-155.12,-53.900000000000006,0
1786849362.1513064,R,-0.288652,0.040015999999999996,-1.148508,-24.500000000000004,140.0,-39.550000000000004,0
1786849362.1543064,L,-0.218868,0.242292,0.97966,-24.64,-147.14000000000001,-51.59,0
1786849362.1665754,R,-0.08881599999999999,0.276452,-1.306132,-20.650000000000002,130.13000000000002,-68.39,0
1786849362.1685758,L,-0.269376,0.530456,0.364048,-54.11000000000001,-96.53000000000002,-10.71,0
1786849362.1810968,R,-0.23424,0.202764,-1.11996,-49.77,180.53000000000003,-48.93000000000001,0
1786849362.184096,L,0.113704,0.24790399999999999,1.099464,-106.68,-121.31000000000002,-0.9800000000000001,0
1786849362.196325,R,-0.008296,0.216672,-1.15412,-41.160000000000004,196.56000000000003,-21.28,0
1786849362.199324,L,-0.264008,0.642452,0.236924,8.33,-92.05000000000001,41.300000000000004,0
1786849362.211534,R,-0.029036,0.29792399999999997,-0.955504,-7.5600000000000005,113.26,-18.340000000000003,0
1786849362.2135332,L,0.102968,0.401624,0.513132,34.510000000000005,4.340000000000001,73.85000000000001,0
1786849362.227186,R,0.105164,0.218868,-0.92964,-22.540000000000003,144.69000000000003,-1.54,0
1786849362.2291865,L,0.091256,0.0915,0.5465599999999999,27.160000000000004,-58.59,42.42,0
1786849362.2408526,R,0.097356,0.296216,-0.821304,-16.380000000000003,132.79000000000002,-3.22,0
1786849362.2443583,L,0.093208,0.049776,0.55876,11.830000000000002,-81.83000000000001,33.39,0
1786849362.2566364,R,0.139568,0.25668799999999997,-0.628788,-16.8,129.43,1.9600000000000002,0
1786849362.258638,L,0.076616,-0.028304,0.6222,-36.260000000000005,-89.95,21.21,0
1786849362.2734017,L,0.055144,-0.120048,0.5921879999999999,-57.050000000000004,-90.58000000000001,13.020000000000001,0
1786849362.2872126,R,0.089304,0.256932,-0.41602,-5.040000000000001,118.37,22.610000000000003,0
1786849362.3025184,R,0.061244,0.200324,-0.227896,8.120000000000001,73.15,51.940000000000005,0
1786849362.3161774,R,0.018543999999999998,0.20691199999999998,-0.18812399999999999,-11.340000000000002,31.430000000000003,70.07000000000001,0
1786849362.318177,R,-0.060268,0.156404,-0.224236,-51.800000000000004,-5.95,69.30000000000001,0
1786849362.3191783,L,0.122976,-0.200568,0.520208,-44.45,-84.7,7.98,0
1786849362.320177,L,0.094184,-0.179584,0.498492,-10.64,-65.52000000000001,0.0,0
1786849362.3211927,L,-0.00488,-0.096624,0.519232,35.0,-16.66,-16.94,0
1786849362.3313162,R,-0.172264,0.072224,-0.275476,-80.57000000000001,-44.870000000000005,59.080000000000005,0
1786849362.3338232,L,-0.15298799999999999,-0.002928,0.576328,94.99000000000001,26.6,-48.09,0
1786849362.345947,R,-0.315736,0.06954,-0.31842,-83.72000000000001,-83.09,42.77,0
1786849362.3489492,L,-0.28621199999999997,0.081984,0.6378159999999999,134.54000000000002,54.32000000000001,-78.26,0
1786849362.3610516,R,-0.449936,0.121756,-0.359656,-81.41000000000001,-119.56000000000002,34.160000000000004,0
1786849362.36405,L,-0.430172,0.180804,0.6954,133.91000000000003,79.10000000000001,-79.03,0
1786849362.3765693,R,-0.549732,0.19641999999999998,-0.549488,-106.26,-161.14000000000001,39.480000000000004,0
1786849362.3785694,L,-0.56486,0.257176,0.815448,95.83000000000001,113.75000000000001,-55.230000000000004,0
1786849362.39109,R,-0.627324,0.293776,-0.936472,-154.84,-166.46,60.2,0
1786849362.3940914,L,-0.660508,0.329888,1.143872,52.290000000000006,132.79000000000002,-22.470000000000002,0
1786849362.4066212,R,-0.648064,0.182756,-1.194868,-164.50000000000003,-133.98000000000002,80.08000000000001,0
1786849362.4086213,L,-0.603168,0.20349599999999998,1.314672,15.330000000000002,111.65,-9.030000000000001,0
1786849362.422074,R,-0.5856,-0.012199999999999999,-1.369084,-69.72000000000001,-134.54000000000002,120.68,0
1786849362.4240723,L,-0.633668,0.094184,1.259528,-7.910000000000001,117.39000000000001,-14.910000000000002,0
1786849362.4365973,R,-0.548268,-0.350628,-1.392264,43.190000000000005,-129.15,167.3,0
1786849362.4385967,L,-0.571692,-0.026108,1.272704,-28.000000000000004,94.22000000000001,-9.520000000000001,0
1786849362.451185,R,-0.457744,-0.577548,-1.462536,128.94000000000003,-119.63000000000001,171.29000000000002,0
1786849362.4541845,L,-0.621468,0.029768,1.286856,-57.470000000000006,73.43,7.07,0
1786849362.4662814,R,-0.462136,-0.59292,-1.476688,154.21,-74.06,120.12,0
1786849362.469281,L,-0.428708,0.01586,1.2670919999999999,-69.51,60.620000000000005,1.2600000000000002,0
1786849362.4812026,R,-0.475312,-0.5441199999999999,-1.437892,151.06,-30.94,67.48,0
1786849362.484203,L,-0.547292,0.210084,1.22366,-62.86000000000001,41.510000000000005,-30.310000000000002,0
1786849362.4965923,R,-0.287676,-0.023912,-1.438868,62.440000000000005,22.750000000000004,-19.53,0
1786849362.4985926,L,-0.49580799999999997,0.94916,0.914756,16.380000000000003,78.82000000000001,87.92,0
1786849362.514112,L,-0.250832,0.576816,0.6797839999999999,-31.640000000000004,47.39000000000001,48.300000000000004,0
1786849362.5262563,R,-0.200812,0.125904,-1.294176,-20.37,123.97000000000001,-74.55000000000001,0
1786849362.5282555,R,-0.318664,0.14005599999999999,-1.022116,39.620000000000005,114.59000000000002,-31.500000000000004,0
1786849362.529255,L,-0.505812,0.29524,0.80642,17.080000000000002,-72.94000000000001,33.53,0
1786849362.5407763,R,-0.24034,0.052704,-0.815448,94.29,70.56,-25.830000000000002,0
1786849362.5438557,L,-0.35526399999999997,0.220088,0.753472,14.63,-128.03,9.170000000000002,0
1786849362.5563846,R,-0.230092,0.002196,-0.75518,99.82000000000001,38.71,-34.230000000000004,0
1786849362.5583842,L,-0.294752,0.16128399999999998,0.829844,-35.21,-108.99000000000001,-13.020000000000001,0
1786849362.5739064,L,-0.18788,0.125416,1.057984,-82.32000000000001,-49.21000000000001,-35.07,0
1786849362.587432,R,-0.254736,0.004148,-0.793732,67.41000000000001,23.730000000000004,-46.34,0
1786849362.5884318,L,-0.167384,0.111264,1.298324,-71.19000000000001,-16.240000000000002,-48.02,0
1786849362.6009538,R,-0.18934399999999998,-0.030744,-0.903288,19.040000000000003,18.41,-43.190000000000005,0
1786849362.6039548,L,-0.089548,0.112484,1.321504,18.060000000000002,-47.39000000000001,-50.75000000000001,0
1786849362.6174772,R,-0.057828,-0.060756,-1.147776,-6.720000000000001,5.74,-31.990000000000002,0
1786849362.6184766,L,-0.003904,0.224236,1.186572,89.53000000000002,-83.58000000000001,-55.86000000000001,0
1786849362.6310003,R,0.061,-0.066124,-1.38104,-3.9200000000000004,8.96,-18.200000000000003,0
1786849362.6330006,R,0.106872,-0.05978,-1.5147519999999999,9.73,38.99,-2.45,0
1786849362.6340036,L,0.099064,0.34648,1.248304,74.48,-87.50000000000001,-46.2,0
1786849362.6461816,R,0.08784,-0.133956,-1.444236,14.910000000000002,72.66000000000001,5.880000000000001,0
1786849362.6491802,L,0.1098,0.35892399999999997,1.392508,25.410000000000004,-63.14000000000001,-28.840000000000003,0
1786849362.6618848,R,0.111996,-0.19763999999999998,-1.384944,11.06,72.73,0.28,0
1786849362.6638844,L,0.072468,0.280356,1.405928,-8.260000000000002,-43.96,-20.160000000000004,0
1786849362.6764054,R,0.193736,-0.200812,-1.425692,6.090000000000001,68.32000000000001,-9.100000000000001,0
1786849362.6784031,L,0.091012,0.23155599999999998,1.3693279999999999,-15.190000000000001,-47.18000000000001,-13.510000000000002,0
1786849362.6909263,R,0.28011199999999997,-0.153964,-1.562332,-10.290000000000001,78.82000000000001,-14.560000000000002,0
1786849362.6939254,L,0.134932,0.2806,1.442772,8.610000000000001,-72.31,0.07,0
1786849362.7064462,R,0.273524,-0.079544,-1.749724,-10.57,110.18,-1.7500000000000002,0
1786849362.7084463,L,0.188856,0.366,1.48108,48.650000000000006,-119.35000000000001,13.860000000000001,0
1786849362.7209704,R,0.21862399999999999,-0.06539199999999999,-1.789496,-3.1500000000000004,150.43,22.26,0
1786849362.7239697,L,0.216184,0.435296,1.494988,47.18000000000001,-150.85000000000002,31.92,0
1786849362.7384927,L,0.185928,0.385032,1.450824,18.830000000000002,-166.32000000000002,44.24,0
1786849362.7511353,R,0.179828,-0.11516799999999999,-1.661152,3.1500000000000004,174.65,35.42,0
1786849362.7531352,R,0.151768,-0.174948,-1.47254,1.61,184.17000000000002,28.140000000000004,0
1786849362.7541354,L,0.14152,0.282796,1.374452,-3.1500000000000004,-172.20000000000002,49.00000000000001,0
1786849362.7653058,R,0.134444,-0.195688,-1.340292,-7.630000000000001,189.14000000000001,6.86,0
1786849362.7688034,L,0.133712,0.211792,1.3656679999999999,-5.95,-171.71,48.230000000000004,0
1786849362.780894,R,0.18226799999999999,-0.185684,-1.2383,-20.090000000000003,195.58,-21.000000000000004,0
1786849362.7838936,L,0.126636,0.210328,1.373232,16.66,-177.10000000000002,40.18000000000001,0
1786849362.798416,L,0.14884,0.26961999999999997,1.247816,24.92,-181.44000000000003,39.34,0
1786849362.8109446,R,0.15420799999999998,-0.096624,-1.28954,-29.960000000000004,201.46,-34.02,0
1786849362.813942,L,0.155184,0.279136,1.166808,11.690000000000001,-189.98000000000002,47.81,0
1786849362.8264604,R,0.165188,-0.011956,-1.332728,-21.770000000000003,218.82000000000002,-22.470000000000002,0
1786849362.8274605,R,0.159576,-0.006588,-1.27002,-15.680000000000001,245.49000000000004,-8.4,0
1786849362.8284612,L,0.159332,0.257664,1.0931199999999999,1.6800000000000002,-202.23000000000002,52.43000000000001,0
1786849362.8453827,L,0.179828,0.232044,1.010404,-6.300000000000001,-208.67000000000002,48.86000000000001,0
1786849362.8563993,R,0.136396,-0.08662,-1.057252,-15.120000000000001,254.52,-3.5700000000000003,0
1786849362.8584018,L,0.21862399999999999,0.220332,0.978684,-14.000000000000002,-202.44000000000003,42.42,0
1786849362.8739243,L,0.257176,0.192516,1.06994,4.130000000000001,-195.02,35.7,0
1786849362.888446,L,0.261324,0.187148,1.049932,34.510000000000005,-192.85000000000002,30.520000000000003,0
1786849362.9039724,L,0.314028,0.215696,0.876448,31.150000000000002,-188.72000000000003,35.49,0
1786849362.9164946,R,0.177876,-0.14713199999999999,-0.8732759999999999,-20.3,240.66000000000003,-13.370000000000001,0
1786849362.9174945,R,0.220088,-0.168848,-0.817888,-38.080000000000005,230.79000000000002,-27.650000000000002,0
1786849362.9184968,L,0.386252,0.224968,0.826672,3.6400000000000006,-189.77,45.92,0
1786849362.9310224,R,0.27816,-0.136884,-0.879132,-61.88,223.02,-41.370000000000005,0
1786849362.9340196,L,0.451888,0.186416,0.793976,-10.430000000000001,-196.00000000000003,46.970000000000006,0
1786849362.9486384,L,0.525332,0.11809599999999999,0.699304,-7.3500000000000005,-198.03000000000003,43.120000000000005,0
1786849362.9612374,R,0.3538,-0.07002799999999999,-1.00162,-63.07000000000001,231.70000000000002,-42.21,0
1786849362.9632354,R,0.415776,-0.018543999999999998,-0.9779519999999999,-66.57000000000001,260.40000000000003,-36.89,0
1786849362.9642353,L,0.5958479999999999,0.071004,0.556076,-7.420000000000001,-187.18,40.25000000000001,0
1786849362.978529,L,0.675392,0.058072,0.338672,-7.910000000000001,-168.98000000000002,51.52,0
1786849362.993052,R,0.440664,-0.014884,-0.804468,-74.83000000000001,278.88000000000005,-33.53,0
1786849362.9940517,L,0.69418,0.14396,0.06831999999999999,-0.35000000000000003,-141.75,69.79,0
1786849363.006574,R,0.476288,-0.036844,-0.559492,-75.46000000000001,274.75,-37.31,0
1786849363.0075738,R,0.56364,-0.059292,-0.3233,-78.82000000000001,257.74,-45.220000000000006,0
1786849363.0210934,R,0.6822239999999999,-0.02196,-0.031964,-63.980000000000004,243.11,-58.45,0
1786849363.0240932,L,0.713212,0.144936,-0.16836,-3.5000000000000004,-111.16000000000001,69.65,0
1786849363.0240932,L,0.680516,0.076372,-0.254736,-5.390000000000001,-67.27000000000001,30.1,0
1786849363.03663,R,0.725412,0.100284,0.384056,-22.12,225.54000000000002,-66.99000000000001,0
1786849363.0386298,L,0.602436,0.0183,-0.225212,-11.55,-13.370000000000001,-26.6,0
1786849363.0512853,R,0.7129679999999999,0.316956,0.729316,11.620000000000001,175.49,-46.970000000000006,0
1786849363.0532863,R,0.684908,0.363316,0.982344,16.240000000000002,111.93,-16.17,0
1786849363.0542855,L,0.458964,0.024156,-0.168604,-21.560000000000002,38.080000000000005,-66.71000000000001,0
1786849363.0663986,R,0.57218,0.297436,1.070672,-5.040000000000001,15.400000000000002,14.14,0
1786849363.0673985,R,0.470432,0.2074,0.897188,-19.46,-96.53000000000002,41.650000000000006,0
1786849363.0683982,L,0.271084,0.053924,-0.12224399999999999,-42.14,96.88000000000001,-93.87,0
1786849363.0839233,L,0.07686,0.081984,-0.02928,-64.4,149.24,-99.54,0
1786849363.0984526,L,-0.046604,0.10614,0.090524,-74.62,189.77,-97.30000000000001,0
1786849363.113973,L,-0.182756,0.170068,0.263764,-70.77000000000001,215.04000000000002,-91.77000000000001,0
1786849363.1284971,L,-0.291092,0.26034799999999997,0.61122,-64.89,226.66000000000003,-86.73,0
1786849363.144068,L,-0.313052,0.261812,1.188524,-58.45,199.01000000000002,-61.46000000000001,0
1786849363.1565907,R,0.35136,0.100772,0.6317159999999999,-30.450000000000003,-169.96,61.53000000000001,0
1786849363.1575909,R,0.210084,0.002196,0.410408,-38.080000000000005,-215.32000000000002,72.38000000000001,0
1786849363.158591,L,-0.267424,0.157136,1.298568,-17.360000000000003,147.49,-47.53,0
1786849363.1711106,R,0.06539199999999999,-0.066856,0.243512,-37.870000000000005,-252.28000000000003,71.4,0
1786849363.1731098,R,-0.10467599999999999,-0.076372,0.049532,-12.88,-293.09000000000003,74.55000000000001,0
1786849363.1741116,L,-0.315492,-0.003172,1.237568,-4.62,133.77,-61.18000000000001,0
1786849363.1866348,R,-0.266936,0.011956,-0.327936,10.71,-316.89000000000004,95.41000000000001,0
1786849363.1876338,R,-0.325984,0.043432,-0.676124,7.140000000000001,-312.62,104.30000000000001,0
1786849363.1886353,L,-0.252052,0.058072,1.4186159999999999,-51.870000000000005,70.56,-67.62,0
1786849363.2012596,R,-0.4331,0.038064,-1.11264,-27.300000000000004,-310.31,103.53000000000002,0
1786849363.2184534,L,-0.030987999999999998,0.2928,1.5098719999999999,-75.11000000000001,39.830000000000005,-58.03000000000001,0
1786849363.2209594,L,0.194224,0.539728,1.780712,-88.34,27.160000000000004,-27.160000000000004,0
1786849363.2339768,L,0.313052,0.563396,1.7636319999999999,-30.800000000000004,-19.810000000000002,28.210000000000004,0
1786849363.2466543,R,-0.357216,-0.128588,-1.657004,-18.76,-345.24,98.42000000000002,0
1786849363.261248,R,-0.194224,-0.337452,-1.995188,-7.630000000000001,-313.46000000000004,70.28,0
1786849363.2632482,R,-0.284504,-0.290116,-2.292136,-23.590000000000003,-223.65000000000003,38.99,0
1786849363.2642496,L,0.308904,0.271816,1.3839679999999999,54.81,-92.96000000000001,52.080000000000005,0
1786849363.2652485,L,0.280844,0.008784,1.104344,53.620000000000005,-135.94000000000003,23.730000000000004,0
1786849363.2773676,R,-0.106628,-0.261324,-2.328248,17.290000000000003,-107.80000000000001,46.550000000000004,0
1786849363.2783692,L,0.306952,0.019764,1.003572,-25.410000000000004,-114.80000000000001,-27.090000000000003,0
1786849363.29389,L,0.518012,0.273768,1.0943399999999999,-81.06,-80.57000000000001,-56.28000000000001,0
1786849363.30741,R,0.015127999999999999,-0.28499199999999997,-2.0620439999999998,84.49000000000001,-20.44,59.78000000000001,0
1786849363.3084102,L,0.591212,0.43676,1.240252,-34.790000000000006,-104.44000000000001,-66.36,0
1786849363.3229322,R,0.156404,-0.27694,-1.6613959999999999,135.10000000000002,13.23,15.680000000000001,0
1786849363.3239343,L,0.5638839999999999,0.294996,1.056276,88.2,-177.59,-70.56,0
1786849363.3365495,R,0.218136,-0.219356,-1.40056,139.79000000000002,34.93000000000001,-43.400000000000006,0
1786849363.3375509,R,0.17885199999999998,-0.068076,-1.25538,94.15,65.03,-85.05000000000001,0
1786849363.3385508,L,0.667096,0.004148,0.825452,159.95000000000002,-211.61,-70.7,0
1786849363.3513825,R,0.171532,0.039772,-1.225856,42.28,93.52000000000001,-85.33000000000001,0
1786849363.3523822,R,0.224724,0.078568,-1.204628,20.51,116.13000000000001,-64.68,0
1786849363.3533819,L,0.754692,-0.101504,0.884744,130.69000000000003,-181.3,-45.220000000000006,0
1786849363.3665576,R,0.269864,-0.010248,-1.154608,51.940000000000005,115.01,-35.56,0
1786849363.3685586,L,0.85766,-0.021228,1.007964,41.160000000000004,-122.57000000000001,-21.28,0
1786849363.38308,R,0.357948,-0.099552,-1.131916,84.07000000000001,116.9,-11.270000000000001,0
1786849363.3840804,L,0.850828,0.164212,1.111908,5.53,-102.48,-0.8400000000000001,0
1786849363.398605,L,0.766648,0.332328,1.04676,56.00000000000001,-132.65,17.430000000000003,0
1786849363.4111283,R,0.49824799999999997,-0.181292,-1.098488,44.38,131.95000000000002,-17.57,0
1786849363.4131272,R,0.542168,-0.179828,-1.17364,-22.89,164.78000000000003,-47.040000000000006,0
1786849363.4141276,L,0.743712,0.34648,0.905728,131.25,-193.41000000000003,21.840000000000003,0
1786849363.4285874,L,0.803736,0.291824,0.768844,127.19000000000001,-219.24,35.42,0
1786849363.4411194,R,0.601704,-0.099308,-1.272216,-62.720000000000006,212.03000000000003,-60.480000000000004,0
1786849363.4431176,R,0.69174,-0.057828,-1.22244,-48.300000000000004,255.71000000000004,-52.64000000000001,0
1786849363.4441555,L,0.874008,0.145668,0.694668,71.4,-201.60000000000002,53.410000000000004,0
1786849363.4562984,R,0.693448,0.009271999999999999,-1.10654,-2.7300000000000004,255.57000000000002,-25.62,0
1786849363.4583015,R,0.758352,0.000976,-0.96258,26.67,249.06000000000003,-11.48,0
1786849363.4593,L,0.866688,0.10760399999999999,0.778848,21.910000000000004,-174.37,64.47000000000001,0
1786849363.4739785,L,0.83082,0.156892,0.63684,4.9,-165.97000000000003,73.43,0
1786849363.4865,R,0.763964,-0.038551999999999996,-0.836676,7.98,257.88000000000005,-18.060000000000002,0
1786849363.4875002,R,0.7178479999999999,-0.0366,-0.7381,-24.71,257.46000000000004,-34.09,0
1786849363.4885006,L,0.824476,0.23033599999999999,0.500688,24.71,-166.39000000000001,80.15,0
1786849363.504021,L,0.8486319999999999,0.26961999999999997,0.3782,68.11,-189.77,80.36000000000001,0
1786849363.5185423,L,0.8805959999999999,0.283528,0.316712,72.80000000000001,-194.67000000000002,89.11000000000001,0
1786849363.5310657,R,0.768356,-0.063196,-0.641964,-41.440000000000005,257.88000000000005,-48.86000000000001,0
1786849363.5340643,L,0.825452,0.177144,0.270596,33.74,-183.89000000000001,96.88000000000001,0
1786849363.54664,R,0.760792,-0.055632,-0.504104,-51.870000000000005,276.92,-60.34,0
1786849363.5486393,L,0.818864,0.073688,0.255956,9.24,-165.06,94.29,0
1786849363.5632877,R,0.745908,-0.027084,-0.376492,-33.25,272.72,-57.75000000000001,0
1786849363.5642877,L,0.798368,0.062708,0.25254,4.9,-145.81,91.14000000000001,0
1786849363.5783093,R,0.746884,0.002928,-0.294508,-28.42,263.27000000000004,-52.150000000000006,0
1786849363.5793102,L,0.7881199999999999,0.084668,0.23668,33.32,-147.70000000000002,82.53,0
1786849363.5942788,L,0.79544,0.124196,0.160552,61.25000000000001,-166.25000000000003,77.91000000000001,0
1786849363.6084292,L,0.8300879999999999,0.155916,0.13541999999999998,78.47000000000001,-165.97000000000003,82.74000000000001,0
1786849363.6239512,L,0.801052,0.091256,0.00122,60.550000000000004,-142.10000000000002,87.78000000000002,0
1786849363.638472,L,0.7868999999999999,0.004392,-0.0366,31.01,-127.96000000000001,88.48,0
1786849363.6541388,L,0.795684,0.016347999999999998,-0.11053199999999999,22.540000000000003,-128.10000000000002,79.10000000000001,0
1786849363.668441,L,0.8054439999999999,0.046604,-0.16469999999999999,23.590000000000003,-131.18,65.24000000000001,0
1786849363.683961,L,0.802272,0.05856,-0.24912399999999998,24.570000000000004,-134.54000000000002,59.080000000000005,0
1786849363.6984816,L,0.726144,-0.006588,-0.40821199999999996,8.89,-113.47000000000001,63.63,0
1786849363.7130022,R,0.749568,0.044652,-0.259616,-38.85,252.35000000000002,-46.620000000000005,0
1786849363.7140038,L,0.617564,-0.10248,-0.517524,-3.5700000000000003,-85.4,67.97000000000001,0
1786849363.7285304,L,0.537532,-0.188612,-0.646112,-11.760000000000002,-54.040000000000006,63.77,0
1786849363.7442143,L,0.500444,-0.215696,-0.776896,-22.05,-9.170000000000002,48.650000000000006,0
1786849363.759181,L,0.460184,-0.1159,-0.829844,-40.25000000000001,42.21,31.430000000000003,0
1786849363.7738962,L,0.425292,-0.06954,-0.8152039999999999,-53.550000000000004,92.47000000000001,17.57,0
1786849363.7864182,R,0.76982,0.127612,-0.225944,-39.13,262.99,-34.440000000000005,0
1786849363.7884166,L,0.449936,-0.059047999999999996,-0.652456,-48.160000000000004,139.44000000000003,2.9400000000000004,0
1786849363.8039443,L,0.542412,0.007076,-0.315736,-30.310000000000002,186.48000000000002,-21.560000000000002,0
1786849363.8184667,L,0.628056,0.114436,-0.120292,-5.880000000000001,225.96,-48.93000000000001,0
1786849363.83399,L,0.596092,0.134688,-0.124196,-2.5200000000000005,258.58000000000004,-62.86000000000001,0
1786849363.8493075,L,0.543632,0.102968,0.02196,-21.35,280.70000000000005,-69.58000000000001,0
1786849363.860878,R,0.771772,0.07198,-0.07808,-49.00000000000001,282.03000000000003,-34.300000000000004,0
1786849363.8638773,L,0.645624,0.23985199999999998,0.426268,-67.97000000000001,288.12,-60.410000000000004,0
1786849363.878397,L,0.771772,0.227408,0.868396,-42.56,263.76000000000005,-54.040000000000006,0
1786849363.8909192,R,0.73322,0.005612,0.07002799999999999,-58.940000000000005,266.56,-44.38,0
1786849363.8939188,L,0.896456,0.210816,1.146556,38.64,187.81000000000003,-65.73,0
1786849363.9084387,L,0.915244,0.148108,0.92842,47.18000000000001,148.68,-76.02000000000001,0
1786849363.9239626,L,0.9250039999999999,0.084668,0.936228,13.650000000000002,124.39000000000001,-71.54,0
1786849363.9384856,L,0.988688,0.045384,1.001132,-2.5200000000000005,93.87,-74.9,0
1786849363.954057,L,1.128012,0.23985199999999998,1.167052,-42.77,64.19000000000001,-63.63,0
1786849363.968577,L,1.218536,0.38064,1.03822,-72.45,63.84,-26.110000000000003,0
1786849363.9841015,L,1.220732,0.291336,1.11142,-50.96000000000001,63.84,-7.140000000000001,0
1786849363.9986234,L,1.140456,0.214232,0.914756,-7.420000000000001,35.910000000000004,-1.33,0
1786849364.0111506,R,0.73566,0.030255999999999998,0.10614,-50.75000000000001,240.24,-47.88,0
1786849364.0141492,L,1.064572,0.055388,0.631472,-7.630000000000001,19.250000000000004,1.1900000000000002,0
1786849364.026563,R,0.745908,0.070516,0.157868,-35.14,221.41000000000003,-42.7,0
1786849364.027563,R,0.774212,0.07808,0.179828,-34.230000000000004,207.20000000000002,-40.25000000000001,0
1786849364.0285642,L,1.053592,-0.06954,0.55632,-21.770000000000003,-1.4000000000000001,-3.0100000000000002,0
1786849364.0433784,L,1.0955599999999999,-0.035136,0.554612,-27.090000000000003,-14.840000000000002,-5.8100000000000005,0
1786849364.056431,R,0.80398,0.131516,0.182512,-28.980000000000004,194.60000000000002,-32.34,0
1786849364.0584314,L,1.152168,0.078568,0.737124,-25.970000000000002,-9.590000000000002,-2.1700000000000004,0
1786849364.0729508,R,0.797636,0.11809599999999999,0.266936,-21.35,192.64000000000001,-25.130000000000003,0
1786849364.0739515,L,1.192672,0.172752,0.884988,1.61,-13.090000000000002,1.2600000000000002,0
1786849364.0874727,R,0.329888,0.001952,1.22732,-5.95,50.330000000000005,-51.17,0
1786849364.0884726,L,1.17852,0.18470799999999998,0.885232,25.060000000000002,-25.410000000000004,1.1900000000000002,0
1786849364.1009982,R,0.202764,0.012199999999999999,1.159976,-41.300000000000004,-163.38000000000002,-75.18,0
1786849364.1029973,R,0.720044,0.274012,-0.47482399999999997,57.260000000000005,-334.74,46.27,0
1786849364.1039975,L,1.1265479999999999,0.17177599999999998,0.807152,19.740000000000002,-48.93000000000001,7.5600000000000005,0
1786849364.1175199,R,0.992592,-0.02928,-1.048712,104.93,-340.48,48.230000000000004,0
1786849364.1185203,L,1.092876,0.099308,0.781044,0.35000000000000003,-77.42,13.860000000000001,0
1786849364.134043,L,1.098,0.11468,0.882792,-5.250000000000001,-107.59,19.39,0
1786849364.1486049,L,1.115324,0.11931599999999999,0.951356,8.96,-140.98000000000002,20.860000000000003,0
1786849364.1641252,L,1.164368,0.15420799999999998,0.945012,31.780000000000005,-162.26000000000002,20.020000000000003,0
1786849364.1786473,L,1.1448479999999999,0.156404,0.8991399999999999,16.310000000000002,-170.8,25.410000000000004,0
1786849364.1912034,R,1.200968,0.386496,-0.711016,1.8200000000000003,20.23,-47.53,0
1786849364.1942036,L,1.080188,0.143228,0.819108,5.460000000000001,-191.31000000000003,26.810000000000002,0
1786849364.2083957,L,1.022848,0.11345999999999999,0.686372,7.700000000000001,-217.70000000000002,28.770000000000003,0
1786849364.2239163,L,0.9916159999999999,0.057583999999999996,0.621468,11.620000000000001,-232.33,27.37,0
1786849364.2384388,L,0.9201239999999999,0.038308,0.502152,8.33,-236.39000000000001,28.35,0
1786849364.2540095,L,0.82228,-0.011224,0.258884,6.720000000000001,-237.02,31.85,0
1786849364.2675352,R,1.129476,0.401868,-0.543388,-17.150000000000002,28.42,-29.470000000000002,0
1786849364.2685354,L,0.741028,-0.048799999999999996,0.084912,-7.000000000000001,-227.43000000000004,34.160000000000004,0
1786849364.2810552,R,1.092876,0.39894,-0.499224,-15.400000000000002,22.19,-2.8000000000000003,0
1786849364.2830555,R,1.119716,0.393572,-0.6192719999999999,-7.3500000000000005,14.21,19.040000000000003,0
1786849364.2840548,L,0.69174,-0.048556,-0.0060999999999999995,-17.71,-214.83,32.480000000000004,0
1786849364.2965753,R,1.213656,0.255712,-0.9333,26.67,29.26,47.18000000000001,0
1786849364.2975752,R,1.155584,0.172264,-1.043588,21.560000000000002,52.080000000000005,43.540000000000006,0
1786849364.2985754,L,0.727608,0.033428,-0.0183,-13.020000000000001,-210.28000000000003,25.060000000000002,0
1786849364.311094,R,1.082872,0.12102399999999999,-1.1387479999999999,10.920000000000002,86.45,39.2,0
1786849364.3130965,R,1.015528,0.0427,-1.13216,3.0100000000000002,122.57000000000001,28.910000000000004,0
1786849364.3140955,L,0.6895439999999999,0.08588799999999999,-0.11834,7.840000000000001,-211.19000000000003,23.1,0
1786849364.3286166,L,0.622932,0.050263999999999996,-0.28426,14.910000000000002,-206.43,28.630000000000003,0
1786849364.343329,R,0.987712,0.032452,-1.135576,-6.090000000000001,160.23000000000002,12.040000000000001,0
1786849364.356409,R,0.944036,0.136884,-0.881572,-19.250000000000004,276.36,-11.13,0
1786849364.3584082,L,0.55998,-0.02318,-0.432612,4.760000000000001,-184.31000000000003,32.2,0
1786849364.3599117,L,0.509472,-0.078324,-0.493368,-6.720000000000001,-152.46,33.25,0
1786849364.373931,L,0.538752,-0.085156,-0.482144,-8.4,-123.48000000000002,26.810000000000002,0
1786849364.387454,R,0.521184,0.16836,0.287188,-63.14000000000001,282.03000000000003,1.7500000000000002,0
1786849364.3884556,L,0.553392,-0.049776,-0.529724,-8.82,-93.94000000000001,22.400000000000002,0
1786849364.4039822,L,0.583892,0.021716,-0.5614439999999999,-10.64,-66.15,17.78,0
1786849364.416508,R,0.504592,0.111264,0.418216,-59.290000000000006,268.73,12.600000000000001,0
1786849364.417508,R,0.487024,0.044652,0.553148,-50.89000000000001,242.83,18.69,0
1786849364.418506,L,0.566568,0.050508,-0.6168319999999999,-8.190000000000001,-44.31,16.8,0
1786849364.4310305,R,0.46311199999999997,-0.018056,0.68808,-37.31,217.28000000000003,17.080000000000002,0
1786849364.4340289,L,0.53314,0.032695999999999996,-0.60512,-8.89,-28.42,18.130000000000003,0
1786849364.4476497,R,0.43163599999999996,-0.053924,0.8103239999999999,-39.2,194.60000000000002,4.760000000000001,0
1786849364.448649,L,0.514352,-0.048068,-0.628056,-7.98,-15.190000000000001,18.270000000000003,0
1786849364.461271,R,0.406016,-0.059536,0.897676,-49.21000000000001,165.55,-12.180000000000001,0
1786849364.4632711,R,0.39161999999999997,-0.027084,0.932812,-53.480000000000004,132.79000000000002,-25.900000000000002,0
1786849364.464271,L,0.574376,-0.06831999999999999,-0.532408,-8.82,-2.3800000000000003,14.840000000000002,0
1786849364.4766805,R,0.400404,0.009271999999999999,0.9372039999999999,-45.78,104.44000000000001,-33.11000000000001,0
1786849364.4786808,L,0.680272,-0.054168,-0.474092,-5.74,13.440000000000001,7.7700000000000005,0
1786849364.4913855,R,0.421388,0.047335999999999996,0.937936,-33.6,78.12,-28.840000000000003,0
1786849364.4933853,L,0.7424919999999999,-0.032208,-0.427488,-5.880000000000001,32.410000000000004,0.07,0
1786849364.5075064,R,0.43432,0.054655999999999996,0.937936,-20.51,51.870000000000005,-17.01,0
1786849364.5085046,L,0.797636,-0.000732,-0.34111199999999997,-6.300000000000001,47.74,-10.080000000000002,0
1786849364.5210295,R,0.450668,0.032208,0.923296,-5.460000000000001,22.470000000000002,-6.580000000000001,0
1786849364.524029,L,0.838384,0.042212,-0.279624,-8.190000000000001,58.800000000000004,-14.280000000000001,0
1786849364.5375528,R,0.482144,0.0068319999999999995,0.851804,-4.550000000000001,-3.5000000000000004,-8.89,0
1786849364.5385518,L,0.835456,0.052948,-0.227408,-9.73,65.31,-9.100000000000001,0
1786849364.551125,R,0.529236,-0.011956,0.7646959999999999,-6.23,-24.01,-15.96,0
1786849364.554124,L,0.82228,-0.020739999999999998,-0.20618,-6.16,66.22000000000001,-3.9200000000000004,0
1786849364.567647,R,0.5734,-0.011224,0.695644,-9.38,-35.14,-26.180000000000003,0
1786849364.5686479,L,0.866444,-0.06831999999999999,-0.145424,-4.970000000000001,61.53000000000001,-4.2,0
1786849364.584172,L,0.96746,-0.060268,-0.10052799999999999,-5.040000000000001,57.120000000000005,-8.260000000000002,0
1786849364.5984244,L,1.020896,-0.032695999999999996,-0.089304,-13.020000000000001,55.09,-8.680000000000001,0
1786849364.6139443,L,1.035048,-0.012444,-0.088328,-26.110000000000003,49.56,-6.86,0
1786849364.628467,L,1.034804,0.017811999999999998,-0.070516,-42.07000000000001,38.50000000000001,0.7000000000000001,0
1786849364.6434915,L,1.07116,-0.000732,-0.066612,-41.160000000000004,24.570000000000004,7.280000000000001,0
1786849364.6565318,R,0.622932,0.005612,0.635864,-14.770000000000001,-41.02,-40.88,0
1786849364.658532,L,1.129476,0.004148,-0.061732,-27.930000000000003,10.500000000000002,6.930000000000001,0
1786849364.674053,L,1.187792,0.019764,-0.068808,-19.180000000000003,7.140000000000001,4.2,0
1786849364.6885717,L,1.201456,0.014152,-0.068076,-16.1,8.96,0.14,0
1786849364.7040956,L,1.164612,-0.005124,-0.082228,-14.21,10.15,-1.9600000000000002,0
1786849364.7186158,L,1.118496,-0.00732,-0.092476,-13.650000000000002,10.780000000000001,0.56,0
1786849364.734139,L,1.096292,0.012931999999999999,-0.0732,-14.490000000000002,9.940000000000001,5.53,0
1786849364.7491674,L,1.0943399999999999,0.038308,-0.068564,-13.020000000000001,6.720000000000001,11.270000000000001,0
1786849364.7639213,L,1.0882399999999999,0.030744,-0.10858,-9.31,0.14,12.110000000000001,0
1786849364.778445,L,1.096536,0.033916,-0.133712,-9.38,-3.22,10.010000000000002,0
1786849364.7939658,L,1.0772599999999999,0.024156,-0.14127599999999998,-11.06,-3.8500000000000005,8.540000000000001,0
1786849364.8084922,L,1.041148,0.007808,-0.17055599999999999,-12.180000000000001,-2.7300000000000004,7.3500000000000005,0
1786849364.824013,L,1.009428,0.0060999999999999995,-0.169092,-14.070000000000002,1.4700000000000002,6.23,0
1786849364.838746,L,0.9828319999999999,0.029036,-0.155428,-13.370000000000001,4.62,7.140000000000001,0
1786849364.8513482,R,0.67222,0.04636,0.566568,-14.21,-48.86000000000001,-53.900000000000006,0
1786849364.8543487,L,0.96014,0.020252,-0.161772,-7.98,6.86,8.05,0
1786849364.8684263,L,0.95282,0.023667999999999998,-0.13078399999999998,-6.580000000000001,9.66,8.05,0
1786849364.8839474,L,0.952332,0.031232,-0.12688,-3.6400000000000006,10.290000000000001,7.630000000000001,0
1786849364.8984673,L,0.9447679999999999,0.018543999999999998,-0.121756,-3.6400000000000006,11.410000000000002,8.260000000000002,0
1786849364.9139948,L,0.9298839999999999,-0.00244,-0.122488,-6.090000000000001,14.700000000000001,7.490000000000001,0
1786849364.9285164,L,0.916708,-0.007808,-0.131028,-9.31,19.250000000000004,7.910000000000001,0
1786849364.9440386,L,0.900604,-0.022203999999999998,-0.129076,-9.38,23.310000000000002,8.610000000000001,0
1786849364.9586246,L,0.878644,-0.020252,-0.133712,-9.450000000000001,24.220000000000002,9.170000000000002,0
1786849364.9711466,R,0.725656,0.143228,0.474092,-6.65,-51.730000000000004,-55.650000000000006,0
1786849364.9741497,L,0.8708359999999999,-0.018788,-0.150304,-7.840000000000001,22.96,8.610000000000001,0
1786849364.989179,L,0.859368,-0.03904,-0.159576,-5.180000000000001,22.820000000000004,6.510000000000001,0
1786849365.0033536,R,0.784704,0.197152,0.433344,2.1,-49.21000000000001,-43.82000000000001,0
1786849365.0043545,L,0.858636,-0.050263999999999996,-0.151036,-5.670000000000001,27.230000000000004,3.99,0
1786849365.0185876,L,0.8486319999999999,-0.07198,-0.174704,-8.05,37.24,0.8400000000000001,0
1786849365.0312037,R,0.8498519999999999,0.206424,0.412116,2.9400000000000004,-52.150000000000006,-35.28,0
1786849365.034203,L,0.828136,-0.098088,-0.181536,-9.870000000000001,49.14000000000001,-1.33,0
1786849365.0492377,L,0.797148,-0.10858,-0.19178399999999998,-10.64,60.13,-2.66,0
1786849365.061383,R,0.904264,0.196176,0.37746799999999997,3.8500000000000005,-59.57000000000001,-33.11000000000001,0
1786849365.0633824,L,0.7512759999999999,-0.127856,-0.211304,-13.440000000000001,74.62,-3.5700000000000003,0
1786849365.078474,L,0.702476,-0.114436,-0.179584,-14.490000000000002,87.78000000000002,-4.760000000000001,0
1786849365.093996,L,0.667584,-0.042943999999999996,-0.148108,-13.440000000000001,95.9,-1.33,0
1786849365.106521,R,0.947696,0.194712,0.328912,3.2900000000000005,-63.42000000000001,-35.21,0
1786849365.1085181,L,0.622688,-0.049532,-0.14518,-11.13,105.07000000000001,4.69,0
1786849365.121042,R,0.983076,0.209596,0.288164,2.1700000000000004,-60.690000000000005,-36.89,0
1786849365.1230414,R,1.007232,0.23155599999999998,0.261324,2.9400000000000004,-54.60000000000001,-35.49,0
1786849365.1240413,L,0.5724239999999999,-0.094916,-0.146888,-11.9,117.88000000000001,8.47,0
1786849365.136561,R,1.019432,0.25376,0.272304,-0.21000000000000002,-30.17,-17.64,0
1786849365.1375618,R,0.88206,0.170068,0.40138,-9.24,-7.3500000000000005,-7.07,0
1786849365.1400673,L,0.5551,-0.13078399999999998,-0.066368,-7.700000000000001,135.59,9.73,0
1786849365.1541488,L,0.564372,-0.11468,0.008296,-0.14,154.56,11.9,0
1786849365.169304,L,0.598044,-0.123708,0.10736,-6.23,180.74,17.57,0
1786849365.1839309,L,0.607072,-0.13786,0.14762,-10.15,200.34000000000003,20.020000000000003,0
1786849365.1984522,L,0.604632,-0.111752,0.165676,-10.290000000000001,212.31000000000003,20.090000000000003,0
1786849365.213971,L,0.6575799999999999,-0.09589199999999999,0.315736,0.35000000000000003,219.10000000000002,17.5,0
1786849365.228493,L,0.702476,-0.09589199999999999,0.402844,30.870000000000005,212.38000000000002,8.82,0
1786849365.2440145,L,0.69052,-0.1403,0.30744,36.82,212.66000000000003,-3.43,0
1786849365.2585492,L,0.678808,-0.19519999999999998,0.434076,8.190000000000001,225.47000000000003,-20.020000000000003,0
1786849365.2710714,R,0.773236,0.231068,0.36722,0.9800000000000001,-27.160000000000004,-13.440000000000001,0
1786849365.2740707,L,0.720776,-0.124684,0.680028,-23.310000000000002,233.10000000000002,-31.710000000000004,0
1786849365.2885916,L,0.760792,-0.125416,0.903044,-45.64000000000001,241.57000000000002,-28.070000000000004,0
1786849365.3041131,L,0.793976,-0.101992,1.1712,-0.42000000000000004,213.08,-29.470000000000002,0
1786849365.3166342,R,0.731268,0.216916,0.47238399999999997,-3.43,-33.95,-20.160000000000004,0
1786849365.3176336,R,0.6405,0.224236,0.508252,-4.83,-44.660000000000004,-25.480000000000004,1
1786849365.318634,L,0.8854759999999999,-0.086132,1.095316,17.78,171.36,-34.790000000000006,1
1786849365.3311567,R,0.6636799999999999,0.221308,0.526552,3.5700000000000003,-82.53,-35.7,1
1786849365.3331575,R,0.538996,0.151768,0.385764,22.400000000000002,-128.10000000000002,-14.420000000000002,1
1786849365.348743,L,1.0187,-0.0305,1.166564,7.3500000000000005,135.03,-39.2,1
1786849365.3502462,L,1.1685159999999999,0.017568,1.1834,2.45,100.03000000000002,-44.38,1
1786849365.3613534,R,0.503616,0.097356,0.382592,15.120000000000001,-138.25,-23.520000000000003,1
1786849365.3633542,R,0.510448,0.102968,0.376004,15.190000000000001,-154.63000000000002,-43.61000000000001,1
1786849365.3653538,L,1.222928,0.059292,1.176812,-10.71,73.36000000000001,-40.74,1
1786849365.376414,R,0.55388,0.16836,0.327204,23.17,-178.92000000000002,-61.88,1
1786849365.3784132,L,1.2153639999999999,0.044164,1.114104,-24.85,53.480000000000004,-35.28,1
1786849365.3939316,L,1.181448,0.060268,1.065548,-32.620000000000005,40.040000000000006,-23.87,1
1786849365.4064543,R,0.574132,0.278404,0.239364,35.42,-205.87000000000003,-66.64,1
1786849365.4074543,R,0.638792,0.4209,-0.751764,35.42,-255.92000000000002,-80.36000000000001,1
1786849365.409956,L,1.18218,0.092232,1.0809199999999999,-19.110000000000003,23.94,-8.96,1
1786849365.4239788,L,1.155584,0.06954,0.931592,-15.190000000000001,16.94,5.180000000000001,1
1786849365.436501,R,0.936472,0.6612399999999999,-1.20902,57.400000000000006,-175.49,-29.19,1
1786849365.4385002,L,1.079212,0.034892,0.80764,-19.32,15.610000000000001,13.650000000000002,1
1786849365.4511392,R,1.064084,0.581696,-1.282464,38.43000000000001,-159.60000000000002,-15.260000000000002,1
1786849365.4531398,R,1.165588,0.53314,-1.332484,18.69,-128.52,-13.440000000000001,1
1786849365.4541392,L,0.988444,0.017811999999999998,0.7166279999999999,-19.39,17.990000000000002,15.820000000000002,1
1786849365.4666605,R,1.19316,0.48092399999999996,-1.273436,-3.9200000000000004,-83.09,-21.000000000000004,1
1786849365.4686606,L,0.88816,0.007808,0.6439159999999999,-21.14,24.430000000000003,14.420000000000002,1
1786849365.4812872,R,1.1685159999999999,0.42212,-1.115812,-23.590000000000003,-39.970000000000006,-35.42,1
1786849365.4832885,R,1.157536,0.45945199999999997,-0.9852719999999999,-18.55,-11.06,-42.980000000000004,1
1786849365.484292,L,0.793488,-0.020007999999999998,0.601216,-22.05,34.580000000000005,15.190000000000001,1
1786849365.496733,R,1.13704,0.543388,-0.8596119999999999,-11.830000000000002,9.66,-29.470000000000002,1
1786849365.4977334,R,1.083116,0.543388,-0.687592,-20.44,23.520000000000003,-10.500000000000002,1
1786849365.4987338,L,0.74298,-0.057828,0.600972,-24.78,48.02,17.85,1
1786849365.5114849,R,1.0004,0.4758,-0.538752,-31.430000000000003,27.37,-4.2700000000000005,1
1786849365.5134866,L,0.689056,-0.061975999999999996,0.621224,-19.950000000000003,57.470000000000006,18.200000000000003,1
1786849365.5265372,R,0.908168,0.436272,-0.436272,-35.84,25.62,-7.07,1
1786849365.527537,R,0.826672,0.403088,-0.335012,-36.190000000000005,18.69,-11.270000000000001,1
1786849365.5285368,L,0.632692,-0.026108,0.60634,-4.970000000000001,64.96000000000001,12.88,1
1786849365.5410583,R,0.756644,0.409676,-0.24326799999999998,-26.740000000000002,-3.9200000000000004,-11.760000000000002,1
1786849365.543058,L,0.564372,-0.010735999999999999,0.549976,-0.6300000000000001,75.60000000000001,6.720000000000001,1
1786849365.5584507,L,0.508984,-0.008539999999999999,0.510448,-0.9100000000000001,87.15,-2.1,1
1786849365.5709722,R,0.7105279999999999,0.48312,-0.230824,-10.290000000000001,-27.37,0.8400000000000001,1
1786849365.5729725,R,0.671488,0.475556,-0.223016,1.7500000000000002,-49.07000000000001,11.760000000000002,1
1786849365.586491,R,0.61854,0.421632,-0.216672,13.72,-70.49000000000001,23.310000000000002,1
1786849365.5884912,L,0.461404,-0.010248,0.448472,0.6300000000000001,97.65,-12.39,1
1786849365.5899944,L,0.4392,0.03294,0.441396,-3.08,107.80000000000001,-18.55,1
1786849365.6030154,R,0.5477799999999999,0.342088,-0.217404,20.3,-88.9,28.700000000000003,1
1786849365.604016,L,0.41138399999999997,0.038308,0.459208,-11.690000000000001,119.14000000000001,-22.96,1
1786849365.6165357,R,0.488,0.27083999999999997,-0.233752,19.110000000000003,-104.44000000000001,24.080000000000002,1
1786849365.6185374,L,0.389424,0.04514,0.553148,-5.460000000000001,124.04,-25.970000000000002,1
1786849365.631058,R,0.44408,0.245952,-0.252296,17.78,-112.77000000000001,18.62,1
1786849365.6330578,R,0.413336,0.257664,-0.27694,17.360000000000003,-121.31000000000002,21.700000000000003,1
1786849365.634058,L,0.355752,0.013663999999999999,0.579256,3.9200000000000004,127.05000000000001,-30.660000000000004,1
1786849365.6466844,R,0.40699199999999996,0.250588,-0.298168,20.44,-133.70000000000002,25.62,1
1786849365.647686,R,0.40016,0.254736,-0.367464,25.830000000000002,-151.13000000000002,31.500000000000004,1
1786849365.648686,L,0.366,0.011467999999999999,0.70028,15.680000000000001,132.93,-34.720000000000006,1
1786849365.6613374,R,0.412116,0.24644,-0.464088,25.970000000000002,-161.14000000000001,36.75,1
1786849365.663337,R,0.40626,0.202764,-0.547536,17.85,-164.50000000000003,36.89,1
1786849365.664337,L,0.391376,-0.0026839999999999998,0.716872,16.73,147.56,-41.370000000000005,1
1786849365.6764462,R,0.380884,0.171288,-0.6180519999999999,1.4000000000000001,-167.58,24.71,1
1786849365.6799498,L,0.386008,0.054168,0.7832399999999999,-2.9400000000000004,167.09,-46.13,1
1786849365.692972,R,0.36844,0.18666,-0.7783599999999999,-7.490000000000001,-178.78000000000003,8.47,1
1786849365.7064955,R,0.388204,0.308904,-1.0187,0.9100000000000001,-170.66000000000003,7.700000000000001,1
1786849365.7100003,L,0.345504,0.096868,0.862296,-27.300000000000004,178.36,-46.2,1
1786849365.7110035,L,0.322324,0.10760399999999999,1.107028,-14.280000000000001,166.25000000000003,-44.17,1
1786849365.7210174,R,0.437492,0.407724,-1.250988,22.750000000000004,-164.01000000000002,18.69,1
1786849365.7240164,L,0.310124,0.09028,1.358104,33.67,135.24,-37.59,1
1786849365.737535,R,0.508252,0.44334799999999996,-1.47376,31.290000000000003,-143.85000000000002,38.57,1
1786849365.7385354,L,0.377956,0.03294,1.418372,45.92,105.49000000000001,-29.330000000000002,1
1786849365.7511904,R,0.57218,0.362584,-1.5506199999999999,8.82,-116.55000000000001,36.61000000000001,1
1786849365.7541897,L,0.454084,0.042212,1.485472,15.96,95.34,-18.830000000000002,1
1786849365.766275,R,0.592676,0.327692,-1.577704,-8.05,-91.84,16.520000000000003,1
1786849365.7692764,L,0.49776,0.043432,1.496208,-8.120000000000001,86.38000000000001,-13.580000000000002,1
1786849365.7814946,R,0.60268,0.348188,-1.559892,-11.830000000000002,-62.440000000000005,-8.33,1
1786849365.7844942,L,0.460428,0.07124799999999999,1.4557039999999999,-19.810000000000002,68.53,-8.47,1
1786849365.7985563,L,0.415288,0.044896,1.39446,-17.220000000000002,42.07000000000001,-8.260000000000002,1
1786849365.8140795,L,0.38674,-0.0017079999999999999,1.308328,-10.22,12.250000000000002,-10.15,1
1786849365.8265996,R,0.577548,0.40748,-1.45668,-13.510000000000002,-35.07,-30.590000000000003,1
1786849365.828599,L,0.410896,-0.033428,1.261236,-15.190000000000001,-6.370000000000001,-14.350000000000001,1
1786849365.8564694,R,0.520208,0.50996,-1.342488,-8.260000000000002,-18.200000000000003,-42.07000000000001,1
1786849365.8584697,L,0.428708,-0.045384,1.2409839999999999,-18.76,-17.85,-22.19,1
1786849365.8594713,L,0.432124,-0.02928,1.17242,-28.910000000000004,-24.570000000000004,-33.81,1
1786849365.8735237,L,0.366244,-0.012931999999999999,1.084092,-33.6,-35.910000000000004,-43.400000000000006,1
1786849365.8863318,R,0.48068,0.601216,-1.265384,-9.030000000000001,5.390000000000001,-35.07,1
1786849365.888331,R,0.46482,0.601704,-1.156804,-17.150000000000002,24.85,-24.64,1
1786849365.8893323,L,0.278892,-0.011467999999999999,1.028704,-22.19,-55.230000000000004,-49.07000000000001,1
1786849365.901536,R,0.486048,0.567788,-1.04432,-23.590000000000003,30.240000000000002,-19.740000000000002,1
1786849365.9035358,L,0.21276799999999998,-0.013176,0.997472,-9.38,-66.78,-52.36000000000001,1
1786849365.9162903,R,0.47946,0.561688,-0.9852719999999999,-26.6,31.990000000000002,-13.3,1
1786849365.9182894,R,0.427732,0.533384,-0.941596,-22.330000000000002,30.870000000000005,-0.21000000000000002,1
1786849365.91929,L,0.276208,-0.032695999999999996,1.0413919999999999,-6.930000000000001,-65.10000000000001,-44.59,1
1786849365.9314806,R,0.37088,0.472872,-0.939156,-21.770000000000003,31.080000000000002,13.23,1
1786849365.9334812,L,0.288164,-0.006344,1.049688,-11.9,-50.89000000000001,-38.85,1
1786849365.946721,R,0.315736,0.42456,-0.968436,-24.78,40.88,26.740000000000002,1
1786849365.9487205,L,0.315004,-0.008784,1.10044,-32.760000000000005,-35.49,-30.660000000000004,1
1786849365.963782,L,0.266936,-0.01464,1.078968,-34.93000000000001,-28.490000000000002,-35.28,1
1786849365.9755158,R,0.290848,0.324276,-0.943792,-28.910000000000004,43.190000000000005,30.1,1
1786849365.9790058,L,0.223016,0.015372,1.047248,-38.010000000000005,-26.880000000000003,-40.46,1
1786849365.9925897,R,0.30134,0.277672,-0.92232,-33.53,41.300000000000004,21.98,1
1786849366.0082262,R,0.335256,0.307684,-0.938912,-28.28,38.99,14.000000000000002,1
1786849366.0092266,L,0.19983599999999999,0.044652,1.059204,-37.59,-28.070000000000004,-42.910000000000004,1
1786849366.0092266,L,0.199348,0.072468,1.102148,-27.720000000000002,-40.95,-41.370000000000005,1
1786849366.021746,R,0.361364,0.33427999999999997,-0.931592,-31.220000000000002,41.160000000000004,7.5600000000000005,1
1786849366.022748,R,0.363804,0.33794,-0.9298839999999999,-42.21,43.89000000000001,5.670000000000001,1
1786849366.0237484,L,0.240584,0.013908,1.0401719999999999,-19.040000000000003,-51.52,-43.120000000000005,1
1786849366.036343,R,0.35746,0.349164,-0.9581879999999999,-50.050000000000004,52.99,0.6300000000000001,1
1786849366.038343,R,0.392352,0.3477,-1.002108,-60.690000000000005,75.46000000000001,-2.3800000000000003,1
1786849366.0393426,L,0.28426,-0.009028,1.009184,-31.080000000000002,-50.260000000000005,-49.63,1
1786849366.050622,R,0.437736,0.3111,-1.025288,-75.46000000000001,94.15,-5.180000000000001,1
1786849366.052937,R,0.47702,0.247416,-0.976976,-75.04,91.35000000000001,-11.410000000000002,1
1786849366.0666394,R,0.5133759999999999,0.247416,-0.936228,-64.82000000000001,80.43,-22.680000000000003,1
1786849366.0686386,L,0.362096,0.044164,1.021628,-43.260000000000005,-51.24,-54.46000000000001,1
1786849366.0696392,L,0.439444,0.1098,1.101904,-52.220000000000006,-49.910000000000004,-48.86000000000001,1
1786849366.0840075,L,0.49776,0.052948,1.15534,-61.46000000000001,-46.550000000000004,-44.03,1
1786849366.1131558,R,0.545584,0.291092,-0.897676,-49.21000000000001,69.51,-35.14,1
1786849366.1141562,L,0.507276,0.035623999999999996,1.147532,-84.63000000000001,-34.720000000000006,-51.24,1
1786849366.1166651,L,0.474336,0.132248,1.086776,-109.9,-29.610000000000003,-59.010000000000005,1
1786849366.129253,L,0.425292,0.195932,1.02236,-108.36000000000001,-39.27,-59.99000000000001,1
1786849366.1437738,L,0.43602799999999997,0.111996,0.963068,-83.09,-72.66000000000001,-59.010000000000005,1
1786849366.1592937,L,0.49141599999999996,0.05002,1.036268,-57.190000000000005,-103.95,-57.330000000000005,1
1786849366.171815,R,0.60024,0.351848,-0.860588,-39.970000000000006,68.53,-49.63,1
1786849366.1728146,R,0.658068,0.447984,-0.866932,-42.21,73.43,-56.21000000000001,1
1786849366.173815,L,0.5638839999999999,0.041479999999999996,1.0474919999999999,-54.25000000000001,-122.43,-58.17000000000001,1
1786849366.1893346,L,0.582916,0.01098,0.9718519999999999,-70.56,-109.83000000000001,-41.93000000000001,1
1786849366.2208812,L,0.612196,-0.074664,0.923296,-75.11000000000001,-105.63000000000001,-34.650000000000006,1
1786849366.2228885,L,0.660508,-0.046848,0.965264,-85.33000000000001,-114.38000000000001,-6.930000000000001,1
1786849366.2338996,L,0.6944239999999999,-0.052216,0.92598,-75.60000000000001,-122.08000000000001,17.92,1
1786849366.2489216,L,0.719556,-0.020252,0.902556,-58.730000000000004,-125.58000000000001,38.220000000000006,1
1786849366.2664628,L,0.7832399999999999,-0.078568,0.897188,-48.86000000000001,-123.97000000000001,56.49,1
1786849366.3095202,L,0.80276,-0.1281,0.900848,-63.07000000000001,-111.02000000000001,74.62,1
1786849366.3210356,R,0.699304,0.530456,-0.956236,-65.52000000000001,85.96000000000001,-48.440000000000005,1
1786849366.3510745,R,0.73932,0.484584,-0.9669719999999999,-83.86000000000001,109.76,-36.96,1
1786849366.3996332,L,0.765428,-0.178364,0.91622,-80.57000000000001,-107.87,75.88000000000001,1
1786849366.4111502,R,0.72468,0.36697599999999997,-0.831552,-76.72000000000001,114.45000000000002,-40.81,1
1786849366.4131553,R,0.712724,0.365268,-0.692716,-56.980000000000004,104.79,-63.910000000000004,1
1786849366.4442036,L,0.72468,-0.160796,0.940132,-75.53,-129.57000000000002,69.72000000000001,1
1786849366.445204,L,0.726144,-0.140544,0.901824,-60.13,-156.73000000000002,68.53,1
1786849366.4462566,L,0.754448,-0.270352,0.910852,-49.21000000000001,-179.13000000000002,64.96000000000001,1
1786849366.5183501,R,0.7564,0.44652,-0.606584,-46.410000000000004,96.46000000000001,-73.29,1
1786849366.6542015,L,0.795928,-0.313052,0.939644,-58.660000000000004,-180.60000000000002,59.36000000000001,1
1786849366.6985357,L,0.7564,-0.376004,0.8052,-79.45,-176.96,51.730000000000004,1
1786849366.7586145,L,0.727608,-0.323788,0.7893399999999999,-89.67,-193.27,44.730000000000004,1
1786849366.759615,L,0.71492,-0.30012,0.6907639999999999,-87.92,-221.20000000000002,34.93000000000001,1
1786849366.7611177,L,0.761768,-0.33061999999999997,0.6402559999999999,-77.42,-244.09000000000003,24.360000000000003,1
1786849366.8041751,L,0.764452,-0.315004,0.5856,-79.03,-255.43000000000004,20.720000000000002,1
1786849366.806682,L,0.73444,-0.345504,0.376004,-97.44000000000001,-255.08,21.35,1
1786849366.8196945,L,0.687592,-0.277428,0.24644,-104.72000000000001,-251.44000000000003,26.110000000000003,1
1786849366.8211975,L,0.324276,-0.218868,-0.666608,-27.160000000000004,-81.55000000000001,19.6,1
1786849366.8232012,L,0.42822,-0.055388,-0.072956,-21.14,-12.950000000000001,-52.99,1
1786849366.8242009,L,0.27816,0.271328,-0.477752,42.980000000000004,87.29,-145.18,1
1786849366.8242009,L,0.130296,0.7424919999999999,-0.20008,100.80000000000001,190.05,-194.95000000000002,1
1786849366.834214,L,0.02318,0.923052,-0.188856,114.03000000000002,212.87000000000003,-230.23000000000002,1
1786849366.834214,L,-0.11053199999999999,1.313208,-0.10931199999999999,111.65,277.62,-251.86,1
1786849366.846011,R,0.778848,0.611464,-0.5970679999999999,-34.230000000000004,82.46000000000001,-50.96000000000001,1
1786849366.8502343,L,-0.34038,1.471076,-0.159576,134.82000000000002,390.95000000000005,-242.27,1
1786849366.851235,L,-0.792024,1.78608,-0.135664,123.27000000000001,540.19,-257.6,1
1786849366.8624682,R,0.7646959999999999,0.668804,-0.610976,-40.46,84.35000000000001,-18.76,1
1786849366.8654685,L,-1.271728,2.3577719999999998,0.198372,124.25000000000001,660.3100000000001,-268.66,1
1786849366.876691,R,0.7512759999999999,0.5626639999999999,-0.585844,-44.940000000000005,77.98,3.9200000000000004,1
1786849366.8786917,L,-1.61406,2.888228,0.7278519999999999,152.88000000000002,729.33,-248.15000000000003,1
1786849366.8942132,L,-2.054968,3.203964,1.2348839999999999,268.52000000000004,737.5200000000001,-218.47000000000003,1
1786849366.909508,L,-2.809416,3.30986,1.496208,349.09000000000003,783.09,-211.33,1
1786849366.921121,R,0.787144,0.552904,-0.6156119999999999,-40.46,84.42,12.740000000000002,1
1786849366.9241242,L,-3.953288,3.7924919999999998,1.710928,336.14000000000004,903.4200000000001,-175.00000000000003,1
1786849366.937642,R,0.759084,0.6390359999999999,-0.758352,-78.61000000000001,145.32000000000002,-48.580000000000005,1
1786849366.9386435,L,-5.756692,3.609736,2.409256,216.09000000000003,1028.3000000000002,-158.55,1
1786849366.9511547,R,0.735904,0.543388,-0.727364,-113.82000000000001,180.46,-66.57000000000001,1
1786849366.969323,L,-7.1711599999999995,3.91742,3.42698,190.05,1096.97,-23.310000000000002,1
1786849366.970323,L,-7.020124,3.28912,3.6404799999999997,377.3,1154.0200000000002,42.980000000000004,1
1786849366.9813006,R,0.573156,0.504836,-0.38356799999999996,-132.93,247.24000000000004,-144.55,1
1786849366.9833045,R,0.467748,0.579988,-0.291824,-138.67000000000002,256.20000000000005,-149.10000000000002,1
1786849366.9843042,L,-7.0435479999999995,5.443396,4.093588,258.93,1181.1100000000001,527.24,1
1786849366.9966643,R,-0.087596,0.713456,1.025044,-75.60000000000001,190.4,-35.910000000000004,1
1786849366.9976645,R,-1.8788,-2.131584,-0.23424,-130.69000000000003,-620.2,518.7,1
1786849366.9986653,L,-6.528951999999999,4.4103,3.18786,20.44,1092.8400000000001,785.96,1
1786849367.011183,R,-3.256912,-2.302384,-1.28954,-49.7,-814.2400000000001,484.26000000000005,1
1786849367.0131876,R,-4.068944,-2.27774,-2.1789199999999997,-106.96000000000001,-836.4300000000001,455.42,1
1786849367.0141873,L,-6.904224,3.03536,2.012024,259.35,807.2400000000001,759.85,1
1786849367.026706,R,-7.883884,-1.1375279999999999,-4.56524,-234.57000000000002,-1189.0900000000001,404.39000000000004,1
1786849367.0277061,R,-7.994904,-1.037,-7.994904,-475.86000000000007,-1277.71,348.74,1
1786849367.0287063,L,-6.87104,2.634468,1.142896,386.82000000000005,601.7900000000001,606.9000000000001,1
1786849367.0411832,R,-7.994904,-2.402668,-7.994904,-487.62000000000006,-1018.6400000000001,-101.92000000000002,1
1786849367.0431874,R,-7.994904,-0.860344,-7.775792,-285.04,-752.9200000000001,-841.1200000000001,1
1786849367.0441873,L,-7.184092,1.911984,1.19926,263.48,532.7700000000001,366.8,1
1786849367.0566914,R,-7.994904,2.671556,-7.5483839999999995,-172.62,-758.3100000000001,-1336.5800000000002,1
1786849367.0576918,R,-7.994904,6.3623,-7.994904,-228.48000000000002,-691.0400000000001,-1469.7900000000002,1
1786849367.0586925,L,-7.188484,2.479284,1.373232,-136.71,530.32,304.57000000000005,1
1786849367.0712135,R,-5.8350159999999995,7.7516359999999995,-7.994904,-309.47,-468.65000000000003,-1037.19,1
1786849367.073217,R,-4.1265279999999995,4.499848,-7.994904,-293.37,-236.88000000000002,-544.6700000000001,1
1786849367.0742173,L,-7.741144,2.517348,2.158424,-562.5200000000001,468.09000000000003,465.9200000000001,1
1786849367.086353,R,-5.388008,1.439356,-7.107964,48.86000000000001,-275.66,-400.89000000000004,1
1786849367.088352,R,-6.926184,0.099308,-5.88406,216.79000000000002,-250.53000000000003,-672.07,1
1786849367.0893526,L,-7.3622119999999995,2.02886,2.739632,-634.1300000000001,408.66,586.0400000000001,1
1786849367.10147,R,-7.955864,0.750788,-5.4638919999999995,245.07000000000002,-218.75000000000003,-1050.91,1
1786849367.1035,L,-7.2345999999999995,1.9795719999999999,3.597292,-488.04,191.38000000000002,672.9100000000001,1
1786849367.1165276,R,-7.994904,2.123044,-5.536604,263.41,-221.62000000000003,-1282.0500000000002,1
1786849367.1185265,L,-7.9170679999999996,2.0510639999999998,4.090416,-277.27000000000004,-45.57000000000001,843.4300000000001,1
1786849367.1315873,R,-7.994904,4.107984,-6.743672,329.70000000000005,-76.30000000000001,-1282.1200000000001,1
1786849367.1335917,L,-7.994904,1.4630239999999999,4.272684,-62.440000000000005,-183.26000000000002,1047.8300000000002,1
1786849367.1463692,R,-7.107476,4.175084,-6.365228,350.00000000000006,135.03,-1061.3400000000001,1
1786849367.1493726,L,-7.994904,0.473116,4.292692,12.39,-231.77,1122.0300000000002,1
1786849367.161621,R,-6.394508,3.398432,-5.567104,274.47,205.17000000000002,-974.19,1
1786849367.1656551,L,-7.46518,-0.483364,4.081632,-54.32000000000001,-298.69000000000005,1029.98,1
1786849367.1912136,R,-6.2049199999999995,3.013156,-5.11668,302.68,252.98000000000002,-992.4600000000002,1
1786849367.194217,L,-6.7817359999999995,-0.771772,3.9008279999999997,-23.1,-367.15000000000003,866.95,1
1786849367.1963773,L,-6.299104,-0.678808,3.922056,175.98000000000002,-470.33000000000004,814.5200000000001,1
1786849367.206796,R,-6.096096,2.855044,-4.720912,373.52000000000004,299.39000000000004,-1018.3600000000001,1
1786849367.221433,R,-5.901872,3.122712,-5.113752,440.93000000000006,306.46000000000004,-1013.8800000000001,1
1786849367.2234728,L,-5.962872,-0.812276,3.9398679999999997,354.69000000000005,-495.81000000000006,851.2,1
1786849367.225472,L,-5.46438,-1.396656,3.9833,392.14000000000004,-431.83000000000004,885.0100000000001,1
1786849367.2386608,L,-4.922212,-2.076928,4.259508,327.32000000000005,-424.69000000000005,847.6300000000001,1
1786849367.2535632,L,-4.495944,-2.657648,4.44812,337.68,-481.11000000000007,721.84,1
1786849367.2677424,R,-5.354824,3.793956,-5.772064,445.97,459.97,-938.5600000000001,1
1786849367.2813227,R,-4.637952,3.522872,-5.034208,281.61,671.72,-826.84,1
1786849367.283427,L,-4.199728,-2.910432,4.171912,375.41,-588.0,610.82,1
1786849367.2854278,L,-4.046008,-3.116368,3.53434,368.13000000000005,-640.7800000000001,542.36,1
1786849367.2985716,L,-3.792736,-3.260084,2.822836,285.88000000000005,-641.62,503.72,1
1786849367.3116653,R,-4.236084,3.109536,-3.9981839999999997,64.12,812.4200000000001,-738.85,1
1786849367.3137224,L,-3.57094,-3.428444,2.334836,207.83,-593.5300000000001,455.70000000000005,1
1786849367.326752,R,-4.05162,2.84138,-3.219092,-18.830000000000002,886.1300000000001,-627.5500000000001,1
1786849367.328751,L,-3.28668,-3.419904,1.9559039999999999,111.51,-510.93000000000006,408.8,1
1786849367.3433843,L,-2.844064,-3.326696,1.487668,-3.5000000000000004,-434.63000000000005,314.93,1
1786849367.3566384,R,-3.85886,2.663748,-2.655208,22.26,889.5600000000001,-521.36,1
1786849367.3576384,R,-3.700504,2.811612,-2.3546,79.17,863.1000000000001,-425.67,1
1786849367.3884127,L,-2.325564,-3.0295039999999998,0.810812,-101.78000000000002,-413.35,189.84000000000003,1
1786849367.3914125,L,-1.9315039999999999,-2.570296,-0.07808,-166.67000000000002,-466.34000000000003,55.720000000000006,1
1786849367.3924968,L,-1.990796,-2.069852,-1.06628,-157.50000000000003,-569.6600000000001,-58.660000000000004,1
1786849367.4035592,L,-2.37534,-1.682868,-2.021784,-59.220000000000006,-592.69,-123.9,1
1786849367.4197288,L,-2.4461,-1.545008,-2.794044,5.880000000000001,-446.6,-136.85000000000002,1
1786849367.4342496,L,-1.985916,-1.606252,-3.039996,-5.53,-184.03000000000003,-141.47000000000003,1
1786849367.461558,R,-3.621204,3.293024,-2.12646,104.65,854.9100000000001,-357.49,1
1786849367.4626293,R,-3.48432,3.645116,-1.390312,64.12,806.6800000000001,-231.77,1
1786849367.4765599,R,-3.362076,3.781756,-0.629764,6.090000000000001,670.6,-6.44,1
1786849367.4775603,R,-3.49286,3.647556,-0.241804,53.620000000000005,488.74000000000007,249.27,1
1786849367.4937146,L,-1.167784,-1.53476,-2.285792,-54.53000000000001,105.14000000000001,-162.75000000000003,1
1786849367.5066268,R,-3.7268559999999997,3.346216,-0.015616,179.83,358.54,411.18000000000006,1
1786849367.507627,R,-3.697332,2.831376,0.409432,223.3,299.67,422.73,1
1786849367.5242498,L,-0.47238399999999997,-1.28832,-0.896456,-43.96,232.26000000000002,-200.97000000000003,1
1786849367.5252502,L,-0.091012,-0.9669719999999999,0.22082,6.44,177.8,-210.14000000000001,1
1786849367.5263293,L,0.143228,-0.852536,0.514352,-1.1900000000000002,81.2,-149.24,1
1786849367.5535524,L,0.179584,-1.099952,0.22936,-46.760000000000005,61.53000000000001,-68.11,1
1786849367.555552,L,0.153964,-1.3790879999999999,-0.092964,-92.47000000000001,114.59000000000002,-20.37,1
1786849367.5585675,L,0.06344,-1.429108,-0.098576,-110.60000000000001,165.62,-12.740000000000002,1
1786849367.5605679,L,-0.03172,-1.3607879999999999,-0.066368,-104.37,149.03,-29.470000000000002,1
1786849367.5686984,L,-0.031232,-1.242936,-0.18666,-89.39000000000001,100.94000000000001,-53.690000000000005,1
1786849367.5812147,R,-3.049512,2.131096,0.9557479999999999,94.43,270.76000000000005,310.17,1
1786849367.583218,R,-2.450492,1.809992,1.404708,-13.3,209.86,215.95000000000002,1
1786849367.5842183,L,0.027084,-1.1216679999999999,-0.412116,-82.25000000000001,73.5,-65.73,1
1786849367.6113644,R,-1.9693239999999999,1.616012,1.6650559999999999,-25.55,117.39000000000001,202.37000000000003,1
1786849367.6136293,L,0.146888,-1.039928,-0.575108,-83.79,89.95,-61.74000000000001,1
1786849367.6166441,L,0.22082,-1.006988,-0.57462,-91.98,130.55,-45.71,1
1786849367.6304884,L,0.25254,-1.019676,-0.47214,-101.43,180.60000000000002,-33.95,1
1786849367.6437032,L,0.22569999999999998,-0.999912,-0.303048,-107.45000000000002,206.29000000000002,-34.510000000000005,1
1786849367.6592677,L,0.221796,-0.911584,-0.151768,-109.76,203.84000000000003,-39.830000000000005,1
1786849367.6734452,L,0.252296,-0.81862,-0.065636,-103.11000000000001,181.72000000000003,-40.11000000000001,1
1786849367.6885161,L,0.30622,-0.776896,-0.056364,-86.59,163.8,-30.660000000000004,1
1786849367.7041972,L,0.33916,-0.8235,-0.08418,-81.48,163.66000000000003,-19.110000000000003,1
1786849367.7167206,R,-0.828136,0.785192,2.11426,34.230000000000004,-22.400000000000002,276.22,1
1786849367.7177203,R,-0.5551,0.647088,2.169648,-33.18,-58.52,200.62000000000003,1
1786849367.71872,L,0.3172,-0.888648,-0.10467599999999999,-97.09,180.81000000000003,-16.310000000000002,1
1786849367.7342408,L,0.2745,-0.929396,-0.116632,-112.14000000000001,206.15,-23.87,1
1786849367.74646,R,-0.32452,0.567056,2.072292,-93.94000000000001,-106.82000000000001,115.99000000000001,1
1786849367.7484636,L,0.210572,-0.912072,-0.097844,-126.00000000000001,228.41000000000003,-38.64,1
1786849367.7616315,R,-0.253272,0.584136,1.774368,-112.77000000000001,-161.35000000000002,63.910000000000004,1
1786849367.7636895,L,0.223016,-0.84058,-0.008539999999999999,-128.31,234.85000000000002,-55.510000000000005,1
1786849367.7767196,R,-0.18788,0.65148,1.345904,-102.27000000000001,-201.88000000000002,49.56,1
1786849367.7777185,R,-0.129808,0.725412,0.9594079999999999,-99.75000000000001,-209.09000000000003,56.910000000000004,1
1786849367.7787182,L,0.26352,-0.7561559999999999,0.10614,-115.92000000000002,227.57000000000002,-69.02000000000001,1
1786849367.7912354,R,-0.07002799999999999,0.6131719999999999,0.460184,-111.51,-251.37000000000003,28.070000000000004,1
1786849367.8069398,R,-0.036356,0.5860879999999999,0.203984,-107.52000000000001,-274.54,3.08,1
1786849367.8079398,R,-0.061732,0.694912,-0.064416,-99.12,-261.45000000000005,-27.720000000000002,1
1786849367.838875,L,0.333304,-0.735416,0.178608,-103.81000000000002,221.69000000000003,-80.71000000000001,0
1786849367.8398757,L,0.371612,-0.768844,0.240096,-104.51,217.98000000000002,-88.41000000000001,0
1786849367.841379,L,0.362584,-0.815936,0.22691999999999998,-123.76,221.90000000000003,-91.77000000000001,0
1786849367.8555017,L,0.34526,-0.816912,0.103944,-158.34,251.79000000000002,-91.07000000000001,0
1786849367.868602,L,0.380884,-0.780556,0.083936,-193.27,287.0,-89.18,0
1786849367.869603,L,0.454572,-0.756644,0.225212,-198.8,298.69000000000005,-106.4,0
1786849367.8841226,L,0.516792,-0.701256,0.407968,-157.85000000000002,275.31,-137.69000000000003,0
1786849367.898641,L,0.557784,-0.571448,0.488,-113.61000000000001,233.59000000000003,-170.31,0
1786849367.9141638,L,0.564372,-0.465308,0.408944,-121.10000000000001,213.78000000000003,-169.68,0
1786849367.9286807,L,0.537288,-0.489464,0.320372,-160.23000000000002,218.82000000000002,-146.37,0
1786849367.9584107,L,0.501908,-0.630496,0.281576,-203.00000000000003,234.36,-125.93,0
1786849367.9731019,R,0.10638399999999999,1.116056,0.103212,-78.05000000000001,-238.70000000000002,-12.81,0
1786849367.9741025,L,0.497272,-0.7015,0.32086,-240.66000000000003,270.41,-114.80000000000001,0
1786849367.975606,L,0.532164,-0.673928,0.647332,-224.35000000000002,303.59000000000003,-142.10000000000002,0
1786849367.9866216,R,0.164212,1.112884,0.052704,-103.74000000000001,-221.62000000000003,-23.450000000000003,0
1786849367.987623,R,0.217404,1.116056,0.060268,-132.37,-204.05,-33.040000000000006,0
1786849367.9886222,L,0.5673,-0.596824,1.01992,-156.8,274.61,-201.39000000000001,0
1786849368.0011382,R,0.232288,1.105564,0.10638399999999999,-136.57000000000002,-210.63000000000002,-34.09,0
1786849368.0041416,L,0.5946279999999999,-0.392352,1.209264,-118.16000000000001,188.72000000000003,-238.63000000000002,0
1786849368.018661,L,0.50752,-0.220088,0.956236,-138.53,143.78,-238.91000000000003,0
1786849368.031182,R,0.213012,1.110932,0.082716,-122.29,-241.64000000000001,-20.650000000000002,0
1786849368.0342348,L,0.466528,-0.216672,0.5885279999999999,-186.13000000000002,188.58,-218.19000000000003,0
1786849368.0478933,R,0.198128,1.102392,0.023424,-107.73,-276.36,-0.8400000000000001,0
1786849368.04889,L,0.461404,-0.361852,0.55876,-236.46000000000004,189.91000000000003,-206.92000000000002,0
1786849368.0625582,R,0.201544,1.060912,-0.083204,-104.30000000000001,-295.19000000000005,22.680000000000003,0
1786849368.0635579,L,0.448716,-0.276208,0.592676,-281.26000000000005,222.60000000000002,-191.8,0
1786849368.0763786,R,0.241804,1.074088,-0.24278,-110.18,-291.20000000000005,36.89,0
1786849368.0783787,R,0.309148,1.028216,-0.293288,-126.63000000000001,-262.71000000000004,51.59,0
1786849368.0793796,L,0.294508,-0.16104,0.841556,-288.54,274.26000000000005,-177.03000000000003,0
1786849368.0914423,R,0.26034799999999997,0.743712,-0.7278519999999999,-159.67000000000002,-292.46000000000004,73.78,0
1786849368.093481,L,0.41626399999999997,-0.17934,1.125084,-217.07000000000002,261.52000000000004,-203.98000000000002,0
1786849368.1085143,L,0.389668,-0.105164,1.293444,-136.08,195.16000000000003,-234.78000000000003,0
1786849368.1240315,L,0.371124,-0.00488,1.213168,-110.39000000000001,122.64000000000001,-249.55,0
1786849368.136554,R,0.321592,0.7795799999999999,-0.898164,-136.71,-303.24,114.38000000000001,0
1786849368.138558,L,0.33794,0.068076,1.008208,-138.60000000000002,99.82000000000001,-235.83,0
1786849368.15112,R,0.398696,0.755668,-1.066768,-134.4,-297.22,149.59,0
1786849368.15425,L,0.335744,0.10614,0.86864,-213.57000000000002,135.59,-203.77,0
1786849368.1711044,L,0.295728,0.080764,0.930128,-284.48,215.88000000000002,-170.52,0
1786849368.1831238,R,0.38356799999999996,0.63806,-1.107516,-172.76000000000002,-269.29,174.86,0
1786849368.184124,L,0.324032,-0.036356,1.206824,-236.53000000000003,251.93000000000004,-181.72000000000003,0
1786849368.196645,R,0.271328,0.46677199999999996,-1.120936,-207.27,-255.36,158.9,0
1786849368.1976457,R,0.240096,0.335988,-1.172908,-212.59000000000003,-246.33,125.86000000000001,0
1786849368.1986463,L,0.305,-0.091256,1.454972,-116.06000000000002,213.64000000000001,-231.35000000000002,0
1786849368.2111633,R,0.28621199999999997,0.322812,-1.224392,-200.83,-232.47000000000003,123.69000000000001,0
1786849368.2141683,L,0.27205999999999997,0.007076,1.576972,-44.38,149.52,-271.04,0
1786849368.22669,R,0.310612,0.28621199999999997,-1.269776,-187.18,-222.53000000000003,129.57000000000002,0
1786849368.2276893,R,0.27083999999999997,0.264496,-1.281488,-184.66000000000003,-217.35000000000002,128.17000000000002,0
1786849368.22869,L,0.284748,0.101992,1.4945,-47.95,92.68,-274.40000000000003,0
1786849368.2412095,R,0.221796,0.250832,-1.249768,-182.07000000000002,-215.39000000000001,121.52000000000001,0
1786849368.243214,R,0.174704,0.252784,-1.22366,-178.08,-217.77,114.73,0
1786849368.245717,L,0.22447999999999999,0.17202,1.354932,-91.42,65.59,-254.24000000000004,0
1786849368.2562776,R,0.120292,0.277916,-1.2634319999999999,-185.01000000000002,-222.39000000000001,110.11000000000001,0
1786849368.2582784,R,0.150304,0.18812399999999999,-1.41398,-195.3,-215.53000000000003,120.05000000000001,0
1786849368.2592785,L,0.199348,0.196908,1.231712,-138.32000000000002,59.220000000000006,-221.90000000000003,0
1786849368.271293,R,0.139568,0.17763199999999998,-1.394948,-178.36,-203.70000000000002,117.60000000000001,0
1786849368.2726262,R,0.118828,0.20496,-1.341756,-165.41000000000003,-206.08,110.04,0
1786849368.2736259,L,0.16836,0.225456,1.250744,-181.3,98.63000000000001,-202.79000000000002,0
1786849368.2866786,R,0.094184,0.243024,-1.338828,-162.33,-211.82000000000002,113.89000000000001,0
1786849368.2876787,R,0.10248,0.1891,-1.337608,-169.47000000000003,-212.73000000000002,130.20000000000002,0
1786849368.28868,L,0.144692,0.227164,1.30052,-232.61,153.86,-197.68,0
1786849368.3011959,R,0.073444,0.10492,-1.390312,-185.08,-218.89000000000001,147.70000000000002,0
1786849368.3031993,R,0.036112,0.028548,-1.4618039999999999,-187.95000000000002,-227.08,157.43,0
1786849368.304199,L,0.122732,0.180072,1.443748,-213.08,167.51000000000002,-211.40000000000003,0
1786849368.3167205,R,0.020496,0.002928,-1.54696,-184.52,-226.8,152.25000000000003,0
1786849368.3187203,L,0.066612,0.138104,1.464732,-135.17000000000002,132.65,-257.18,0
1786849368.3312411,R,0.00122,0.049776,-1.61284,-170.87,-219.52,129.64000000000001,0
1786849368.3342454,L,-0.015616,0.14835199999999998,1.355664,-69.16000000000001,86.17,-307.58000000000004,0
1786849368.3463168,R,-0.015127999999999999,0.138836,-1.607716,-145.81,-203.35000000000002,108.22000000000001,0
1786849368.3485656,L,-0.10345599999999999,0.24034,1.224148,-39.620000000000005,50.96000000000001,-341.67,0
1786849368.3610835,R,0.015127999999999999,0.14835199999999998,-1.435452,-125.65,-192.43,107.94000000000001,0
1786849368.3640869,L,-0.186416,0.418948,1.232688,-41.720000000000006,18.270000000000003,-341.81000000000006,0
1786849368.3766074,R,0.0034159999999999998,0.124196,-1.348588,-131.04000000000002,-202.79000000000002,133.98000000000002,0
1786849368.378607,L,-0.187636,0.561932,1.260992,-66.5,-10.430000000000001,-315.56,0
1786849368.3911242,R,-0.041479999999999996,0.100772,-1.48108,-143.71,-220.43,157.92000000000002,0
1786849368.3956308,L,-0.20984,0.601216,1.229028,-92.96000000000001,-13.440000000000001,-291.83000000000004,0
1786849368.4086487,L,-0.21838,0.595604,1.17852,-117.46000000000001,7.420000000000001,-279.65000000000003,0
1786849368.4211633,R,-0.041968,0.027327999999999998,-1.663348,-147.14000000000001,-224.49,172.76000000000002,0
1786849368.423166,R,-0.0183,-0.020007999999999998,-1.809504,-140.07000000000002,-218.40000000000003,170.94000000000003,0
1786849368.4241664,L,-0.233508,0.572912,1.133624,-141.68,31.780000000000005,-273.21000000000004,0
1786849368.4366906,R,0.014152,-0.031232,-1.85074,-118.23000000000002,-197.19000000000003,150.57000000000002,0
1786849368.4386902,L,-0.249612,0.528992,1.075064,-152.74,54.25000000000001,-268.45000000000005,0
1786849368.451244,R,0.021716,-0.005612,-1.75558,-102.34,-163.31,129.92000000000002,0
1786849368.4543364,L,-0.274012,0.494832,1.016504,-145.74,76.72000000000001,-267.82000000000005,0
1786849368.467415,R,0.015616,0.089792,-1.551352,-94.36000000000001,-137.83,125.16000000000001,0
1786849368.4684165,L,-0.293288,0.5124,1.013332,-118.79,85.4,-266.77000000000004,0
1786849368.4809344,R,0.019032,0.12688,-1.3778679999999999,-87.64000000000001,-143.29000000000002,138.25,0
1786849368.4839382,L,-0.301828,0.590236,1.108736,-76.72000000000001,70.84,-274.19,0
1786849368.496459,R,0.008539999999999999,0.104188,-1.265628,-87.71000000000001,-149.24,157.57000000000002,0
1786849368.4984562,L,-0.26839999999999997,0.711504,1.252208,-43.96,49.00000000000001,-279.65000000000003,0
1786849368.510973,R,0.055388,0.031232,-1.363472,-99.61000000000001,-149.10000000000002,168.14000000000001,0
1786849368.5139759,L,-0.217404,0.760548,1.2251239999999999,-24.500000000000004,35.84,-272.86,0
1786849368.526496,R,0.075884,-0.0068319999999999995,-1.45668,-114.03000000000002,-144.48000000000002,151.62,0
1786849368.5284956,L,-0.165432,0.7315119999999999,1.156804,-21.490000000000002,31.430000000000003,-248.64000000000001,0
1786849368.5410144,R,0.094428,0.017079999999999998,-1.5171919999999999,-122.50000000000001,-129.43,131.67000000000002,0
1786849368.5440176,L,-0.154696,0.651968,1.1041,-29.120000000000005,31.780000000000005,-223.16000000000003,0
1786849368.557555,R,0.078812,0.0046359999999999995,-1.531588,-93.73,-115.15,120.19000000000001,0
1786849368.5585537,L,-0.173972,0.568032,1.0389519999999999,-36.330000000000005,37.870000000000005,-209.23000000000002,0
1786849368.571073,R,0.20105599999999998,0.068564,-1.413004,-98.63000000000001,-93.52000000000001,102.13000000000001,0
1786849368.5740771,L,-0.20227599999999998,0.485072,0.965508,-43.050000000000004,41.09,-203.63000000000002,0
1786849368.5865989,R,0.198372,0.064904,-1.304424,-96.11000000000001,-87.78000000000002,98.00000000000001,0
1786849368.5886,L,-0.237168,0.408456,0.846436,-5.670000000000001,63.63,-208.32000000000002,0
1786849368.6011207,R,0.203252,0.082716,-1.176568,-82.46000000000001,-121.03000000000002,101.78000000000002,0
1786849368.604124,L,-0.243024,0.4453,0.894748,-0.56,73.64,-207.97000000000003,0
1786849368.6166437,R,0.23399599999999998,0.060511999999999996,-1.110932,-72.59,-145.39000000000001,104.65,0
1786849368.618644,L,-0.22106399999999998,0.49263599999999996,0.969656,-4.62,86.45,-199.50000000000003,0
1786849368.6311696,R,0.268888,0.035868,-1.147532,-81.06,-149.10000000000002,97.93,0
1786849368.6341727,L,-0.235216,0.496784,0.99064,-7.98,93.73,-192.01000000000002,0
1786849368.646695,R,0.372588,-0.044896,-1.016748,-63.56000000000001,-100.17000000000002,91.49000000000001,0
1786849368.6488247,L,-0.27083999999999997,0.516304,0.9840519999999999,-10.920000000000002,87.64000000000001,-185.85000000000002,0
1786849368.660918,R,0.371368,0.026108,-1.2914919999999999,-114.66000000000001,-61.040000000000006,72.87,0
1786849368.663921,L,-0.29036,0.55876,1.0065,-16.240000000000002,70.7,-179.41000000000003,0
1786849368.6764393,R,0.460916,0.093452,-1.255624,-108.57000000000001,-74.06,44.31,0
1786849368.67844,L,-0.291824,0.600484,0.99186,-16.8,54.67,-168.70000000000002,0
1786849368.690958,R,0.48775599999999997,0.09028,-1.151192,-76.09,-100.10000000000001,39.760000000000005,0
1786849368.6939611,L,-0.259372,0.60146,0.919148,-9.520000000000001,45.78,-153.3,0
1786849368.7064798,R,0.516304,0.10345599999999999,-1.070184,-56.42000000000001,-107.52000000000001,62.580000000000005,0
1786849368.7084806,L,-0.292312,0.628056,0.939156,-5.880000000000001,39.34,-138.39000000000001,0
1786849368.7209954,R,0.551684,0.123708,-1.106052,-45.290000000000006,-112.84000000000002,90.37,0
1786849368.7239985,L,-0.275964,0.591212,0.959896,-1.1900000000000002,50.68000000000001,-131.81,0
1786849368.7365239,R,0.460184,0.102724,-1.263676,-76.79,-95.2,122.57000000000001,0
1786849368.7385225,L,-0.39039999999999997,0.522648,1.187792,36.75,45.43000000000001,-126.07000000000001,0
1786849368.751043,R,0.670512,0.037332,-1.271728,-58.730000000000004,-88.27000000000001,96.18,0
1786849368.7542424,L,-0.34721199999999997,0.680028,0.801052,42.28,62.370000000000005,-106.19000000000001,0
1786849368.7665458,R,0.58804,0.071736,-1.352736,-96.11000000000001,-33.53,59.220000000000006,0
1786849368.7685454,L,-0.479948,0.7080879999999999,1.094096,39.410000000000004,50.89000000000001,-111.16000000000001,0
1786849368.7810612,R,0.63806,0.113704,-1.3054,-96.32000000000001,16.8,29.540000000000003,0
1786849368.7965832,R,0.7290719999999999,0.15128,-1.4112959999999999,-75.74000000000001,25.200000000000003,21.35,0
1786849368.7985866,L,-0.452376,0.785436,1.2275639999999999,12.39,18.060000000000002,-107.10000000000001,0
1786849368.8111024,R,0.71248,0.2074,-1.431792,-40.11000000000001,-9.8,31.85,0
1786849368.816612,L,-0.35502,0.88328,1.366156,-1.6800000000000002,2.1700000000000004,-88.83000000000001,0
1786849368.8176138,L,-0.306464,0.9250039999999999,1.461072,-13.580000000000002,-14.560000000000002,-61.95,0
1786849368.8266275,R,0.749324,0.24034,-1.38714,-10.71,-41.650000000000006,45.220000000000006,0
1786849368.8286278,L,-0.279624,0.881084,1.41398,-16.520000000000003,-34.720000000000006,-37.940000000000005,0
1786849368.8413508,R,0.738588,0.152744,-1.313452,5.32,-52.43000000000001,52.50000000000001,0
1786849368.8443537,L,-0.328912,0.827892,1.2853919999999999,-12.530000000000001,-35.0,-20.23,0
1786849368.859473,L,-0.366,0.743956,1.199016,-8.75,-41.230000000000004,-7.840000000000001,0
1786849368.8754966,L,-0.3782,0.68808,1.095316,-0.9100000000000001,-54.11000000000001,-11.410000000000002,0
1786849368.8895128,L,-0.34233199999999997,0.604388,1.03578,-17.360000000000003,-91.56,-13.930000000000001,0
1786849368.9010317,R,0.6810039999999999,0.069784,-1.235616,15.96,-61.040000000000006,48.230000000000004,0
1786849368.9040349,L,-0.26839999999999997,0.5897479999999999,0.888404,12.46,-86.45,-23.520000000000003,0
1786849368.918554,L,-0.290848,0.550464,0.898896,-3.08,-62.230000000000004,-37.31,0
1786849368.9340725,L,-0.20569199999999999,0.577304,0.837896,11.55,-62.09,-45.85,0
1786849368.9491026,L,-0.169092,0.574132,0.753472,22.05,-77.28,-45.78,0
1786849368.961177,R,0.631228,0.020252,-1.136796,15.120000000000001,-52.50000000000001,28.210000000000004,0
1786849368.9631824,R,0.574864,0.022448,-1.053104,-9.8,-29.610000000000003,4.41,0
1786849368.964181,L,-0.11638799999999999,0.532896,0.7080879999999999,33.46,-73.36000000000001,-45.78,0
1786849368.976703,R,0.6131719999999999,-0.032208,-1.010404,-18.340000000000003,-2.9400000000000004,-24.85,0
1786849368.9777033,R,0.70638,0.041724,-0.93574,-3.22,38.85,-60.480000000000004,0
1786849368.9797027,L,-0.079056,0.5194759999999999,0.617564,20.160000000000004,-53.2,-60.13,0
1786849368.9912198,R,0.71004,0.014152,-0.896944,5.32,66.57000000000001,-63.42000000000001,0
1786849368.9932234,R,0.622444,-0.01098,-0.8091039999999999,13.160000000000002,73.85000000000001,-58.10000000000001,0
1786849368.9942238,L,-0.095648,0.453596,0.545584,6.23,-29.400000000000002,-64.05000000000001,0
1786849369.008744,L,-0.056852,0.353312,0.500932,11.830000000000002,-13.860000000000001,-45.92,0
1786849369.024266,L,-0.0793,0.313784,0.41504399999999997,19.880000000000003,-11.13,-27.860000000000003,0
1786849369.0355122,R,0.623176,-0.033916,-0.7503,16.450000000000003,77.21000000000001,-44.38,0
1786849369.038981,L,-0.104432,0.281088,0.354532,24.150000000000002,-5.670000000000001,-12.950000000000001,0
1786849369.0510104,R,0.5465599999999999,0.011467999999999999,-0.718092,-14.280000000000001,81.27000000000001,-17.430000000000003,0
1786849369.0531733,R,0.535336,0.026352,-0.631472,-18.55,76.65,-6.0200000000000005,0
1786849369.0541737,L,-0.099552,0.249856,0.240584,28.28,16.66,-1.7500000000000002,0
1786849369.066693,R,0.3843,0.05856,-0.6095119999999999,-76.58000000000001,68.53,-11.270000000000001,0
1786849369.0676916,R,0.39772,0.05246,-0.401624,-174.09,97.86000000000001,-70.84,0
1786849369.068692,L,-0.189588,0.170068,0.335744,31.92,24.92,-12.32,0
1786849369.0832105,R,0.462868,0.100772,-0.020739999999999998,-123.13000000000001,102.41000000000001,-89.18,0
1786849369.0842118,L,-0.221796,0.16469999999999999,0.360144,51.17,13.650000000000002,-41.09,0
1786849369.0967329,R,0.578036,0.12444,0.195688,-14.840000000000002,20.37,-31.360000000000003,0
1786849369.0977309,R,0.43066,0.234484,-0.129076,104.86000000000001,-86.66000000000001,28.770000000000003,0
1786849369.0987306,L,-0.244732,0.229848,0.349408,72.66000000000001,23.730000000000004,-70.7,0
1786849369.1112468,R,0.34282,0.165676,-0.55632,77.42,-123.83000000000001,14.21,0
1786849369.11325,R,0.193736,0.137616,-0.556076,31.640000000000004,-109.76,-34.160000000000004,0
1786849369.1142504,L,-0.41870399999999997,0.36941599999999997,0.371856,81.62,35.910000000000004,-85.75000000000001,0
1786849369.1263475,R,0.086864,0.27572,-0.518988,1.2600000000000002,-94.22000000000001,-86.17,0
1786849369.128347,R,-0.02928,0.3599,-0.48922,15.190000000000001,-95.83000000000001,-114.59000000000002,0
1786849369.129347,L,-0.537776,0.488244,0.459208,98.91000000000001,41.86000000000001,-99.96000000000001,0
1786849369.1409633,R,-0.258884,0.539728,-0.555344,41.580000000000005,-124.04,-104.02000000000001,0
1786849369.1454692,L,-0.716384,0.63074,0.604144,108.36000000000001,36.68000000000001,-111.09000000000002,0
1786849369.1565332,R,-0.33916,0.70882,-0.692472,68.46000000000001,-160.93,-93.66000000000001,0
1786849369.1585333,L,-0.783728,0.698328,0.928908,112.21000000000001,17.64,-123.62000000000002,0
1786849369.1730523,R,-0.448228,0.976488,-0.86254,65.10000000000001,-206.29000000000002,-58.10000000000001,0
1786849369.1740522,L,-0.710284,0.8103239999999999,1.2153639999999999,116.41000000000001,-16.8,-155.26000000000002,0
1786849369.1865704,R,-0.540216,1.210972,-1.145336,8.260000000000002,-246.54000000000002,-9.590000000000002,0
1786849369.1885715,L,-0.563152,0.854244,1.5257319999999999,146.37,-33.53,-195.23000000000002,0
1786849369.2010875,R,-0.451888,1.30662,-1.556964,-78.47000000000001,-228.06000000000003,20.51,0
1786849369.2040906,L,-0.43968799999999997,1.021384,1.6194279999999999,173.25000000000003,-20.930000000000003,-208.95000000000002,0
1786849369.216608,R,-0.384788,1.342244,-1.898564,-147.56,-166.32000000000002,26.040000000000003,0
1786849369.2186081,L,-0.230092,1.065304,1.596004,144.9,19.67,-184.8,0
1786849369.231129,R,-0.249612,1.235372,-2.238212,-171.78000000000003,-99.05000000000001,27.790000000000003,0
1786849369.234132,L,0.018788,1.014796,1.578436,103.46000000000001,51.52,-135.45000000000002,0
1786849369.249156,L,0.206424,0.876692,1.59942,69.65,45.150000000000006,-66.08000000000001,0
1786849369.2642179,L,0.226188,0.809348,1.585268,8.47,-26.040000000000003,-12.81,0
1786849369.2912524,R,-0.000976,1.011624,-2.467572,-112.14000000000001,-42.42,79.87,0
1786849369.2932556,R,0.337452,0.501664,-2.444636,24.290000000000003,-42.21,170.59,0
1786849369.2942562,L,0.29646,0.756888,1.423008,-39.760000000000005,-114.87,18.340000000000003,0
1786849369.2952561,L,0.069296,0.935252,1.22732,-63.14000000000001,-158.48000000000002,79.87,0
1786849369.3064141,R,0.40504,0.244732,-2.2509,176.75000000000003,-56.56,220.36,0
1786849369.3084133,R,0.18348799999999998,0.479216,-2.176724,236.39000000000001,14.000000000000002,189.56000000000003,0
1786849369.3094149,L,-0.054412,1.110932,1.12606,-52.43000000000001,-166.25000000000003,141.82000000000002,0
1786849369.3229349,R,-0.078324,0.85156,-1.945168,241.71000000000004,125.37000000000002,121.94000000000001,0
1786849369.3239348,L,-0.203252,1.223416,1.121424,-59.150000000000006,-163.59,181.09,0
1786849369.336454,R,-0.241804,1.131916,-1.680672,242.83,211.75000000000003,73.22000000000001,0
1786849369.3379571,R,-0.33305999999999997,1.195844,-1.341756,218.54000000000002,255.08,43.89000000000001,0
1786849369.338961,L,-0.225212,1.085556,1.141676,-48.440000000000005,-188.79000000000002,212.94000000000003,0
1786849369.3509934,R,-0.291824,1.086776,-0.925736,186.41000000000003,264.39000000000004,20.650000000000002,0
1786849369.3540392,L,-0.352092,0.84424,1.012844,-16.8,-211.89000000000001,237.65000000000003,0
1786849369.3675582,R,-0.162992,0.842532,-0.599264,116.55000000000001,240.8,12.250000000000002,0
1786849369.3695621,L,-0.485804,0.6893,0.7659159999999999,-17.78,-188.51000000000002,262.71000000000004,0
1786849369.3810782,R,0.000488,0.717604,-0.300852,17.64,222.88000000000002,13.860000000000001,0
1786849369.3840818,L,-0.5158159999999999,0.4758,0.612928,-55.580000000000005,-136.15,253.82000000000002,0
1786849369.3966005,R,0.050508,0.527528,-0.240096,-28.35,236.32000000000002,-15.47,0
1786849369.3986003,L,-0.457988,0.270352,0.451644,-66.15,-105.14000000000001,216.09000000000003,0
1786849369.4111185,R,0.07076,0.415532,-0.188368,-23.03,230.3,-18.55,0
1786849369.4141219,L,-0.266204,0.160552,0.297436,-59.64000000000001,-101.99000000000001,185.92000000000002,0
1786849369.4266443,R,0.09589199999999999,0.385032,-0.103212,16.450000000000003,167.93,-28.070000000000004,0
1786849369.4286435,L,-0.23912,0.073932,0.12078,-30.870000000000005,-108.50000000000001,142.73000000000002,0
1786849369.444163,L,-0.238876,0.087596,0.100772,14.840000000000002,-99.19000000000001,83.16000000000001,0
1786849369.456738,R,0.092964,0.323544,-0.041479999999999996,80.99000000000001,101.99000000000001,-31.500000000000004,0
1786849369.458735,L,-0.10052799999999999,0.074908,0.042456,48.650000000000006,-39.06,46.13,0
1786849369.47125,R,0.0427,0.250588,0.07564,116.13000000000001,52.150000000000006,-27.37,0
1786849369.4732537,R,-0.005856,0.256932,0.197884,104.02000000000001,30.1,-35.42,0
1786849369.4742544,L,-0.159088,0.057096,0.210328,37.52,5.8100000000000005,25.410000000000004,0
1786849369.4863708,R,-0.061488,0.433344,0.287188,51.52,32.2,-48.580000000000005,0
1786849369.4903736,L,-0.15420799999999998,0.088328,0.287432,14.560000000000002,65.87,26.040000000000003,0
1786849369.5010061,R,-0.076372,0.539484,0.183,-17.92,20.580000000000002,-55.580000000000005,0
1786849369.5040095,L,-0.108092,0.114436,0.52826,-1.4000000000000001,139.86,25.55,0
1786849369.5165293,R,-0.12395199999999999,0.62586,0.07124799999999999,-34.160000000000004,-2.31,-60.970000000000006,0
1786849369.5185287,L,-0.114436,0.180804,0.818864,-7.210000000000001,187.81000000000003,21.000000000000004,0
1786849369.5310488,R,-0.16348,0.720532,-0.146644,-19.46,-33.6,-51.870000000000005,0
1786849369.5340514,L,-0.094916,0.195444,1.079212,-2.45,215.39000000000001,17.85,0
1786849369.5490818,L,-0.04026,0.160552,1.390556,3.43,188.23000000000002,7.700000000000001,0
1786849369.5609846,R,-0.149084,0.80276,-0.270108,2.24,-82.46000000000001,-29.890000000000004,0
1786849369.5630367,R,-0.18422,0.872544,-0.49458799999999997,25.060000000000002,-124.32000000000001,11.340000000000002,0
1786849369.5640366,L,0.10345599999999999,0.130052,1.536468,29.400000000000002,117.67000000000002,-6.86,0
1786849369.5765588,R,-0.155916,0.891576,-0.629764,-5.95,-142.52,48.93000000000001,0
1786849369.5785584,L,0.259616,0.06709999999999999,1.49938,58.730000000000004,53.27,-21.98,0
1786849369.5910752,R,-0.14005599999999999,0.9394,-0.868884,-28.000000000000004,-141.19000000000003,76.93,0
1786849369.5940785,L,0.321104,0.021471999999999998,1.450824,58.660000000000004,21.770000000000003,-31.990000000000002,0
1786849369.6066048,R,-0.083692,0.809592,-1.1289879999999999,-16.94,-151.9,94.36000000000001,0
1786849369.608604,L,0.408944,0.015127999999999999,1.456192,36.120000000000005,2.8000000000000003,-20.44,0
1786849369.62112,R,-0.023912,0.598288,-1.3249199999999999,23.590000000000003,-145.95000000000002,94.29,0
1786849369.6241236,L,0.401868,0.087108,1.438624,0.6300000000000001,-18.340000000000003,16.8,0
1786849369.636643,R,0.033428,0.627324,-1.4295959999999999,39.410000000000004,-102.76,98.14000000000001,0
1786849369.6386425,L,0.304268,0.215452,1.427644,-28.630000000000003,-48.440000000000005,68.11,0
1786849369.651164,R,-0.043432,0.647332,-1.323456,48.160000000000004,-84.91000000000001,144.9,0
1786849369.654221,L,0.08003199999999999,0.273768,1.349808,-35.0,-90.72000000000001,107.38000000000001,0
1786849369.6667418,R,-0.110044,0.656848,-0.9803919999999999,76.30000000000001,-56.7,162.68,0
1786849369.6687455,L,-0.058072,0.22106399999999998,1.231468,-11.830000000000002,-105.14000000000001,120.05000000000001,0
1786849369.6812637,R,-0.198128,0.644404,-1.275388,119.49000000000001,10.430000000000001,143.99,0
1786849369.6852686,L,-0.121512,0.093208,1.1782759999999999,32.410000000000004,-108.29,94.71000000000001,0
1786849369.6963022,R,-0.228384,0.63562,-1.1773,82.74000000000001,11.620000000000001,117.95000000000002,0
1786849369.6993024,L,-0.112728,0.002196,1.204628,60.34,-108.50000000000001,57.540000000000006,0
1786849369.7113156,R,-0.206424,0.65514,-1.194624,87.22000000000001,-3.7100000000000004,107.38000000000001,0
1786849369.7135766,L,-0.063928,-0.00488,1.218048,40.53,-108.08000000000001,36.260000000000005,0
1786849369.7267146,R,-0.18226799999999999,0.67222,-1.05652,47.53,-14.21,121.10000000000001,0
1786849369.728712,L,-0.041968,0.025376,1.1880359999999999,0.21000000000000002,-92.19000000000001,38.92,0
1786849369.7412288,R,-0.270352,0.701012,-1.073112,-81.48,-36.050000000000004,125.30000000000001,0
1786849369.744232,L,-0.138592,0.123708,1.115568,-44.730000000000004,-75.95,44.1,0
1786849369.7565403,R,-0.286944,0.843508,-1.1843759999999999,-290.57000000000005,-34.160000000000004,106.4,0
1786849369.7585413,L,-0.13176,0.13541999999999998,0.962824,-72.03,-58.730000000000004,45.290000000000006,0
1786849369.7710574,R,-0.171532,0.710772,-0.624884,-391.23,3.22,59.150000000000006,0
1786849369.7740605,L,-0.040015999999999996,0.099308,0.869128,-63.35000000000001,-26.53,45.85,0
1786849369.78658,R,-0.116632,0.6832,-0.384544,-243.88000000000002,35.0,-2.1700000000000004,0
1786849369.7885823,L,0.048799999999999996,0.02684,0.908656,-39.410000000000004,-9.66,40.040000000000006,0
1786849369.8011005,R,-0.004148,0.83204,-0.41138399999999997,-113.26,52.36000000000001,-28.840000000000003,0
1786849369.8041036,L,0.20813199999999998,0.01098,0.960384,-33.67,-10.57,23.380000000000003,0
1786849369.816626,R,0.090524,0.691496,-0.407724,-23.87,-3.8500000000000005,-31.990000000000002,0
1786849369.8186264,L,0.324032,-0.00976,0.954772,-49.84,-10.64,-6.300000000000001,0
1786849369.8311443,R,0.072224,0.697596,-0.496296,52.50000000000001,-75.39,-42.42,0
1786849369.8341477,L,0.395036,0.010248,0.88938,-66.71000000000001,-0.9800000000000001,-37.870000000000005,0
1786849369.846681,R,0.112484,0.590724,-0.5970679999999999,102.55000000000001,-129.64000000000001,-61.95,0
1786849369.8491879,L,0.374296,0.045384,0.865712,-89.88000000000001,9.31,-58.03000000000001,0
1786849369.8612533,R,0.061488,0.42675599999999997,-0.685396,66.43,-171.36,-60.760000000000005,0
1786849369.8642561,L,0.407724,0.0854,0.8066639999999999,-102.34,29.050000000000004,-57.190000000000005,0
1786849369.8767762,R,0.107116,0.14762,-0.867176,10.290000000000001,-165.20000000000002,-47.18000000000001,0
1786849369.879777,L,0.48409599999999997,0.119072,0.755424,-100.94000000000001,40.18000000000001,-51.38,0
1786849369.8912954,R,0.304268,0.207888,-0.94428,-20.090000000000003,-120.68,-77.14,0
1786849369.8942988,L,0.60268,0.191296,0.7686,-87.64000000000001,52.220000000000006,-54.25000000000001,0
1786849369.906819,R,0.36697599999999997,0.360144,-1.056276,-43.96,-74.83000000000001,-87.15,0
1786849369.9088194,L,0.743712,0.303536,0.8942599999999999,-84.56,54.32000000000001,-51.660000000000004,0
1786849369.9229405,R,0.565592,0.383324,-0.976976,-89.11000000000001,9.66,-55.440000000000005,0
1786849369.923942,L,0.7759199999999999,0.352336,1.001864,-107.38000000000001,47.74,-36.89,0
1786849369.9364638,R,0.539484,0.446764,-0.9816119999999999,-40.88,24.570000000000004,-47.46000000000001,0
1786849369.9384627,L,0.787632,0.34233199999999997,1.00772,-126.56000000000002,43.96,-22.05,0
1786849369.9512904,R,0.467504,0.448472,-1.114104,3.8500000000000005,31.780000000000005,-20.930000000000003,0
1786849369.9552944,L,0.74298,0.35770399999999997,1.008696,-127.54,38.78,-22.96,0
1786849369.966367,R,0.531188,0.266936,-1.20536,28.35,35.56,-24.990000000000002,0
1786849369.9693677,L,0.710284,0.35526399999999997,0.9577,-106.89000000000001,26.390000000000004,-37.31,0
1786849369.9808884,R,0.681492,0.152012,-1.234152,41.300000000000004,37.59,-39.830000000000005,0
1786849369.9838915,L,0.665876,0.382592,0.930372,-82.88000000000001,17.85,-54.60000000000001,0
1786849369.9994147,L,0.616588,0.40211199999999997,0.9113399999999999,-74.48,12.180000000000001,-71.05000000000001,0
1786849370.0119367,R,0.793,0.104188,-1.1834,-1.8200000000000003,73.15,-63.63,0
1786849370.012935,R,0.779336,0.274988,-0.986736,-50.190000000000005,135.8,-83.51,0
1786849370.0139353,L,0.582184,0.44456799999999996,0.870348,-71.26,7.420000000000001,-80.78,0
1786849370.0264595,R,0.737856,0.484828,-0.812276,-57.82000000000001,197.61,-81.69000000000001,0
1786849370.0284588,L,0.512888,0.45994,0.8979199999999999,-70.7,-8.82,-87.78000000000002,0
1786849370.0409818,R,0.655872,0.527284,-0.625128,-24.78,237.16000000000003,-64.75,0
1786849370.043986,L,0.46677199999999996,0.536312,0.844972,-72.03,-19.6,-86.31,0
1786849370.0565567,R,0.564616,0.522892,-0.534848,8.89,223.93000000000004,-53.410000000000004,0
1786849370.0585558,L,0.382836,0.57096,0.776652,-70.14,-10.500000000000002,-77.63000000000001,0
1786849370.0710719,R,0.505568,0.40211199999999997,-0.540704,11.9,159.11,-44.38,0
1786849370.074076,L,0.280356,0.540704,0.7032079999999999,-54.46000000000001,-8.120000000000001,-78.82000000000001,0
1786849370.086596,R,0.424804,0.406748,-0.565348,3.22,57.400000000000006,-20.51,0
1786849370.0885952,L,0.171532,0.515572,0.640012,-33.32,-5.74,-69.72000000000001,0
1786849370.1011124,R,0.360632,0.457988,-0.62708,22.89,-41.510000000000005,3.22,0
1786849370.104116,L,0.08588799999999999,0.472872,0.547292,-20.790000000000003,14.980000000000002,-64.33000000000001,0
1786849370.1166365,R,0.257664,0.457256,-0.684176,49.07000000000001,-119.91000000000001,13.440000000000001,0
1786849370.1186354,L,-0.014152,0.422608,0.554856,-8.190000000000001,34.790000000000006,-61.81000000000001,0
1786849370.1311536,R,0.163968,0.40626,-0.700768,65.31,-159.39000000000001,5.74,0
1786849370.1341574,L,-0.10858,0.389912,0.595604,1.12,35.63,-69.02000000000001,0
1786849370.1466775,R,0.099308,0.39527999999999996,-0.699304,41.09,-144.34,-8.96,0
1786849370.1486764,L,-0.125904,0.365024,0.6192719999999999,1.4700000000000002,45.92,-83.02000000000001,0
1786849370.161119,R,0.143472,0.49946799999999997,-0.802516,31.430000000000003,-119.63000000000001,-31.85,0
1786849370.1641228,L,-0.10858,0.360388,0.702476,8.610000000000001,74.48,-86.24000000000001,0
1786849370.178648,L,-0.069052,0.359656,0.83448,20.160000000000004,111.65,-88.06,0
1786849370.1941664,L,-0.086864,0.38234799999999997,1.0352919999999999,23.450000000000003,130.48000000000002,-89.32000000000001,0
1786849370.2066903,R,0.14396,0.581452,-0.783484,-0.28,-68.53,-48.02,0
1786849370.2076898,R,0.185196,0.653432,-0.843264,-23.87,-15.400000000000002,-47.53,0
1786849370.2096894,L,-0.0046359999999999995,0.35746,1.14924,17.64,130.34,-94.99000000000001,0
1786849370.2212045,R,0.265716,0.6222,-0.958676,-50.400000000000006,-2.31,-32.06,0
1786849370.2232075,R,0.357216,0.5626639999999999,-1.110932,-92.4,-11.06,-12.39,0
1786849370.224208,L,0.070516,0.31646799999999997,1.226832,16.73,130.55,-102.34,0
1786849370.2367268,R,0.415776,0.557052,-1.2683119999999999,-120.05000000000001,-10.15,6.300000000000001,0
1786849370.2387266,L,0.135176,0.27083999999999997,1.356884,28.210000000000004,100.03000000000002,-105.84,0
1786849370.251298,R,0.467016,0.544608,-1.345172,-117.18,2.1700000000000004,24.78,0
1786849370.2684224,L,0.214476,0.282308,1.36884,42.56,67.83000000000001,-109.41000000000001,0
1786849370.269425,L,0.23424,0.303292,1.380796,55.580000000000005,44.800000000000004,-102.9,0
1786849370.280942,R,0.3843,0.531432,-1.387384,-104.02000000000001,8.75,42.77,0
1786849370.2829459,R,0.25376,0.539972,-1.349076,-66.5,16.520000000000003,64.89,0
1786849370.283946,L,0.226676,0.29524,1.358592,66.22000000000001,25.200000000000003,-87.78000000000002,0
1786849370.296475,R,0.238144,0.518744,-1.2902719999999999,-12.670000000000002,16.66,71.12,0
1786849370.2984784,L,0.2074,0.27816,1.319308,78.61000000000001,21.630000000000003,-71.75,0
1786849370.310994,R,0.200568,0.510204,-1.189744,29.540000000000003,10.22,78.75000000000001,0
1786849370.313997,L,0.084668,0.25742,1.307108,85.82000000000001,23.8,-51.52,0
1786849370.326516,R,0.171532,0.493856,-1.11386,42.63,15.610000000000001,81.69000000000001,0
1786849370.3285162,L,0.014152,0.21862399999999999,1.337852,81.69000000000001,0.42000000000000004,-28.490000000000002,0
1786849370.3420641,R,0.130296,0.483852,-1.037488,39.410000000000004,41.580000000000005,68.60000000000001,0
1786849370.344063,L,0.037332,0.153964,1.394704,67.2,-60.2,0.28,0
1786849370.3566647,R,0.04514,0.429928,-0.9821,32.2,66.85000000000001,52.150000000000006,0
1786849370.3586652,L,-0.016836,0.056608,1.286368,49.14000000000001,-94.92000000000002,31.92,0
1786849370.3731883,R,0.049288,0.35624,-0.916708,27.580000000000002,76.51,45.220000000000006,0
1786849370.3741887,L,-0.128588,-0.001952,1.1746159999999999,30.310000000000002,-97.93,44.31,0
1786849370.3867073,R,0.044164,0.302072,-0.87352,28.42,55.09,39.830000000000005,0
1786849370.3887088,L,-0.182024,-0.005856,1.116544,10.99,-88.9,39.34,0
1786849370.4042299,L,-0.2013,0.006344,1.082384,0.9800000000000001,-80.78,29.750000000000004,0
1786849370.4312673,R,0.09467199999999999,0.23741199999999998,-0.8608319999999999,33.6,20.860000000000003,38.290000000000006,0
1786849370.433271,R,0.142008,0.18812399999999999,-0.8547319999999999,33.25,-5.6000000000000005,39.830000000000005,0
1786849370.4342718,L,-0.226676,0.043432,1.064572,-4.0600000000000005,-80.92,23.660000000000004,0
1786849370.4357748,L,-0.277672,0.071492,1.011624,-8.05,-82.18,24.220000000000002,0
1786849370.4463844,R,0.1464,0.166896,-0.846436,27.580000000000002,-16.87,41.510000000000005,0
1786849370.447385,R,0.103944,0.1159,-0.8571719999999999,21.700000000000003,-20.860000000000003,42.84,0
1786849370.448889,L,-0.327204,0.095404,0.940864,-13.790000000000001,-73.71000000000001,30.310000000000002,0
1786849370.4610367,R,0.064416,0.093696,-0.8723,17.78,-22.12,37.1,0
1786849370.464042,L,-0.3477,0.127612,0.9088999999999999,-21.42,-59.290000000000006,36.050000000000004,0
1786849370.476559,R,0.039284,0.058804,-0.877912,18.340000000000003,-20.44,22.96,0
1786849370.4785588,L,-0.347456,0.173728,0.9015799999999999,-30.660000000000004,-45.85,40.11000000000001,0
1786849370.4910748,R,0.071004,0.055144,-0.87962,17.220000000000002,-20.23,10.22,0
1786849370.494078,L,-0.314028,0.23741199999999998,0.873032,-32.34,-30.800000000000004,41.650000000000006,0
1786849370.5065975,R,0.1037,0.077348,-0.881328,14.980000000000002,-26.180000000000003,1.2600000000000002,0
1786849370.5085976,L,-0.2867,0.366732,0.870104,-23.87,-22.89,37.59,0
1786849370.5366378,R,0.137372,0.106628,-0.88572,15.05,-29.330000000000002,1.8900000000000001,0
1786849370.5376377,R,0.12078,0.102968,-0.879132,14.700000000000001,-26.53,1.8900000000000001,0
1786849370.5396404,L,-0.293532,0.498736,0.840092,-8.190000000000001,-15.96,29.960000000000004,0
1786849370.5396404,L,-0.290848,0.527772,0.8152039999999999,11.06,-6.790000000000001,37.800000000000004,0
1786849370.5511594,R,0.099796,0.10492,-0.9027999999999999,12.530000000000001,-32.27,2.5200000000000005,0
1786849370.554337,L,-0.26961999999999997,0.529236,0.828624,17.5,11.55,71.19000000000001,0
1786849370.5664232,R,0.100772,0.107848,-0.948672,10.360000000000001,-43.190000000000005,3.5700000000000003,0
1786849370.5684218,L,-0.245952,0.539484,0.877912,0.8400000000000001,33.74,115.57000000000001,0
1786849370.5809395,R,0.149328,0.124684,-1.0748199999999999,2.1700000000000004,-52.43000000000001,-7.210000000000001,0
1786849370.5839434,L,-0.241804,0.549732,0.914756,-22.610000000000003,54.39000000000001,150.64000000000001,0
1786849370.5964634,R,0.177388,0.117364,-1.1697359999999999,7.140000000000001,-40.32000000000001,-21.700000000000003,0
1786849370.5984635,L,-0.194224,0.654408,0.95892,-29.19,52.99,167.51000000000002,0
1786849370.6109793,R,0.252784,0.164212,-1.2153639999999999,20.720000000000002,-18.41,-24.290000000000003,0
1786849370.6139824,L,-0.213744,0.755912,0.9088999999999999,-15.05,47.81,165.62,0
1786849370.627507,R,0.306708,0.19519999999999998,-1.20536,41.440000000000005,-4.970000000000001,-8.680000000000001,0
1786849370.629507,L,-0.2013,0.726876,0.8854759999999999,13.930000000000001,45.78,165.83,0
1786849370.6410232,R,0.3233,0.1891,-1.208044,59.010000000000005,-10.71,17.78,0
1786849370.644027,L,-0.139568,0.62464,0.913048,49.980000000000004,42.63,174.72000000000003,0
1786849370.6566885,R,0.324276,0.174216,-1.214876,79.38000000000001,-28.770000000000003,29.470000000000002,0
1786849370.658688,L,-0.035136,0.522404,0.984784,70.84,36.260000000000005,169.47000000000003,0
1786849370.6712046,R,0.347944,0.177144,-1.214632,95.69000000000001,-32.550000000000004,25.62,0
1786849370.674208,L,0.10931199999999999,0.50752,1.067988,76.86000000000001,19.250000000000004,147.84,0
1786849370.6867282,R,0.377224,0.20618,-1.217072,90.30000000000001,-3.22,15.120000000000001,0
1786849370.6887274,L,0.16836,0.50508,1.086288,58.52,9.940000000000001,149.17000000000002,0
1786849370.7012455,R,0.380884,0.223016,-1.200724,78.75000000000001,37.1,0.07,0
1786849370.7042491,L,0.125904,0.41382399999999997,1.031388,53.900000000000006,-2.0300000000000002,129.78,0
1786849370.716774,R,0.403576,0.23399599999999998,-1.186572,78.19000000000001,54.46000000000001,-10.430000000000001,0
1786849370.7187724,L,0.125416,0.425292,1.02358,48.720000000000006,-17.990000000000002,115.57000000000001,0
1786849370.7312894,R,0.425292,0.25864,-1.171444,90.58000000000001,58.17000000000001,-8.47,0
1786849370.7342935,L,0.220088,0.388692,1.0316319999999999,53.27,-13.860000000000001,116.9,0
1786849370.746418,R,0.402844,0.26034799999999997,-1.1216679999999999,113.89000000000001,56.07000000000001,-6.720000000000001,0
1786849370.74892,L,0.393572,0.395524,1.128012,74.83000000000001,-30.870000000000005,104.86000000000001,0
1786849370.760968,R,0.370148,0.24156,-1.05896,126.21000000000001,53.550000000000004,-10.290000000000001,0
1786849370.763971,L,0.504592,0.430904,1.1746159999999999,80.22000000000001,-65.24000000000001,95.13000000000001,0
1786849370.7764952,R,0.359656,0.258396,-0.99308,126.77000000000001,59.43000000000001,-16.94,0
1786849370.7784941,L,0.517768,0.40504,1.094096,66.99000000000001,-80.15,109.20000000000002,0
1786849370.7910092,R,0.379176,0.26156799999999997,-0.948916,120.33000000000001,68.81,-28.35,0
1786849370.7940154,L,0.579256,0.348432,0.9943,50.330000000000005,-57.82000000000001,151.69000000000003,0
1786849370.8065357,R,0.4026,0.292556,-0.9496479999999999,106.68,80.64000000000001,-37.870000000000005,0
1786849370.808535,L,0.582916,0.21472,0.988688,41.93000000000001,-35.42,186.76000000000002,0
1786849370.8210504,R,0.40333199999999997,0.343064,-0.956724,96.81,97.16000000000001,-43.120000000000005,0
1786849370.8240538,L,0.52338,0.104432,0.985028,50.61000000000001,-32.620000000000005,191.52,0
1786849370.836572,R,0.366,0.371856,-0.9333,95.97000000000001,111.65,-46.2,0
1786849370.8385715,L,0.526308,0.030987999999999998,1.037976,74.2,-40.67,163.73000000000002,0
1786849370.851148,R,0.34355199999999997,0.37942,-0.890356,102.2,115.78000000000002,-48.650000000000006,0
1786849370.8541827,L,0.55998,-0.02928,1.069452,93.73,-74.27000000000001,113.47000000000001,0
1786849370.8667026,R,0.329156,0.371124,-0.839604,100.45,109.13000000000001,-48.440000000000005,0
1786849370.8687022,L,0.5734,-0.012444,1.003816,89.95,-98.42000000000002,81.2,0
1786849370.881218,R,0.32452,0.38356799999999996,-0.7905599999999999,94.08000000000001,101.36000000000001,-49.910000000000004,0
1786849370.8842208,L,0.557296,-0.011224,0.91988,74.48,-92.89000000000001,84.28,0
1786849370.8967407,R,0.30866,0.395768,-0.741516,87.78000000000002,96.60000000000001,-53.27,0
1786849370.8987403,L,0.5206959999999999,0.021716,0.875228,61.040000000000006,-70.21000000000001,106.68,0
1786849370.911256,R,0.29304399999999997,0.412116,-0.696132,79.52000000000001,95.34,-61.18000000000001,0
1786849370.9142594,L,0.480192,0.030987999999999998,0.868152,45.36000000000001,-54.39000000000001,130.06,0
1786849370.9267797,R,0.265716,0.42919599999999997,-0.664168,70.07000000000001,95.62,-68.25,0
1786849370.9287798,L,0.41358,-0.000244,0.836432,41.790000000000006,-47.39000000000001,124.53000000000002,0
1786849370.9413168,R,0.244244,0.420412,-0.64538,58.52,92.47000000000001,-70.63000000000001,0
1786849370.9443777,L,0.276452,-0.03904,0.772992,37.1,-44.59,101.08000000000001,0
1786849370.9566774,R,0.319396,0.401868,-0.65514,33.25,79.52000000000001,-47.11000000000001,0
1786849370.9586747,L,0.1525,-0.107116,0.704184,21.21,-20.090000000000003,72.59,0
1786849370.9711964,R,0.428952,0.51118,-0.647088,18.340000000000003,64.4,-29.470000000000002,0
1786849370.9742,L,0.104432,-0.11956,0.701012,16.17,-10.15,49.35,0
1786849370.9867198,R,0.431392,0.5724239999999999,-0.648064,24.150000000000002,48.86000000000001,-26.320000000000004,0
1786849370.988721,L,0.136152,-0.075884,0.727364,7.910000000000001,-15.05,50.400000000000006,0
1786849371.0012386,R,0.362096,0.497516,-0.632204,20.3,30.380000000000003,-22.470000000000002,0
1786849371.004242,L,0.17885199999999998,-0.030012,0.7400519999999999,-8.190000000000001,-17.71,62.300000000000004,0
1786849371.0167599,R,0.2928,0.473848,-0.6365959999999999,6.86,19.950000000000003,-21.560000000000002,0
1786849371.0187626,L,0.17934,-0.021228,0.711016,-3.08,-9.030000000000001,55.160000000000004,0
1786849371.031277,R,0.228384,0.45627999999999996,-0.648552,-10.360000000000001,15.190000000000001,-22.400000000000002,0
1786849371.034281,L,0.174216,-0.02562,0.723704,10.430000000000001,-1.6800000000000002,28.910000000000004,0
1786849371.0464115,R,0.197152,0.47092,-0.640012,-29.540000000000003,17.430000000000003,-29.050000000000004,0
1786849371.0489151,L,0.195444,-0.027327999999999998,0.772016,17.92,7.630000000000001,6.790000000000001,0
1786849371.0610697,R,0.176656,0.486048,-0.650016,-48.650000000000006,24.64,-34.510000000000005,0
1786849371.0640721,L,0.24448799999999998,-0.022935999999999998,0.819352,12.250000000000002,10.850000000000001,1.12,0
1786849371.0785894,L,0.331352,-0.008052,0.8979199999999999,-5.95,10.850000000000001,14.910000000000002,0
1786849371.0911055,R,0.164212,0.48653599999999997,-0.671,-63.42000000000001,20.790000000000003,-31.710000000000004,0
1786849371.09311,R,0.14884,0.4758,-0.685152,-64.19000000000001,1.9600000000000002,-23.94,0
1786849371.09411,L,0.36966,-0.003172,0.904996,-23.520000000000003,22.89,27.720000000000002,0
1786849371.1066284,R,0.127856,0.465064,-0.697352,-59.78000000000001,-15.820000000000002,-22.610000000000003,0
1786849371.1086283,L,0.386252,0.00976,0.9335439999999999,-30.730000000000004,32.34,24.360000000000003,0
1786849371.1211452,R,0.126148,0.464088,-0.702232,-59.99000000000001,-22.96,-27.160000000000004,0
1786849371.1241493,L,0.386008,0.014152,0.95404,-27.300000000000004,36.400000000000006,9.73,0
1786849371.1366682,R,0.11345999999999999,0.471896,-0.70028,-62.370000000000005,-26.950000000000003,-34.580000000000005,0
1786849371.1386678,L,0.372344,-0.003172,0.973316,-20.650000000000002,36.470000000000006,-11.340000000000002,0
1786849371.151189,R,0.097112,0.458476,-0.709796,-65.94000000000001,-40.18000000000001,-30.660000000000004,0
1786849371.1557126,L,0.347944,-0.029768,0.980148,-23.730000000000004,31.500000000000004,-30.240000000000002,0
1786849371.1687295,L,0.36966,-0.022448,0.978928,-35.77,26.110000000000003,-43.050000000000004,0
1786849371.18125,R,0.105652,0.43798,-0.734928,-72.52000000000001,-64.12,-19.67,0
1786849371.1832535,R,0.182756,0.46726,-0.83204,-70.56,-179.76000000000002,29.26,0
1786849371.1842535,L,0.273036,-0.154696,1.080188,-52.290000000000006,63.35000000000001,-116.9,0
1786849371.196775,R,0.30378,0.375028,-1.020164,1.8200000000000003,-171.01000000000002,62.93000000000001,0
1786849371.198774,L,0.255468,0.0046359999999999995,1.03944,-60.760000000000005,24.150000000000002,-103.74000000000001,0
1786849371.2112887,R,0.298656,0.332328,-1.004548,-20.44,-154.28,50.68000000000001,0
1786849371.2142925,L,0.238388,0.051972,0.95282,-76.02000000000001,38.85,-73.29,0
1786849371.2264638,R,0.321104,0.340624,-1.061888,-37.870000000000005,-100.87,31.150000000000002,0
1786849371.2284632,L,0.227652,0.073688,0.968436,-73.36000000000001,60.27,-52.43000000000001,0
1786849371.2409835,R,0.32256799999999997,0.305,-1.0760399999999999,-57.260000000000005,-57.330000000000005,24.01,0
1786849371.2439866,L,0.232288,0.081252,1.043344,-54.25000000000001,55.580000000000005,-51.660000000000004,0
1786849371.2566912,R,0.270352,0.309392,-1.018456,-70.0,-35.28,24.290000000000003,0
1786849371.2586904,L,0.29036,0.146644,1.008696,-47.32000000000001,41.720000000000006,-55.510000000000005,0
1786849371.2712085,R,0.23058,0.287188,-1.0309,-79.24000000000001,-45.080000000000005,31.430000000000003,0
1786849371.2742128,L,0.300364,0.175192,1.0492,-34.300000000000004,38.57,-52.85000000000001,0
1786849371.2867365,R,0.20569199999999999,0.30378,-0.99064,-66.64,-65.59,40.67,0
1786849371.2887366,L,0.39283999999999997,0.203252,1.022604,-46.690000000000005,40.25000000000001,-46.480000000000004,0
1786849371.301253,R,0.186416,0.300852,-0.9891759999999999,-36.75,-95.83000000000001,40.81,0
1786849371.3042567,L,0.40089199999999997,0.200324,1.117276,-65.73,48.160000000000004,-28.210000000000004,0
1786849371.3167799,R,0.214964,0.279868,-0.96136,-23.310000000000002,-103.74000000000001,39.970000000000006,0
1786849371.318779,L,0.474092,0.185196,1.179984,-66.15,24.85,-14.980000000000002,0
1786849371.3313792,R,0.273036,0.29768,-0.94062,-32.06,-89.67,34.790000000000006,0
1786849371.3344195,L,0.432368,0.05002,0.93452,-51.800000000000004,12.180000000000001,-47.6,0
1786849371.3465292,R,0.31964,0.290116,-0.9964959999999999,-18.270000000000003,-105.56000000000002,42.42,0
1786849371.348529,L,0.302804,0.062708,1.03456,-40.25000000000001,17.01,-98.63000000000001,0
1786849371.3613167,R,0.324764,0.204228,-1.01138,-31.500000000000004,-77.84,52.220000000000006,0
1786849371.3643217,L,0.384544,0.143716,1.0255319999999999,-36.75,-8.540000000000001,-108.85000000000001,0
1786849371.376353,R,0.30988,0.21106,-0.990152,-59.71000000000001,-46.830000000000005,52.71000000000001,0
1786849371.3793511,L,0.383324,0.191296,0.7622559999999999,-50.89000000000001,-2.8000000000000003,-99.19000000000001,0
1786849371.3912196,R,0.275232,0.171044,-0.968436,-55.160000000000004,-31.430000000000003,42.49,0
1786849371.3942244,L,0.36112,0.24156,0.835456,-49.28,1.8900000000000001,-77.00000000000001,0
1786849371.4067433,R,0.322812,0.20862,-1.033828,-47.53,-36.260000000000005,38.36000000000001,0
1786849371.408743,L,0.42578,0.24766,0.91622,-53.410000000000004,20.020000000000003,-61.25000000000001,0
1786849371.421257,R,0.339648,0.205936,-1.0492,-28.000000000000004,-51.31,47.95,0
1786849371.4367828,R,0.327204,0.231068,-1.03944,-1.2600000000000002,-83.79,64.26,0
1786849371.4387822,L,0.464576,0.23058,0.920856,-56.21000000000001,16.450000000000003,-49.7,0
1786849371.4397829,L,0.49946799999999997,0.210328,0.9262239999999999,-60.690000000000005,9.520000000000001,-47.18000000000001,0
1786849371.4513795,R,0.30719599999999997,0.21276799999999998,-1.014308,21.700000000000003,-90.16000000000001,64.89,0
1786849371.4553838,L,0.502884,0.19763999999999998,0.906948,-64.61,4.970000000000001,-48.86000000000001,0
1786849371.4665759,R,0.324764,0.201544,-1.003572,15.260000000000002,-65.87,48.720000000000006,0
1786849371.4685774,L,0.511912,0.184464,0.915976,-57.330000000000005,6.090000000000001,-57.260000000000005,0
1786849371.4810948,R,0.361608,0.204472,-1.003816,-5.95,-26.53,23.03,0
1786849371.4840982,L,0.5724239999999999,0.210816,0.931348,-47.18000000000001,-0.8400000000000001,-70.35000000000001,0
1786849371.4966161,R,0.406504,0.24790399999999999,-1.009672,-28.560000000000002,7.630000000000001,9.38,0
1786849371.4986165,L,0.593896,0.223992,0.97112,-40.74,-8.33,-73.36000000000001,0
1786849371.5111337,R,0.43066,0.28255199999999997,-1.001376,-34.160000000000004,22.470000000000002,10.360000000000001,0
1786849371.5141366,L,0.640012,0.237656,0.966484,-37.800000000000004,-21.700000000000003,-66.78,0
1786849371.5266547,R,0.842532,0.387228,-1.082384,-26.950000000000003,3.7800000000000002,21.98,0
1786849371.5286553,L,0.29158,0.112728,0.988688,-27.580000000000002,-23.450000000000003,-69.23,0
1786849371.5411723,R,0.496052,0.363072,-0.9742919999999999,-11.410000000000002,-9.31,68.67,0
1786849371.5441754,L,0.565836,0.17763199999999998,0.9372039999999999,-28.42,-30.94,-95.06,0
1786849371.5588489,L,0.515084,0.188368,0.938912,-26.740000000000002,-28.35,-70.49000000000001,0
1786849371.5713902,R,0.470188,0.38112799999999997,-0.966484,-16.1,-11.830000000000002,55.160000000000004,0
1786849371.5724332,R,0.461648,0.368684,-0.937692,-25.130000000000003,9.520000000000001,53.970000000000006,0
1786849371.5744326,L,0.513864,0.221796,0.877912,-25.55,-20.44,-71.26,0
1786849371.58674,R,0.457012,0.379176,-0.933056,-37.52,25.62,48.86000000000001,0
1786849371.588741,L,0.5145959999999999,0.247416,0.893528,-14.280000000000001,-16.310000000000002,-69.65,0
1786849371.6012578,R,0.43968799999999997,0.370148,-0.93696,-37.24,30.870000000000005,56.910000000000004,0
1786849371.6042612,L,0.5441199999999999,0.26596,0.915976,-1.8900000000000001,-18.900000000000002,-70.98,0
1786849371.616783,R,0.456524,0.341844,-0.9423279999999999,-31.01,22.330000000000002,66.29,0
1786849371.618784,L,0.541924,0.23302,0.920856,-1.05,-35.63,-62.160000000000004,0
1786849371.631474,R,0.471652,0.336232,-0.939644,-24.430000000000003,15.890000000000002,67.06,0
1786849371.6335368,L,0.555832,0.160552,0.893528,-9.940000000000001,-34.160000000000004,-48.86000000000001,0
1786849371.6466632,R,0.51972,0.340868,-0.9384239999999999,-23.660000000000004,22.470000000000002,54.88,0
1786849371.6486645,L,0.6095119999999999,0.084912,0.9286639999999999,-11.760000000000002,-33.32,-48.440000000000005,0
1786849371.6614778,R,0.55876,0.36697599999999997,-0.925492,-29.400000000000002,41.580000000000005,36.75,0
1786849371.6656585,L,0.710284,0.06954,0.989908,-1.33,-56.35000000000001,-71.54,0
1786849371.6768284,R,0.559736,0.391376,-0.939644,-42.63,54.53000000000001,26.53,0
1786849371.6788287,L,0.81984,0.112728,1.026508,2.5200000000000005,-76.51,-108.71000000000001,0
1786849371.6914072,R,0.70638,0.426268,-1.0426119999999999,-76.44000000000001,77.14,36.120000000000005,0
1786849371.6935413,L,0.951844,0.219356,0.991128,1.4700000000000002,-98.56,-126.56000000000002,0
1786849371.706705,R,0.839604,0.494344,-1.162904,-91.91000000000001,82.67,49.42,0
1786849371.7087054,L,0.987468,0.320372,1.033584,-5.180000000000001,-92.61000000000001,-113.75000000000001,0
1786849371.7218306,R,1.078724,0.517768,-1.2744119999999999,-77.98,73.43,76.79,0
1786849371.7363577,R,1.068476,0.542168,-1.314672,-48.510000000000005,64.33000000000001,105.00000000000001,0
1786849371.7393568,L,0.968436,0.418216,1.146312,-3.99,-104.44000000000001,-73.15,0
1786849371.7403574,L,1.037976,0.516548,1.136064,-3.2900000000000005,-122.99000000000001,-29.120000000000005,0
1786849371.7508757,R,1.055544,0.540948,-1.320528,-18.76,71.96000000000001,119.84000000000002,0
1786849371.7539365,L,1.065792,0.551684,1.136064,5.880000000000001,-135.17000000000002,2.66,0
1786849371.766592,R,1.010892,0.523624,-1.335656,-14.280000000000001,81.69000000000001,133.42000000000002,0
1786849371.7685924,L,1.077992,0.522404,1.19804,16.8,-147.21,17.85,0
1786849371.7816577,R,0.9423279999999999,0.516792,-1.402024,-21.000000000000004,98.07000000000001,145.46,0
1786849371.7836902,L,1.086288,0.417972,1.2756319999999999,34.510000000000005,-165.69000000000003,19.46,0
1786849371.7957585,R,0.863516,0.49166,-1.4654639999999999,-16.59,112.56000000000002,150.71,0
1786849371.8115075,R,0.790316,0.425048,-1.514996,-8.190000000000001,132.51000000000002,149.10000000000002,0
1786849371.813578,L,1.026996,0.34355199999999997,1.350052,40.040000000000006,-186.62,22.05,0
1786849371.8155775,L,0.935008,0.327692,1.378844,24.71,-199.99,32.13,0
1786849371.8284063,R,0.74908,0.373808,-1.547448,-1.1900000000000002,154.63000000000002,136.22,0
1786849371.8294067,L,0.924272,0.379664,1.366644,6.16,-210.84000000000003,44.1,0
1786849371.8404753,R,0.7622559999999999,0.343796,-1.6243079999999999,-1.4700000000000002,180.04000000000002,126.70000000000002,0
1786849371.85653,R,0.8066639999999999,0.317932,-1.729716,-5.32,208.39000000000001,128.45000000000002,0
1786849371.8585303,L,1.036024,0.460428,1.496208,14.070000000000002,-228.69000000000003,36.190000000000005,0
1786849371.86053,L,1.156072,0.4758,1.600884,63.910000000000004,-280.28000000000003,1.8900000000000001,0
1786849371.872932,R,0.778848,0.328912,-1.773636,3.5700000000000003,234.08,131.11,0
1786849371.88845,R,0.702476,0.32574,-1.795108,21.35,259.0,141.47000000000003,0
1786849371.8894506,L,1.091656,0.437004,1.530368,94.15,-314.37,-12.81,0
1786849371.8904505,L,0.958432,0.427,1.475712,84.28,-317.24,9.73,0
1786849371.9004679,R,0.5795,0.250588,-1.7167839999999999,37.31,270.06,147.28,0
1786849371.9039743,L,0.8313079999999999,0.457012,1.460828,59.71000000000001,-294.49,53.550000000000004,0
1786849371.9164999,R,0.53558,0.202032,-1.66286,44.59,269.64000000000004,140.98000000000002,0
1786849371.9185002,L,0.8091039999999999,0.503128,1.45302,45.290000000000006,-281.26000000000005,87.01,0
1786849371.9340224,L,0.936228,0.499956,1.434964,46.760000000000005,-291.27000000000004,74.62,0
1786849371.9485466,L,0.904996,0.457256,1.404952,70.14,-328.16,24.360000000000003,0
1786849371.9617307,R,0.46604,0.184952,-1.596248,46.550000000000004,282.38000000000005,127.61000000000001,0
1786849371.96278,R,0.463844,0.190076,-1.5554999999999999,37.870000000000005,313.39000000000004,105.70000000000002,0
1786849371.9647799,L,0.8608319999999999,0.40138,1.286368,86.03,-372.47,-18.830000000000002,0
1786849371.978889,L,0.76616,0.41748399999999997,1.048712,78.12,-356.09000000000003,-16.03,0
1786849371.9904706,R,0.411872,0.180804,-1.4666839999999999,29.470000000000002,343.56000000000006,91.14000000000001,0
1786849371.992977,R,0.44164,0.154452,-1.44082,18.970000000000002,344.89000000000004,102.76,0
1786849371.993977,L,0.771284,0.43968799999999997,1.073356,66.85000000000001,-338.87,10.57,0
1786849372.0075011,R,0.401136,0.078812,-1.27856,37.38,327.18,116.76,0
1786849372.0095007,L,0.824476,0.373564,1.0309,59.43000000000001,-345.59000000000003,10.850000000000001,0
1786849372.0240214,L,0.8239879999999999,0.325984,0.937448,60.620000000000005,-353.92,-44.800000000000004,0
1786849372.0368009,R,0.416996,0.075152,-1.172664,43.89000000000001,318.71000000000004,116.27000000000001,0
1786849372.037805,R,0.353068,0.120536,-1.00162,57.75000000000001,326.62,94.01,0
1786849372.0418043,L,0.696132,0.20008,0.842288,69.16000000000001,-406.84000000000003,-94.64000000000001,0
1786849372.0664382,R,0.259372,0.116632,-0.813252,76.65,343.98,74.97000000000001,0
1786849372.067439,R,0.290848,0.052948,-0.665876,58.03000000000001,352.31000000000006,77.77000000000001,0
1786849372.0694406,L,0.535824,0.191052,0.579012,50.540000000000006,-377.86,-84.63000000000001,0
1786849372.0704389,L,0.487024,0.212036,0.44334799999999996,26.110000000000003,-320.32000000000005,-21.07,0
1786849372.0829613,R,0.2806,0.052948,-0.577792,32.480000000000004,323.47,102.48,0
1786849372.083961,L,0.50264,0.237168,0.430172,17.85,-291.62,25.480000000000004,0
1786849372.096489,R,0.252296,-0.039772,-0.421388,30.310000000000002,303.59000000000003,129.92000000000002,0
1786849372.0974872,R,0.216672,-0.081252,-0.274012,31.360000000000003,305.76000000000005,127.05000000000001,0
1786849372.099487,L,0.55144,0.25864,0.372832,18.62,-283.5,5.040000000000001,0
1786849372.113023,R,0.216184,-0.15738,-0.133956,18.130000000000003,305.97,94.99000000000001,0
1786849372.1140258,L,0.349896,0.238876,0.195932,34.02,-295.12,-39.900000000000006,0
1786849372.1265543,R,0.18348799999999998,-0.206424,-0.047824,1.12,311.29,67.69000000000001,0
1786849372.1285563,L,0.235948,0.165432,-0.053924,52.50000000000001,-306.6,-36.82,0
1786849372.140576,R,0.18470799999999998,-0.226432,-0.005124,-6.790000000000001,316.12,53.970000000000006,0
1786849372.1440868,L,0.192272,0.036112,-0.240096,43.330000000000005,-280.56,8.75,0
1786849372.1733084,R,0.18226799999999999,-0.225944,0.055388,-1.61,313.18,46.410000000000004,0
1786849372.174307,L,0.322324,0.034159999999999996,-0.306952,1.2600000000000002,-219.17000000000002,63.56000000000001,0
1786849372.1758113,L,0.361852,0.083936,-0.21472,-40.6,-177.10000000000002,70.28,0
1786849372.1884997,L,0.351116,0.16226,-0.179584,-38.64,-195.79000000000002,32.2,0
1786849372.2040274,L,0.20252,0.221308,-0.302804,1.8900000000000001,-224.00000000000003,-25.62,0
1786849372.2340894,L,0.00976,0.163724,-0.411628,41.440000000000005,-243.67000000000002,-30.520000000000003,0
1786849372.2355926,L,0.07002799999999999,0.141032,-0.576328,35.7,-198.17000000000002,3.5700000000000003,0
1786849372.248626,L,0.195932,0.180072,-0.521428,-10.430000000000001,-131.95000000000002,45.85,0
1786849372.2942302,L,0.07564,0.20935199999999998,-0.468968,-38.71,-126.70000000000002,80.50000000000001,0
1786849372.2957358,L,-0.151524,0.160796,-0.557784,-28.700000000000003,-130.06,68.32000000000001,0
1786849372.2967408,L,-0.540704,0.029036,-0.6039,-4.2,-113.47000000000001,31.92,0
1786849372.3242998,L,-0.272304,0.123708,-0.662704,3.7800000000000002,-91.00000000000001,6.580000000000001,0
1786849372.3258042,L,-0.37576,0.15006,-0.704184,-0.35000000000000003,-46.620000000000005,34.370000000000005,0
1786849372.34134,L,-0.300364,0.136152,-0.7290719999999999,-7.000000000000001,-13.510000000000002,68.67,0
1786849372.3554294,L,-0.311344,0.1098,-0.71858,-1.61,10.850000000000001,75.18,0
1786849372.3688173,L,-0.341844,0.06539199999999999,-0.744688,-3.6400000000000006,29.330000000000002,58.24000000000001,0
1786849372.3843455,L,-0.273768,0.049044,-0.76738,-21.910000000000004,55.580000000000005,48.300000000000004,0
1786849372.399424,L,-0.06709999999999999,0.088572,-0.754204,-37.45,82.53,46.27,0
1786849372.4157093,L,0.142008,0.159088,-0.714676,-46.27,105.63000000000001,27.790000000000003,0
1786849372.428744,L,0.35624,0.254248,-0.669048,-35.14,113.4,1.7500000000000002,0
1786849372.4442792,L,0.48897599999999997,0.33183999999999997,-0.7044279999999999,-11.55,106.54,-21.840000000000003,0
1786849372.458828,L,0.557784,0.30597599999999997,-0.775432,3.7100000000000004,94.64000000000001,-26.390000000000004,0
1786849372.474361,L,0.69052,0.250832,-0.746152,5.460000000000001,79.03,-17.85,0
1786849372.5193686,L,0.878644,0.226432,-0.7412719999999999,-8.680000000000001,78.47000000000001,-2.45,0
1786849372.5203688,L,0.991128,0.257176,-0.75518,-28.490000000000002,80.36000000000001,-4.62,0
1786849372.5213683,L,0.9977159999999999,0.28182,-0.8066639999999999,-28.210000000000004,75.53,-10.500000000000002,0
1786849372.5335884,L,0.9699,0.294752,-0.795196,-22.12,63.49000000000001,-6.16,0
1786849372.5486586,L,0.9581879999999999,0.327448,-0.8052,-16.66,46.830000000000005,3.6400000000000006,0
1786849372.5644245,L,0.910852,0.337696,-0.856928,-10.15,35.28,11.200000000000001,0
1786849372.5786934,L,0.9101199999999999,0.339648,-0.835944,-6.300000000000001,28.000000000000004,15.330000000000002,0
1786849372.5942216,L,0.909632,0.307684,-0.8510719999999999,-1.9600000000000002,18.55,8.4,0
1786849372.6087458,L,0.85156,0.286456,-0.884988,4.41,10.57,0.6300000000000001,0
1786849372.624273,L,0.782264,0.279868,-0.88328,2.9400000000000004,10.57,-2.7300000000000004,0
1786849372.6387973,L,0.705404,0.263032,-0.855708,1.33,9.450000000000001,-1.4000000000000001,0
1786849372.6534667,L,0.6919839999999999,0.254492,-0.821304,3.2900000000000005,3.0100000000000002,1.7500000000000002,0
1786849372.6685479,L,0.735904,0.23985199999999998,-0.793244,6.720000000000001,-4.83,2.24,0
1786849372.6840773,L,0.782996,0.231068,-0.778604,9.8,-10.920000000000002,-2.5900000000000003,0
1786849372.6987624,L,0.770064,0.234484,-0.7832399999999999,12.740000000000002,-13.790000000000001,-6.300000000000001,0
1786849372.714291,L,0.75518,0.242292,-0.782752,11.13,-8.4,-5.460000000000001,0
1786849372.7288194,L,0.707356,0.22106399999999998,-0.768844,10.920000000000002,-5.6000000000000005,3.5000000000000004,0
1786849372.744349,L,0.67466,0.177144,-0.773968,10.22,-4.69,10.64,0
1786849372.7588487,L,0.643184,0.157868,-0.746884,7.140000000000001,-5.6000000000000005,13.370000000000001,0
1786849372.7744262,L,0.687348,0.20227599999999998,-0.711504,5.040000000000001,-9.24,9.8,0
1786849372.789099,L,0.71248,0.230092,-0.722728,9.73,-16.240000000000002,0.21000000000000002,0
1786849372.8058121,L,0.7290719999999999,0.255224,-0.721752,23.520000000000003,-24.990000000000002,-8.190000000000001,0
1786849372.8166144,R,0.117852,-0.240584,0.2196,16.87,318.50000000000006,47.11000000000001,0
1786849372.8196177,L,0.669536,0.229604,-0.754692,30.660000000000004,-28.140000000000004,-12.180000000000001,0
1786849372.8324614,R,0.093696,-0.21594,0.342576,16.310000000000002,334.81000000000006,33.39,0
1786849372.834465,L,0.62342,0.19763999999999998,-0.754204,28.560000000000002,-27.650000000000002,-8.05,0
1786849372.8466883,R,0.085644,-0.203252,0.414312,-7.910000000000001,325.92,6.580000000000001,0
1786849372.8496904,L,0.58316,0.166896,-0.751032,17.150000000000002,-22.610000000000003,-0.28,0
1786849372.8626747,R,0.106872,-0.28011199999999997,0.466284,-32.480000000000004,293.02000000000004,-1.1900000000000002,0
1786849372.8646784,L,0.55754,0.133468,-0.742736,7.490000000000001,-19.32,3.9200000000000004,0
1786849372.8788764,L,0.56608,0.118828,-0.724924,2.31,-15.96,1.54,0
1786849372.8937588,L,0.587796,0.133224,-0.7015,0.21000000000000002,-14.560000000000002,-7.700000000000001,0
1786849372.9087882,L,0.563152,0.175436,-0.6932039999999999,1.4700000000000002,-15.610000000000001,-18.76,0
1786849372.9243119,L,0.500932,0.21520799999999998,-0.739808,6.090000000000001,-16.17,-20.44,0
1786849372.9384532,L,0.493368,0.19032,-0.747616,11.340000000000002,-14.700000000000001,-10.080000000000002,0
1786849372.951643,R,-0.012688,-0.36941599999999997,0.4941,-37.730000000000004,265.44,29.26,0
1786849372.9557214,L,0.503372,0.135908,-0.725412,12.180000000000001,-10.500000000000002,1.8900000000000001,0
1786849372.9697528,L,0.5231359999999999,0.123464,-0.716384,0.8400000000000001,-0.28,9.31,0
1786849372.9842749,L,0.563396,0.135664,-0.72102,-6.720000000000001,7.210000000000001,9.030000000000001,0
1786849372.999797,L,0.5909679999999999,0.152012,-0.728584,-9.31,8.680000000000001,4.130000000000001,0
1786849373.0108147,R,-0.138104,-0.357216,0.597556,-8.47,233.8,47.39000000000001,0
1786849373.0143209,L,0.602436,0.16128399999999998,-0.729804,-4.970000000000001,3.43,2.8000000000000003,0
1786849373.0288448,L,0.58682,0.19056399999999998,-0.745908,-2.31,0.8400000000000001,3.43,0
1786849373.0436504,L,0.558028,0.22447999999999999,-0.763232,-9.24,8.96,7.630000000000001,0
1786849373.0592172,L,0.57584,0.231312,-0.7512759999999999,-8.120000000000001,11.830000000000002,7.210000000000001,0
1786849373.0744643,L,0.59536,0.21594,-0.746884,-9.450000000000001,11.13,1.1900000000000002,0
1786849373.0893557,L,0.58926,0.211792,-0.750788,-8.260000000000002,4.62,-2.87,0
1786849373.1196814,L,0.57828,0.22447999999999999,-0.744688,-6.930000000000001,2.66,-5.6000000000000005,0
1786849373.120682,L,0.5651039999999999,0.235948,-0.730048,-4.69,2.8000000000000003,-7.700000000000001,0
1786849373.1313908,R,-0.308904,-0.343308,0.752984,30.240000000000002,201.88000000000002,52.150000000000006,0
1786849373.1344051,L,0.58682,0.233752,-0.72956,-5.390000000000001,5.180000000000001,-8.82,0
1786849373.147701,R,-0.35770399999999997,-0.326472,0.906216,45.71,173.04000000000002,32.27,0
1786849373.1497006,L,0.5795,0.223016,-0.752008,-5.670000000000001,5.880000000000001,-4.48,0
1786849373.1615267,R,-0.221308,-0.287676,1.009672,28.42,158.83,-0.6300000000000001,0
1786849373.1625276,R,0.669536,-0.249856,0.702964,-1.6800000000000002,38.220000000000006,21.07,0
1786849373.16561,L,0.59048,0.199104,-0.762988,-7.98,10.850000000000001,-0.42000000000000004,0
1786849373.17881,L,0.610976,0.21862399999999999,-0.7381,-11.13,14.490000000000002,2.5200000000000005,0
1786849373.194336,L,0.63684,0.26108,-0.724924,-10.780000000000001,10.99,1.12,0
1786849373.2085085,L,0.626104,0.268156,-0.745664,-5.74,7.140000000000001,-5.390000000000001,0
1786849373.2238584,L,0.6156119999999999,0.254492,-0.771528,-2.45,8.4,-9.870000000000001,0
1786849373.239382,L,0.580964,0.21520799999999998,-0.772748,-4.41,12.740000000000002,-5.6000000000000005,0
1786849373.253484,L,0.59048,0.191052,-0.75884,-7.280000000000001,16.240000000000002,-1.1900000000000002,0
1786849373.2680044,R,0.535824,-0.297192,0.7339519999999999,18.830000000000002,53.410000000000004,9.31,0
1786849373.2690043,L,0.619516,0.2013,-0.72712,-9.24,17.5,0.6300000000000001,0
1786849373.2815394,R,0.47702,-0.280356,0.772992,18.69,50.96000000000001,-0.9800000000000001,0
1786849373.2825415,R,0.47726399999999997,-0.24790399999999999,0.796416,6.720000000000001,43.050000000000004,-2.9400000000000004,0
1786849373.2845953,L,0.62708,0.218136,-0.728096,-7.420000000000001,15.820000000000002,-1.8900000000000001,0
1786849373.2989445,L,0.6439159999999999,0.23155599999999998,-0.737856,-6.0200000000000005,15.400000000000002,-4.48,0
1786849373.3145149,L,0.631228,0.219356,-0.747372,-3.22,13.790000000000001,-5.53,0
1786849373.3287177,L,0.6161,0.216916,-0.738344,-3.7800000000000002,14.840000000000002,-5.390000000000001,0
1786849373.3443012,L,0.59536,0.21862399999999999,-0.7198,-6.720000000000001,17.150000000000002,-3.1500000000000004,0
1786849373.3586717,L,0.59536,0.216428,-0.72224,-7.840000000000001,17.5,-2.7300000000000004,0
1786849373.3886526,L,0.622932,0.209596,-0.7068679999999999,-9.170000000000002,18.830000000000002,-2.5200000000000005,0
1786849373.3906522,L,0.645624,0.212524,-0.688568,-9.030000000000001,17.5,-6.44,0
1786849373.403455,L,0.637084,0.23619199999999999,-0.690276,-7.07,16.66,-9.590000000000002,0
1786849373.4191885,L,0.660996,0.27205999999999997,-0.713944,-3.8500000000000005,16.73,-7.7700000000000005,0
1786849373.4335058,L,0.662216,0.260104,-0.713456,-3.7800000000000002,19.53,-4.9,0
1786849373.449145,L,0.656604,0.23985199999999998,-0.705892,-2.66,20.650000000000002,-4.9,0
1786849373.4607584,R,0.482632,-0.246196,0.798124,4.340000000000001,4.62,-0.35000000000000003,0
1786849373.4787872,L,0.668804,0.226676,-0.702476,-1.54,16.73,-4.550000000000001,0
1786849373.4807918,L,0.69052,0.213012,-0.713456,-6.580000000000001,19.32,-6.86,0
1786849373.4943135,L,0.712236,0.232044,-0.702476,-8.89,19.740000000000002,-6.930000000000001,0
1786849373.5088332,L,0.733708,0.260592,-0.70394,-6.65,16.73,-4.83,0
1786849373.5244837,L,0.739076,0.27327999999999997,-0.7093079999999999,-3.7100000000000004,14.560000000000002,-4.340000000000001,0
1786849373.539548,L,0.725656,0.275476,-0.716872,-3.2900000000000005,13.090000000000002,-3.5000000000000004,0
1786849373.5544293,L,0.722484,0.263032,-0.707356,-2.1700000000000004,10.430000000000001,-1.8900000000000001,0
1786849373.567988,R,0.549488,-0.25254,0.769088,-13.020000000000001,-11.13,-0.21000000000000002,0
1786849373.5699885,L,0.727608,0.24156,-0.705892,-0.28,7.700000000000001,-0.49000000000000005,0
1786849373.58351,L,0.733464,0.228628,-0.698084,1.05,5.880000000000001,2.45,0
1786849373.596779,R,0.526308,-0.351116,0.771772,-1.6800000000000002,-17.78,-21.700000000000003,1
1786849373.599779,L,0.73566,0.230092,-0.692716,-0.77,6.44,3.5000000000000004,1
1786849373.6142988,L,0.7339519999999999,0.243512,-0.68442,-1.05,5.6000000000000005,3.0100000000000002,1
1786849373.6268177,R,0.560712,-0.304024,0.796904,-16.450000000000003,-15.120000000000001,-25.76,1
1786849373.6298165,L,0.717116,0.258884,-0.675636,-0.6300000000000001,2.5900000000000003,2.5200000000000005,1
1786849373.644335,L,0.698084,0.252784,-0.687592,-0.9100000000000001,2.7300000000000004,1.8900000000000001,1
1786849373.6584704,L,0.701012,0.245464,-0.6822239999999999,0.42000000000000004,2.1700000000000004,5.390000000000001,1
1786849373.673291,R,0.579012,-0.310368,0.8113,-24.01,-25.410000000000004,-24.01,1
1786849373.6742911,L,0.700524,0.243024,-0.6771,-2.1700000000000004,3.5000000000000004,6.790000000000001,1
1786849373.6868129,R,0.5873079999999999,-0.28792,0.809592,-26.53,-37.59,-21.35,1
1786849373.6898131,L,0.697108,0.253516,-0.678808,-2.31,2.45,5.040000000000001,1
1786849373.7008245,R,0.595116,-0.298168,0.718336,-2.5900000000000003,-14.980000000000002,-24.290000000000003,1
1786849373.7043333,L,0.695888,0.259372,-0.6822239999999999,-1.1900000000000002,0.9100000000000001,0.56,1
1786849373.7174685,R,0.604876,-0.28426,0.717604,-1.8900000000000001,-12.040000000000001,-16.87,1
1786849373.7194684,L,0.68686,0.248148,-0.688568,0.9100000000000001,-0.9100000000000001,-1.7500000000000002,1
1786849373.7306569,R,0.6119519999999999,-0.276452,0.7178479999999999,-6.370000000000001,-3.8500000000000005,-17.290000000000003,1
1786849373.7341638,L,0.680028,0.223748,-0.687348,1.2600000000000002,-1.12,-2.24,1
1786849373.7486844,L,0.6832,0.210572,-0.668316,-0.14,-1.8900000000000001,-0.77,1
1786849373.7607093,R,0.6527,-0.278892,0.75884,2.31,-31.500000000000004,-22.05,1
1786849373.7642148,L,0.6895439999999999,0.223016,-0.667584,-2.7300000000000004,-1.7500000000000002,0.9100000000000001,1
1786849373.7797346,L,0.6932039999999999,0.242292,-0.671488,-4.130000000000001,-2.8000000000000003,1.61,1
1786849373.7907474,R,0.736148,-0.225456,0.678076,-1.4700000000000002,-1.4000000000000001,-7.000000000000001,1
1786849373.7932532,R,0.724436,-0.218136,0.687836,-5.11,4.130000000000001,-7.000000000000001,1
1786849373.7942538,L,0.69052,0.250832,-0.6797839999999999,-4.62,-1.8200000000000003,0.8400000000000001,1
1786849373.8097773,L,0.682712,0.23302,-0.68564,-3.1500000000000004,-2.0300000000000002,-1.05,1
1786849373.824299,L,0.665388,0.21472,-0.67832,-0.9800000000000001,-3.22,-2.1,1
1786849373.83682,R,0.7129679999999999,-0.23033599999999999,0.7093079999999999,-6.86,0.8400000000000001,-3.1500000000000004,1
1786849373.83782,R,0.6883239999999999,-0.240096,0.69296,-8.82,-0.14,1.4700000000000002,1
1786849373.8388205,L,0.642452,0.21154799999999999,-0.676612,-2.3800000000000003,-2.1700000000000004,-2.1,1
1786849373.8523352,R,0.6895439999999999,-0.249856,0.682956,-8.89,2.3800000000000003,-0.07,1
1786849373.8543394,L,0.62098,0.220332,-0.676612,-4.130000000000001,1.2600000000000002,-1.2600000000000002,1
1786849373.8684125,R,0.6797839999999999,-0.251808,0.6893,-5.11,5.8100000000000005,-3.3600000000000003,1
1786849373.869412,L,0.628056,0.23058,-0.670756,-5.6000000000000005,3.7800000000000002,0.21000000000000002,1
1786849373.8820937,R,0.681492,-0.246196,0.69784,-3.0100000000000002,6.23,-7.3500000000000005,1
1786849373.8830967,R,0.689788,-0.233752,0.699548,-1.8200000000000003,4.2700000000000005,-9.66,1
1786849373.8840969,L,0.642208,0.225456,-0.67222,-3.5700000000000003,3.7100000000000004,2.1,1
1786849373.8966167,R,0.693448,-0.221552,0.707112,-3.43,1.8200000000000003,-8.260000000000002,1
1786849373.8986175,L,0.669536,0.220088,-0.686128,-1.8200000000000003,3.1500000000000004,2.45,1
1786849373.913137,R,0.676612,-0.228628,0.70028,-8.89,1.8900000000000001,-0.8400000000000001,1
1786849373.9141371,L,0.673196,0.205936,-0.684908,-2.87,5.250000000000001,1.54,1
1786849373.92666,R,0.656116,-0.2379,0.695156,-9.590000000000002,3.5000000000000004,-2.9400000000000004,1
1786849373.9441833,L,0.649284,0.199592,-0.67954,-5.6000000000000005,8.540000000000001,-0.07,1
1786849373.9456859,L,0.6575799999999999,0.22228399999999998,-0.674416,-8.680000000000001,11.9,0.56,1
1786849373.9566078,R,0.6204919999999999,-0.241316,0.7015,-4.130000000000001,8.33,-9.24,1
1786849373.959608,L,0.676612,0.2318,-0.672464,-6.370000000000001,11.200000000000001,0.49000000000000005,1
1786849373.9741304,L,0.691252,0.236436,-0.669048,-4.760000000000001,11.55,-0.56,1
1786849373.986648,R,0.62342,-0.247172,0.703452,-1.12,7.210000000000001,-10.22,1
1786849373.9896479,L,0.693692,0.23985199999999998,-0.671976,-5.95,13.370000000000001,1.4000000000000001,1
1786849374.005673,L,0.70516,0.248148,-0.67222,-7.490000000000001,15.47,2.45,1
1786849374.0186877,L,0.71492,0.252784,-0.667828,-5.6000000000000005,14.910000000000002,1.7500000000000002,1
1786849374.034211,L,0.713944,0.24888,-0.665144,-3.22,12.250000000000002,0.42000000000000004,1
1786849374.0467286,R,0.62952,-0.227408,0.71614,2.66,4.130000000000001,-8.75,1
1786849374.0497308,L,0.711504,0.232044,-0.668072,-3.6400000000000006,11.06,3.8500000000000005,1
1786849374.076799,R,0.6426959999999999,-0.217648,0.720532,2.1700000000000004,2.1,-7.210000000000001,1
1786849374.0787988,L,0.715652,0.21862399999999999,-0.666608,-5.670000000000001,11.690000000000001,8.190000000000001,1
1786849374.0808003,L,0.713944,0.228384,-0.657336,-7.000000000000001,10.71,8.610000000000001,1
1786849374.0923188,R,0.694912,-0.21716,0.732,-0.9800000000000001,-0.7000000000000001,-6.86,1
1786849374.0933223,R,0.6390359999999999,-0.21106,0.74176,-5.180000000000001,-3.08,-8.680000000000001,1
1786849374.094323,L,0.708576,0.24278,-0.659044,-6.930000000000001,9.24,7.280000000000001,1
1786849374.1068418,R,0.649772,-0.23546,0.732244,-6.0200000000000005,-4.2700000000000005,-11.830000000000002,1
1786849374.1233633,R,0.654896,-0.236436,0.72712,-3.8500000000000005,-8.33,-14.63,1
1786849374.1243634,L,0.702964,0.240584,-0.660264,-4.62,7.210000000000001,5.880000000000001,1
1786849374.125363,L,0.687592,0.21594,-0.666364,-4.62,8.33,7.420000000000001,1
1786849374.136407,R,0.668804,-0.217892,0.72224,-1.12,-13.510000000000002,-11.55,1
1786849374.150644,R,0.697108,-0.205448,0.71736,-1.12,-14.14,-7.910000000000001,1
1786849374.1541648,L,0.680516,0.194956,-0.657092,-6.44,11.270000000000001,7.840000000000001,1
1786849374.1556678,L,0.674904,0.190808,-0.64416,-8.190000000000001,13.160000000000002,7.140000000000001,1
1786849374.1686847,L,0.672464,0.19763999999999998,-0.6353759999999999,-8.96,12.950000000000001,5.6000000000000005,1
1786849374.1842062,L,0.664168,0.185928,-0.642208,-8.75,12.110000000000001,4.2,1
1786849374.196727,R,0.701988,-0.216428,0.713212,-5.460000000000001,-13.930000000000001,-7.3500000000000005,1
1786849374.1997263,L,0.645868,0.168848,-0.652212,-8.82,12.88,4.970000000000001,1
1786849374.213252,R,0.70638,-0.233752,0.671976,-3.9200000000000004,-11.200000000000001,-9.73,1
1786849374.214251,L,0.629032,0.1525,-0.664412,-9.73,14.770000000000001,7.420000000000001,1
1786849374.227774,R,0.696376,-0.213256,0.673928,-3.6400000000000006,-3.5700000000000003,-15.400000000000002,1
1786849374.229774,L,0.6168319999999999,0.138836,-0.676856,-10.010000000000002,17.5,9.170000000000002,1
1786849374.244293,L,0.6192719999999999,0.138592,-0.678564,-9.66,20.090000000000003,7.420000000000001,1
1786849374.2588508,L,0.6378159999999999,0.139324,-0.672708,-7.140000000000001,21.35,1.2600000000000002,1
1786849374.2740142,L,0.638792,0.13908,-0.673196,-7.07,26.180000000000003,-1.8200000000000003,1
1786849374.2885337,L,0.6685599999999999,0.129076,-0.640012,-7.000000000000001,31.990000000000002,-0.56,1
1786849374.302053,R,0.6871039999999999,-0.204716,0.686616,-4.550000000000001,-2.7300000000000004,-10.57,1
1786849374.3030565,R,0.679052,-0.188612,0.695888,-5.880000000000001,-2.5900000000000003,-7.420000000000001,1
1786849374.3040566,L,0.67954,0.139812,-0.605608,-7.490000000000001,36.61000000000001,0.9100000000000001,1
1786849374.3165772,R,0.6661199999999999,-0.191052,0.701012,-10.080000000000002,-0.7000000000000001,-6.300000000000001,1
1786849374.3195763,L,0.655872,0.162992,-0.586332,-7.910000000000001,41.230000000000004,4.2,1
1786849374.3320932,R,0.655872,-0.189588,0.70516,-10.080000000000002,-0.7000000000000001,-8.05,1
1786849374.3340964,L,0.636352,0.173484,-0.550952,-6.0200000000000005,45.92,7.3500000000000005,1
1786849374.3467386,R,0.65148,-0.19032,0.707844,-7.630000000000001,-4.83,-10.64,1
1786849374.3487372,L,0.584136,0.17885199999999998,-0.5158159999999999,-3.5000000000000004,50.330000000000005,10.500000000000002,1
1786849374.362107,R,0.63928,-0.176656,0.7076,-4.48,-9.66,-10.22,1
1786849374.3641107,L,0.531188,0.150548,-0.491904,0.35000000000000003,57.330000000000005,10.500000000000002,1
1786849374.3941512,L,0.508984,0.10760399999999999,-0.482144,1.05,69.09,12.530000000000001,1
1786849374.3956542,L,0.504348,0.061732,-0.470676,-0.9800000000000001,80.85000000000001,23.1,1
1786849374.4086688,L,0.52948,0.061488,-0.416752,-3.7800000000000002,87.01,33.88,1
1786849374.4241881,L,0.560712,0.089792,-0.363072,-0.77,86.80000000000001,38.64,1
1786849374.4367068,R,0.600972,-0.15128,0.70272,-2.5200000000000005,-10.57,-6.930000000000001,1
1786849374.438708,L,0.571448,0.162504,-0.336232,-4.2700000000000005,89.25000000000001,34.160000000000004,1
1786849374.4522583,R,0.568032,-0.166408,0.732488,-4.41,-3.7100000000000004,-7.210000000000001,1
1786849374.4532628,R,0.5651039999999999,-0.17934,0.763964,-4.130000000000001,-4.760000000000001,-11.200000000000001,1
1786849374.454262,L,0.654652,0.174704,-0.292556,-2.1700000000000004,93.73,18.55,1
1786849374.4667842,R,0.6341559999999999,-0.152256,0.710284,-3.3600000000000003,-28.35,-17.64,1
1786849374.469784,L,0.655384,0.18544,-0.306464,2.1,98.84,3.08,1
1786849374.4823093,R,0.5897479999999999,-0.158356,0.674904,-4.0600000000000005,-35.7,-15.890000000000002,1
1786849374.484313,L,0.629032,0.154696,-0.338428,1.05,115.99000000000001,5.53,1
1786849374.4988348,L,0.687592,0.107848,-0.267424,4.760000000000001,128.31,15.750000000000002,1
1786849374.5123534,R,0.567056,-0.1586,0.629764,-4.9,-42.910000000000004,-14.770000000000001,1
1786849374.5133574,R,0.49898,-0.180072,0.585356,-4.130000000000001,-45.150000000000006,-16.310000000000002,1
1786849374.5143576,L,0.767624,0.150548,-0.153232,7.5600000000000005,124.88000000000001,23.94,1
1786849374.5265937,R,0.469456,-0.20691199999999998,0.556808,-4.48,-40.39,-27.160000000000004,1
1786849374.5295944,L,0.895724,0.241072,-0.06831999999999999,19.880000000000003,111.65,6.86,1
1786849374.544114,L,0.967948,0.252296,-0.037087999999999996,34.86000000000001,86.03,-22.12,1
1786849374.5567,R,0.456524,-0.197396,0.549732,-2.5200000000000005,-35.28,-41.300000000000004,1
1786849374.557702,R,0.543876,-0.13054,0.47726399999999997,15.750000000000002,-85.82000000000001,-68.81,1
1786849374.5597012,L,0.996252,0.18812399999999999,-0.112728,44.38,80.08000000000001,-27.650000000000002,1
1786849374.5742218,L,1.039196,0.104188,-0.119804,24.080000000000002,110.60000000000001,-1.9600000000000002,1
1786849374.5877435,R,0.574864,-0.10760399999999999,0.445544,17.01,-94.64000000000001,-70.35000000000001,1
1786849374.5897436,L,1.137772,0.054655999999999996,-0.111996,-1.9600000000000002,141.05,31.640000000000004,1
1786849374.6022596,R,0.620736,-0.08174,0.438956,16.66,-88.9,-84.63000000000001,1
1786849374.6032634,R,0.653676,-0.046116,0.406748,16.8,-80.64000000000001,-92.4,1
1786849374.604263,L,1.189988,0.105408,-0.060268,-28.700000000000003,160.51000000000002,52.150000000000006,1
1786849374.616786,R,0.704916,0.007076,0.367708,25.410000000000004,-91.7,-88.9,1
1786849374.6177876,R,0.7564,-0.013663999999999999,0.318176,26.53,-119.77000000000001,-84.98,1
1786849374.6197865,L,1.262212,0.258396,0.000488,-29.820000000000004,152.60000000000002,54.11000000000001,1
1786849374.6333125,R,0.895236,0.083692,0.253272,39.34,-159.67000000000002,-84.35000000000001,1
1786849374.634311,L,1.215608,0.275964,0.053191999999999996,3.2900000000000005,118.23000000000002,35.35,1
1786849374.6468315,R,0.965264,0.098332,0.229116,30.590000000000003,-173.04000000000002,-74.41000000000001,1
1786849374.6478338,R,1.009184,0.10614,0.188856,15.330000000000002,-157.92000000000002,-62.580000000000005,1
1786849374.6498322,L,1.12972,0.224236,-0.017324,38.57,83.51,14.21,1
1786849374.6619778,R,1.108492,0.147864,0.130296,4.550000000000001,-118.30000000000001,-69.58000000000001,1
1786849374.6630602,R,1.208776,0.175924,0.041968,8.540000000000001,-52.080000000000005,-83.44000000000001,1
1786849374.6640604,L,1.081652,0.165188,-0.049776,30.800000000000004,83.58000000000001,10.920000000000002,1
1786849374.6765835,R,1.158756,0.22813999999999998,0.115656,20.580000000000002,-63.56000000000001,-74.76,1
1786849374.6775837,R,1.102148,0.201544,0.15128,18.76,-69.37,-62.93000000000001,1
1786849374.679583,L,1.1277679999999999,0.114436,-0.001952,10.15,91.77000000000001,21.98,1
1786849374.694101,L,1.182912,0.147864,0.063684,-10.57,103.67000000000002,31.290000000000003,1
1786849374.7066214,R,1.080188,0.20252,0.165432,6.790000000000001,-75.11000000000001,-65.94000000000001,1
1786849374.709621,L,1.236592,0.203984,0.10345599999999999,-12.740000000000002,102.9,40.6,1
1786849374.722139,R,1.082628,0.195688,0.156892,-0.9100000000000001,-74.34,-64.19000000000001,1
1786849374.7241435,L,1.35908,0.237656,0.151768,-7.000000000000001,95.34,44.45,1
1786849374.7366614,R,1.147776,0.214476,0.12956399999999998,-3.9200000000000004,-62.370000000000005,-65.66000000000001,1
1786849374.739662,L,1.422764,0.211304,0.11809599999999999,-11.340000000000002,82.60000000000001,31.640000000000004,1
1786849374.7545967,L,1.38592,0.144204,0.085156,-15.120000000000001,76.09,30.240000000000002,1
1786849374.7667491,R,1.236592,0.243756,0.137372,8.33,-62.720000000000006,-66.78,1
1786849374.7677498,R,1.313208,0.28304,0.15006,18.200000000000003,-79.03,-57.120000000000005,1
1786849374.769749,L,1.388116,0.133712,0.009516,-28.700000000000003,81.41000000000001,45.010000000000005,1
1786849374.7842681,L,1.363716,0.127612,0.011712,-48.86000000000001,89.18,61.46000000000001,1
1786849374.7967882,R,1.373476,0.32574,0.160796,14.000000000000002,-99.96000000000001,-55.720000000000006,1
1786849374.7977881,R,1.343708,0.28792,0.160796,-0.9100000000000001,-108.36000000000001,-53.830000000000005,1
1786849374.7997878,L,1.376404,0.156404,-0.03294,-53.13,85.05000000000001,69.02000000000001,1
1786849374.8123028,R,1.36274,0.258152,0.07808,-20.44,-90.86000000000001,-46.550000000000004,1
1786849374.8133063,R,1.331264,0.26596,0.065148,-26.390000000000004,-71.54,-43.96,1
1786849374.81581,L,1.41276,0.17812,-0.012199999999999999,-45.290000000000006,68.25,58.38,1
1786849374.8278253,R,1.3273599999999999,0.233264,0.05124,-15.750000000000002,-36.190000000000005,-39.13,1
1786849374.8298252,L,1.482056,0.194224,0.028059999999999998,-26.390000000000004,36.050000000000004,43.190000000000005,1
1786849374.8433974,R,1.371524,0.242292,0.073444,-3.22,-15.610000000000001,-48.370000000000005,1
1786849374.8443978,L,1.5086519999999999,0.122488,0.0017079999999999999,-19.880000000000003,14.21,38.85,1
1786849374.8575406,R,1.46156,0.269376,0.131272,10.57,-13.090000000000002,-58.660000000000004,1
1786849374.8595397,L,1.548668,0.06466,-0.007808,-31.150000000000002,8.89,51.17,1
1786849374.8720574,R,1.46644,0.338672,0.16226,15.05,-10.290000000000001,-57.260000000000005,1
1786849374.873062,R,1.487912,0.38795999999999997,0.157624,11.270000000000001,5.53,-39.27,1
1786849374.8740616,L,1.578924,0.039528,-0.031476,-49.84,4.550000000000001,59.99000000000001,1
1786849374.8895845,L,1.586732,0.08174,-0.033184,-60.760000000000005,-13.790000000000001,59.290000000000006,1
1786849374.9021006,R,1.50914,0.359412,0.169824,5.040000000000001,27.580000000000002,-26.810000000000002,1
1786849374.9041038,L,1.5098719999999999,0.099308,-0.06539199999999999,-58.31,-44.17,50.61000000000001,1
1786849374.9166243,R,1.52866,0.291092,0.172264,-9.66,47.46000000000001,-33.46,1
1786849374.9176242,R,1.483032,0.28426,0.197152,-4.550000000000001,58.870000000000005,-47.53,1
1786849374.9196236,L,1.49816,0.094184,-0.089304,-48.580000000000005,-70.7,59.43000000000001,1
1786849374.9341419,L,1.532076,0.037332,-0.063684,-45.92,-87.15,66.43,1
1786849374.947665,R,1.453264,0.265716,0.192272,5.180000000000001,68.25,-47.74,1
1786849374.9496646,L,1.5664799999999999,-0.013908,-0.098332,-40.53,-101.01,75.32000000000001,1
1786849374.9622324,R,1.47864,0.32086,0.183976,4.760000000000001,80.78,-44.03,1
1786849374.9632356,R,1.453264,0.342576,0.191052,5.040000000000001,116.34000000000002,-39.760000000000005,1
1786849374.9642358,L,1.549156,-0.043188,-0.105652,-47.53,-108.50000000000001,81.06,1
1786849374.9767573,R,1.405196,0.352092,0.222528,-12.88,152.25000000000003,-42.00000000000001,1
1786849374.9777565,R,1.368596,0.360144,0.263276,-14.21,182.98000000000002,-51.730000000000004,1
1786849374.979757,L,1.515728,-0.052948,-0.096868,-53.550000000000004,-120.05000000000001,75.81,1
1786849374.9922724,R,1.29442,0.323788,0.317932,-1.54,196.42000000000002,-62.02,1
1786849374.994276,L,1.43472,-0.052216,-0.091988,-54.53000000000001,-137.41000000000003,77.35000000000001,1
1786849375.0122972,L,1.34566,-0.088084,-0.113704,-51.03000000000001,-151.20000000000002,87.36000000000001,1
1786849375.024314,L,1.281488,-0.122488,-0.151036,-58.59,-153.65,99.47000000000001,1
1786849375.038837,L,1.2866119999999999,-0.0854,-0.115412,-61.74000000000001,-152.95000000000002,111.65,1
1786849375.0523593,R,1.19194,0.306952,0.350628,3.43,201.95000000000002,-69.65,1
1786849375.0544195,L,1.254648,-0.034159999999999996,-0.139568,-60.410000000000004,-161.49,105.98,1
1786849375.0665839,R,1.096292,0.27327999999999997,0.376736,11.200000000000001,216.37000000000003,-82.74000000000001,1
1786849375.0675836,R,1.071648,0.29768,0.394548,22.19,231.42000000000002,-95.13000000000001,1
1786849375.070587,L,1.090192,-0.061732,-0.034648,-55.230000000000004,-155.54000000000002,102.62,1
1786849375.082105,R,1.028216,0.37063599999999997,0.392352,27.860000000000003,231.49,-103.53000000000002,1
1786849375.0831075,R,0.891332,0.395524,0.44286,24.85,219.94000000000003,-97.44000000000001,1
1786849375.0841084,L,0.9821,-0.086864,-0.094184,-37.800000000000004,-159.67000000000002,104.44000000000001,1
1786849375.0996275,L,0.859124,-0.087108,-0.11053199999999999,-33.11000000000001,-142.03,118.58000000000001,1
1786849375.1141484,L,0.811788,-0.155916,-0.09467199999999999,-28.070000000000004,-135.24,130.62,1
1786849375.1266654,R,0.79544,0.372832,0.396012,11.9,232.33,-82.25000000000001,1
1786849375.1296659,L,0.689056,-0.148596,-0.156892,-29.750000000000004,-134.89000000000001,135.10000000000002,1
1786849375.1431894,R,0.73322,0.355508,0.441152,6.16,224.00000000000003,-90.58000000000001,1
1786849375.1567621,R,0.526552,0.22569999999999998,0.455304,7.700000000000001,218.19000000000003,-83.44000000000001,1
1786849375.1597621,L,0.580232,-0.137128,-0.225456,-38.99,-114.31000000000002,132.23000000000002,1
1786849375.160763,L,0.516548,-0.10248,-0.232044,-36.260000000000005,-96.60000000000001,129.08,1
1786849375.174284,L,0.48434,-0.066368,-0.273768,-28.910000000000004,-82.88000000000001,114.10000000000001,1
1786849375.20432,L,0.474336,-0.0068319999999999995,-0.306464,-19.67,-74.62,91.63000000000001,1
1786849375.2058227,L,0.435784,0.041724,-0.343308,-13.650000000000002,-77.63000000000001,63.56000000000001,1
1786849375.2188425,L,0.39405999999999997,0.000488,-0.365024,-17.78,-85.12,35.980000000000004,1
1786849375.2486033,L,0.392352,-0.076128,-0.340868,-19.040000000000003,-94.99000000000001,19.53,1
1786849375.2496047,L,0.398452,-0.088572,-0.435784,-42.00000000000001,-78.12,15.680000000000001,1
1786849375.2641754,L,0.400404,-0.13663999999999998,-0.40089199999999997,-36.120000000000005,-64.61,3.2900000000000005,1
1786849375.3412821,L,0.461648,-0.098576,-0.335012,-37.24,-53.620000000000005,-14.280000000000001,1
1786849375.3422863,L,0.460916,-0.032695999999999996,-0.393328,-41.790000000000006,-44.730000000000004,-28.070000000000004,1
1786849375.3433547,L,0.46311199999999997,0.017079999999999998,-0.40382,-40.11000000000001,-34.440000000000005,-24.990000000000002,1
1786849375.3443546,L,0.426512,-0.009271999999999999,-0.447496,-32.2,-25.69,-28.000000000000004,1
1786849375.3554218,L,0.40333199999999997,-0.074908,-0.451888,-27.580000000000002,-9.940000000000001,-31.01,1
1786849375.35648,L,0.386496,-0.119072,-0.481656,-28.490000000000002,15.540000000000001,-23.520000000000003,1
1786849375.3855133,L,0.380152,-0.089304,-0.462136,-42.56,42.35,-30.590000000000003,1
1786849375.386517,L,0.42553599999999997,0.055144,-0.449204,-48.510000000000005,39.830000000000005,-44.38,1
1786849375.39853,L,0.454816,0.231068,-0.46189199999999997,-49.980000000000004,23.1,-83.51,1
1786849375.4140513,L,0.4209,0.285236,-0.471408,-40.88,2.87,-121.52000000000001,1
1786849375.4440973,L,0.310368,0.247416,-0.414312,-27.720000000000002,-11.410000000000002,-150.92000000000002,1
1786849375.4756365,L,0.174948,0.135908,-0.368684,-26.740000000000002,-7.700000000000001,-178.92000000000002,1
1786849375.4766402,L,0.07808,0.09028,-0.389668,-78.68,36.470000000000006,-197.75000000000003,1
1786849375.47864,L,0.0183,0.145912,-0.2989,-112.49000000000001,98.7,-218.19000000000003,1
1786849375.4866576,R,0.46677199999999996,0.251564,0.467504,-0.49000000000000005,208.11,-66.71000000000001,1
1786849375.4886544,L,-0.317932,0.36941599999999997,-0.081008,-145.95000000000002,135.31,-232.05,1
1786849375.5186954,L,-0.444324,0.57462,0.032695999999999996,-154.14000000000001,171.64000000000001,-252.56000000000003,1
1786849375.5206952,L,-0.698084,0.728096,0.20691199999999998,-135.10000000000002,209.93,-257.18,1
1786849375.534213,L,-0.8891359999999999,0.903288,0.26108,-131.53,256.62,-272.86,1
1786849375.548735,L,-1.117032,1.220976,0.470432,-174.58,333.13000000000005,-300.93,1
1786849375.564253,L,-1.233908,1.862452,1.098244,-208.32000000000002,421.19000000000005,-363.72,1
1786849375.5767746,R,0.319396,0.241804,0.49702799999999997,3.5700000000000003,197.33,-78.89,1
1786849375.579775,L,-1.48596,2.7532959999999997,1.97884,-167.09,490.14000000000004,-422.1,1
1786849375.593295,R,0.254004,0.206424,0.510692,-1.4000000000000001,196.49,-75.39,1
1786849375.5942953,L,-1.596492,3.489932,2.693516,-76.02000000000001,532.98,-448.91,1
1786849375.6088157,L,-1.945656,3.7088,3.451624,-139.86,628.74,-401.38000000000005,1
1786849375.6233344,R,0.197396,0.250344,0.536556,-4.550000000000001,187.32000000000002,-74.97000000000001,1
1786849375.6243346,L,-1.993724,3.655608,4.655032,-191.73000000000002,941.08,-466.13000000000005,1
1786849375.6368558,R,0.14713199999999999,0.199348,0.543876,-17.5,179.34,-63.910000000000004,1
1786849375.638856,L,-2.42658,3.613152,6.347416,-196.35000000000002,1120.91,-441.14000000000004,1
1786849375.654379,L,-2.693028,3.54776,7.395884,-166.53000000000003,1204.7700000000002,-406.98,1
1786849375.6665726,R,0.180316,0.177144,0.539972,-38.92,169.05,-57.89000000000001,1
1786849375.6685731,L,-2.623244,3.132472,7.543992,-117.67000000000002,1141.49,-338.52000000000004,1
1786849375.6820962,R,0.172752,0.17568,0.547292,-40.95,157.71,-50.82000000000001,1
1786849375.6841,L,-2.30824,2.5781039999999997,6.53066,-61.040000000000006,990.3600000000001,-188.51000000000002,1
1786849375.699619,L,-2.627636,2.120116,5.93408,-28.770000000000003,901.95,126.91000000000001,1
1786849375.7141383,L,-2.662528,1.545496,6.02924,91.77000000000001,863.7300000000001,446.53000000000003,1
1786849375.7276561,R,0.142252,0.208864,0.60634,-24.220000000000002,134.54000000000002,-45.57000000000001,1
1786849375.729658,L,-3.355,0.9272,5.935544,167.79000000000002,770.9100000000001,625.73,1
1786849375.742177,R,0.145912,0.30841599999999997,0.608536,-3.0100000000000002,103.04,-44.1,1
1786849375.7431808,R,-0.428464,-0.32696,0.226432,-315.14000000000004,-242.48000000000002,96.04,1
1786849375.7441804,L,-4.084072,0.476532,5.905532,176.96,759.57,712.3900000000001,1
1786849375.7567012,R,-1.857572,-0.487268,-1.561112,-426.86,-948.4300000000001,73.36000000000001,1
1786849375.7577019,R,-2.358748,0.5194759999999999,-5.828428,-916.58,-355.46000000000004,-91.84,1
1786849375.7597024,L,-4.252432,0.43554,6.131964,126.49000000000001,836.57,766.57,1
1786849375.7742202,L,-3.8813079999999998,0.712724,6.617036,55.790000000000006,847.9100000000001,828.45,1
1786849375.78674,R,-3.0026639999999998,0.933788,-7.887544,-839.7900000000001,-249.41000000000003,-372.47,1
1786849375.7877407,R,-3.2983919999999998,2.31556,-7.994904,-417.55,-729.4000000000001,-621.11,1
1786849375.7897408,L,-3.18054,0.702232,6.92594,83.44000000000001,701.61,827.82,1
1786849375.8022604,R,-4.627948,4.3395399999999995,-7.994904,123.41000000000001,-1436.7500000000002,-623.98,1
1786849375.8032646,R,-6.391336,6.002644,-7.994904,188.93,-1734.88,-678.6500000000001,1
1786849375.8057666,L,-2.566148,0.765184,7.020612,293.02000000000004,420.77000000000004,665.0000000000001,1
1786849375.8167832,R,0.866444,7.9951479999999995,-6.818092,503.51000000000005,668.1500000000001,-818.7900000000001,1
1786849375.8177838,R,0.012688,7.9951479999999995,-6.52944,854.2800000000001,-187.67000000000002,-506.24000000000007,1
1786849375.8197842,L,-2.386808,0.616344,6.871772,475.65000000000003,213.29000000000002,561.12,1
1786849375.832302,R,-1.348832,7.2138599999999995,-6.316672,825.5100000000001,-445.69000000000005,-487.20000000000005,1
1786849375.8333056,R,-2.548092,6.892024,-6.329359999999999,758.3800000000001,-250.04000000000002,-686.35,1
1786849375.8343055,L,-2.388516,0.57462,6.343756,405.02000000000004,125.30000000000001,668.9200000000001,1
1786849375.8468277,R,-3.2879,7.458104,-6.562868,716.3100000000001,-10.010000000000002,-838.95,1
1786849375.8478281,R,-3.411364,7.9951479999999995,-6.422324,701.2600000000001,188.23000000000002,-891.5200000000001,1
1786849375.8622441,R,-2.6242199999999998,7.9951479999999995,-6.148556,728.1400000000001,272.58000000000004,-844.97,1
1786849375.8632476,R,-1.644072,7.9951479999999995,-5.574668,843.3600000000001,279.72,-632.3800000000001,1
1786849375.8642478,L,-2.172088,0.820816,5.60346,140.28,104.51,824.2500000000001,1
1786849375.865751,L,-2.056188,1.376892,6.01094,134.12,54.88,883.6800000000001,1
1786849375.8767688,R,-1.395436,7.9951479999999995,-4.991508,938.21,306.53000000000003,-451.57000000000005,1
1786849375.8942888,L,-1.630896,1.6287,6.4191519999999995,444.64000000000004,-126.07000000000001,798.1400000000001,1
1786849375.8957918,L,-2.110844,1.170712,6.64046,776.44,-278.81,697.5500000000001,1
1786849375.9068096,R,-1.826584,7.43102,-4.7423839999999995,945.4900000000001,395.78000000000003,-429.1,1
1786849375.9078102,R,-2.029592,6.985476,-4.588664,949.83,511.77000000000004,-435.89000000000004,1
1786849375.9098094,L,-2.144516,0.454328,6.671692,814.59,-289.59000000000003,702.73,1
1786849375.9243276,L,-2.000556,-0.6039,6.249572,599.0600000000001,-248.01000000000002,759.85,1
1786849375.936849,R,-1.75558,6.727812,-4.340516,967.96,535.99,-398.37000000000006,1
1786849375.939849,L,-1.615036,-1.1363079999999999,5.790852,392.42,-306.53000000000003,775.46,1
1786849375.95437,L,-1.532076,-1.597712,5.159136,450.73,-499.7300000000001,634.2700000000001,1
1786849375.966466,R,-1.2251239999999999,6.471124,-4.119452,976.4300000000001,480.76000000000005,-326.69000000000005,1
1786849375.969466,L,-1.659444,-2.024956,4.46764,573.7900000000001,-631.47,387.1,1
1786849375.9819806,R,-0.457988,6.567016,-3.8351919999999997,943.95,470.12000000000006,-193.9,1
1786849375.9829836,R,-0.011224,6.005084,-3.222264,864.4300000000001,584.9200000000001,-77.91000000000001,1
1786849375.9839852,L,-1.582096,-2.49002,3.7741919999999998,619.57,-624.6800000000001,270.06,1
1786849375.996509,R,0.094428,5.335792,-2.666676,773.0100000000001,643.58,-24.01,1
1786849375.9995086,L,-1.4569239999999999,-2.724504,3.3245,524.86,-542.5,279.93,1
1786849376.0140321,L,-1.449604,-2.89506,3.291316,412.02000000000004,-462.70000000000005,264.53000000000003,1
1786849376.0275543,R,0.08174,4.947832,-2.182092,690.2,611.45,30.520000000000003,1
1786849376.0305533,L,-1.511336,-2.92312,3.28424,363.93,-464.80000000000007,206.01000000000002,1
1786849376.0420697,R,-0.028304,4.7702,-1.7428919999999999,600.11,656.74,29.610000000000003,1
1786849376.0430737,R,-0.338428,4.801676,-1.231956,472.9200000000001,792.2600000000001,-5.95,1
1786849376.0440738,L,-1.516216,-2.86944,3.175904,369.25000000000006,-543.5500000000001,83.30000000000001,1
1786849376.058599,L,-1.71044,-2.718648,2.569076,329.00000000000006,-574.07,14.700000000000001,1
1786849376.072117,R,-0.802028,4.761172,-0.662704,361.41,863.94,23.450000000000003,1
1786849376.0741203,L,-1.72996,-2.565416,1.637484,238.07000000000002,-489.86000000000007,37.730000000000004,1
1786849376.086645,R,-1.27368,4.604524,-0.267668,210.00000000000003,712.8100000000001,169.26000000000002,1
1786849376.0896409,L,-1.598444,-2.359968,0.824476,100.73,-364.91,61.18000000000001,1
1786849376.102155,R,-1.7119039999999999,4.2931799999999996,-0.005612,68.04,467.25000000000006,310.73,0
1786849376.1041582,L,-1.500356,-2.135976,0.364048,-1.4000000000000001,-265.65000000000003,49.21000000000001,0
1786849376.1176784,R,-2.0620439999999998,4.17118,0.048068,-19.810000000000002,286.58000000000004,374.92,0
1786849376.1206784,L,-1.374696,-1.89222,0.083448,-27.230000000000004,-223.86,16.310000000000002,0
1786849376.1321938,R,-2.43024,3.770288,0.248392,-11.410000000000002,212.31000000000003,349.23,0
1786849376.146716,R,-2.435852,3.043656,0.469944,7.490000000000001,162.75000000000003,290.85,0
1786849376.1507154,L,-1.292712,-1.718248,-0.1281,-29.470000000000002,-231.70000000000002,-36.120000000000005,0
1786849376.1622324,R,-2.2652959999999998,2.348744,0.652456,-15.750000000000002,91.56,238.00000000000003,0
1786849376.1657379,L,-1.297104,-1.6218679999999999,-0.366488,-32.970000000000006,-257.25,-77.63000000000001,0
1786849376.176754,R,-2.020808,1.750944,0.8276479999999999,-41.650000000000006,36.260000000000005,203.42000000000002,0
1786849376.1777549,R,-1.7204439999999999,1.253672,0.91866,-50.120000000000005,-8.47,186.55,0
1786849376.2258222,L,-1.363716,-1.62504,-0.618296,-38.36000000000001,-240.17000000000002,-93.17000000000002,0
1786849376.2378404,R,-1.551352,0.7671359999999999,1.058716,-51.660000000000004,-39.2,195.09000000000003,0
1786849376.2543588,L,-1.442772,-1.639924,-0.815936,-55.93000000000001,-159.74,-101.92000000000002,0
1786849376.255861,L,-1.326384,-1.624064,-0.910364,-85.19000000000001,-29.960000000000004,-98.98,0
1786849376.256865,L,-1.064572,-1.47254,-0.718336,-115.92000000000002,91.21000000000001,-58.730000000000004,0
1786849376.270877,L,-0.724192,-1.320772,-0.36722,-112.63000000000001,145.11,-29.820000000000004,0
1786849376.2723799,L,-0.465308,-1.2805119999999999,-0.133712,-67.06,124.74000000000001,-28.35,0
1786849376.2854004,L,-0.334036,-1.337364,-0.104188,-44.660000000000004,102.34,-26.390000000000004,0
1786849376.2874155,L,-0.289384,-1.443016,-0.183732,-63.63,116.62,-19.53,0
1786849376.328783,L,-0.197152,-1.48108,-0.263032,-107.59,160.16000000000003,-25.970000000000002,0
1786849376.3307815,L,-0.101016,-1.3827479999999999,-0.26474,-153.37,209.72000000000003,-45.64000000000001,0
1786849376.332284,L,0.015616,-1.1407,-0.14884,-181.86,241.99,-48.230000000000004,0
1786849376.3332875,L,0.144936,-0.9040199999999999,-0.029768,-194.39000000000001,248.57000000000002,-32.480000000000004,0
1786849376.3588176,L,0.254248,-0.788608,-0.001464,-177.94000000000003,224.70000000000002,-21.21,0
1786849376.3608181,L,0.286944,-0.773724,-0.068076,-139.79000000000002,187.95000000000002,-19.810000000000002,0
1786849376.374339,L,0.259372,-0.793488,-0.145912,-115.50000000000001,170.38000000000002,-13.650000000000002,0
1786849376.3868573,R,-1.568676,0.37332,1.291004,-45.57000000000001,-57.470000000000006,219.52,0
1786849376.3878574,R,-1.364204,0.146156,1.45302,-55.160000000000004,-99.75000000000001,202.65,0
1786849376.3898568,L,0.239608,-0.837896,-0.21154799999999999,-107.73,184.31000000000003,4.83,0
1786849376.4033782,R,-1.2731919999999999,0.030012,1.363716,-114.38000000000001,-137.13000000000002,109.20000000000002,0
1786849376.4043777,L,0.242292,-0.935252,-0.244732,-113.33000000000001,217.84000000000003,22.750000000000004,0
1786849376.4174135,R,-1.079944,0.111264,1.246352,-184.45000000000002,-125.86000000000001,-14.63,0
1786849376.4184134,R,-0.850828,0.262788,1.123376,-181.51000000000002,-103.46000000000001,-128.87,0
1786849376.4204156,L,0.21838,-0.98454,-0.197396,-133.70000000000002,257.81,39.06,0
1786849376.4320707,R,-0.59292,0.374784,1.009916,-171.08,-106.26,-162.68,0
1786849376.4342175,L,0.227164,-0.96746,-0.051484,-155.19000000000003,290.01000000000005,48.160000000000004,0
1786849376.4467392,R,-0.45994,0.55632,0.8891359999999999,-186.83,-124.67000000000002,-149.59,0
1786849376.4477398,R,-0.401624,0.7137,0.744932,-210.21,-135.59,-129.08,0
1786849376.4507399,L,0.238144,-0.930372,0.093452,-160.3,294.84000000000003,44.59,0
1786849376.4622548,R,-0.335744,0.784704,0.622688,-210.91000000000003,-150.08,-145.39000000000001,0
1786849376.4632597,R,0.45872,1.275876,0.40626,-93.66000000000001,-181.65,-240.66000000000003,0
1786849376.4642594,L,0.26108,-0.893528,0.200568,-154.98000000000002,275.03000000000003,24.570000000000004,0
1786849376.4767778,R,0.50996,1.28832,0.377956,-112.91000000000001,-193.48000000000002,-250.46000000000004,0
1786849376.477778,R,0.52094,1.289296,0.338184,-126.84000000000002,-205.10000000000002,-250.18000000000004,0
1786849376.4797773,L,0.29036,-0.887428,0.241316,-146.93,252.70000000000002,-8.120000000000001,0
1786849376.4922931,R,0.520452,1.216096,0.288652,-133.70000000000002,-222.18000000000004,-236.46000000000004,0
1786849376.4932973,R,0.498492,1.160708,0.22204,-143.29000000000002,-243.81000000000003,-213.36,0
1786849376.494297,L,0.313052,-0.882304,0.224236,-145.04000000000002,250.39000000000001,-32.27,0
1786849376.5088146,L,0.319152,-0.9101199999999999,0.216672,-160.86,267.96000000000004,-37.800000000000004,0
1786849376.5243366,L,0.330864,-0.907436,0.24644,-198.03000000000003,306.88000000000005,-31.360000000000003,0
1786849376.5388553,L,-0.146644,-0.7820199999999999,0.38674,-260.26000000000005,338.17,-22.19,0
1786849376.5543766,L,0.582428,-0.865712,0.43602799999999997,-277.90000000000003,321.79,-55.580000000000005,0
1786849376.568899,L,0.387472,-0.732976,0.454084,-254.73000000000002,388.22,-82.32000000000001,0
1786849376.5830545,L,0.34355199999999997,-0.530212,0.674904,-243.39000000000001,353.08000000000004,-75.32000000000001,0
1786849376.598632,L,0.434076,-0.413092,0.794464,-243.18000000000004,337.26000000000005,-99.47000000000001,0
1786849376.6136146,L,0.567788,-0.404064,0.788608,-256.69,357.28000000000003,-129.71,0
1786849376.6287742,L,0.58194,-0.388692,0.900604,-308.35,418.88000000000005,-113.61000000000001,0
1786849376.6442945,L,0.741516,-0.36575599999999997,1.2322,-331.94000000000005,419.51000000000005,-95.76,0
1786849376.6588187,L,0.833992,-0.376736,1.362984,-277.69000000000005,308.14000000000004,-160.86,0
1786849376.6723344,R,0.514108,1.147288,0.141764,-151.48000000000002,-267.33000000000004,-192.36,0
1786849376.674337,L,0.677588,-0.307928,1.23708,-214.90000000000003,162.82000000000002,-263.83000000000004,0
1786849376.6878564,R,0.5219159999999999,1.120204,0.043432,-170.10000000000002,-275.17,-181.72000000000003,0
1786849376.6898565,L,0.491904,-0.212036,1.01138,-200.62000000000003,81.06,-330.61,0
1786849376.7043755,L,0.374296,-0.041236,0.915732,-227.36,91.42,-332.50000000000006,0
1786849376.7188945,L,0.349408,0.19276,0.993568,-303.59000000000003,176.96,-283.01000000000005,0
1786849376.7339852,L,0.384544,0.396012,1.164856,-371.77000000000004,247.17000000000002,-204.4,0
1786849376.748505,L,0.515084,0.550952,1.3620079999999999,-359.94000000000005,248.22000000000003,-142.31,0
1786849376.7656558,L,0.626348,0.604632,1.366156,-276.92,176.47000000000003,-151.55,0
1786849376.778673,L,0.595116,0.548756,1.2841719999999999,-199.01000000000002,110.74000000000001,-216.16000000000003,0
1786849376.7931926,R,0.494344,1.0857999999999999,-0.012688,-185.22000000000003,-267.75,-184.10000000000002,0
1786849376.7941928,L,0.853268,0.691496,1.3803079999999999,-180.53000000000003,140.98000000000002,-288.19000000000005,0
1786849376.8077176,R,0.47604399999999997,1.057252,-0.040504,-194.81000000000003,-259.35,-195.93,0
1786849376.8097162,L,0.938668,0.838872,1.527928,-242.41000000000003,193.48000000000002,-285.6,0
1786849376.8222387,R,0.493612,1.0187,-0.08052,-205.87000000000003,-260.82000000000005,-206.29000000000002,0
1786849376.8232427,R,0.510692,1.020408,-0.140788,-304.43,-179.48000000000002,-180.39000000000001,0
1786849376.8242445,L,0.9581879999999999,0.889624,1.548912,-308.56,213.29000000000002,-211.19000000000003,0
1786849376.8367682,R,0.587552,1.246596,-0.16006399999999998,-316.61,-245.35000000000002,-206.71,0
1786849376.837768,R,0.611708,1.098732,-0.33989199999999997,-241.64000000000001,-304.15000000000003,-220.71,0
1786849376.8397691,L,0.940376,1.003084,1.5530599999999999,-331.94000000000005,204.33,-117.95000000000002,0
1786849376.852109,R,0.726876,0.9803919999999999,-0.493856,-234.29000000000002,-322.07000000000005,-198.17000000000002,0
1786849376.8526118,R,1.345904,0.8300879999999999,-0.698816,-325.36,-207.06000000000003,-98.77000000000001,0
1786849376.854615,L,0.800808,0.8854759999999999,1.342732,-300.93,174.51000000000002,-39.550000000000004,0
1786849376.8669164,R,1.066036,0.8115439999999999,-0.8510719999999999,-330.82000000000005,-240.45000000000002,-86.52000000000001,0
1786849376.8679178,R,1.0377319999999999,0.457256,-1.385432,-243.81000000000003,-163.94000000000003,-150.78,0
1786849376.8699155,L,0.649772,0.692716,1.150216,-232.40000000000003,152.60000000000002,-22.610000000000003,0
1786849376.8820183,R,0.9372039999999999,0.27327999999999997,-1.37616,-231.63000000000002,-232.33,-114.45000000000002,0
1786849376.8830235,R,0.923052,0.299388,-1.420812,-243.46000000000004,-255.64000000000001,-106.12,0
1786849376.8840225,L,0.508496,0.48092399999999996,1.0553,-155.96,133.77,-68.88000000000001,0
1786849376.8965418,R,0.9545279999999999,0.331352,-1.436184,-251.93000000000004,-216.93,-131.53,0
1786849376.897543,R,0.951356,0.349652,-1.364692,-238.91000000000003,-158.55,-163.52,0
1786849376.899542,L,0.500932,0.346968,1.154852,-92.96000000000001,133.49,-146.02,0
1786849376.91206,R,0.897432,0.22936,-1.22488,-199.71,-133.77,-176.96,0
1786849376.9130645,R,0.85278,0.132736,-1.117764,-169.96,-159.46,-156.10000000000002,0
1786849376.9140646,L,0.554368,0.333548,1.3212599999999999,-92.19000000000001,152.88000000000002,-213.43,0
1786849376.9285836,L,0.567788,0.405528,1.514508,-133.49,153.02,-234.01000000000002,0
1786849376.942101,R,0.84424,0.097112,-1.076284,-150.64000000000001,-214.20000000000002,-138.95000000000002,0
1786849376.9431052,R,0.872788,0.130296,-1.103368,-147.49,-257.67,-130.13000000000002,0
1786849376.9441075,L,0.565348,0.465308,1.5311,-169.96,116.41000000000001,-206.71,0
1786849376.9566345,R,0.963312,0.24570799999999998,-1.165344,-156.94000000000003,-250.81000000000003,-130.41000000000003,0
1786849376.9586332,L,0.453352,0.47482399999999997,1.391532,-182.35000000000002,77.98,-161.70000000000002,0
1786849376.972161,R,0.987468,0.311832,-1.165832,-169.89000000000001,-204.05,-140.21,0
1786849376.974165,L,0.31842,0.488732,1.253672,-186.20000000000002,67.9,-147.28,0
1786849376.9866877,R,0.945744,0.37624799999999997,-1.079944,-155.82000000000002,-162.47000000000003,-140.98000000000002,0
1786849376.9886866,L,0.184464,0.48434,1.150948,-179.69000000000003,71.26,-158.69000000000003,0
1786849377.0022085,R,0.839116,0.38112799999999997,-0.960384,-122.22000000000001,-157.01000000000002,-128.45000000000002,0
1786849377.0042121,L,0.06222,0.50508,1.100196,-158.13000000000002,77.00000000000001,-182.98000000000002,0
1786849377.016735,R,0.7503,0.342088,-0.87474,-98.77000000000001,-200.41000000000003,-107.24000000000001,0
1786849377.018733,L,-0.022935999999999998,0.517524,1.087264,-138.60000000000002,89.04,-207.06000000000003,0
1786849377.0322535,R,0.671,0.353068,-0.865224,-96.25000000000001,-270.06,-90.86000000000001,0
1786849377.0342581,L,-0.021471999999999998,0.5170359999999999,1.096048,-128.17000000000002,115.71000000000001,-219.10000000000002,0
1786849377.046783,R,0.65514,0.402844,-0.892308,-111.65,-314.37,-74.83000000000001,0
1786849377.0487804,L,0.091988,0.580476,1.164612,-132.93,139.02,-217.00000000000003,0
1786849377.062304,R,0.65026,0.432368,-0.940376,-139.44000000000003,-306.11,-70.98,0
1786849377.0643084,L,0.17763199999999998,0.623664,1.187304,-138.88000000000002,140.42000000000002,-200.13000000000002,0
1786849377.0768318,R,0.616588,0.483364,-0.984296,-162.33,-261.87,-87.36000000000001,0
1786849377.0788317,L,0.24278,0.618296,1.1399679999999999,-131.39000000000001,128.10000000000002,-184.8,0
1786849377.0923467,R,0.659044,0.602924,-1.070916,-168.35000000000002,-225.68000000000004,-119.56000000000002,0
1786849377.0943506,L,0.212036,0.59658,1.084336,-124.39000000000001,116.27000000000001,-188.16000000000003,0
1786849377.1068757,R,0.838384,0.80276,-1.2731919999999999,-155.12,-242.55,-144.83,0
1786849377.108874,L,0.22228399999999998,0.645624,1.087264,-144.83,112.21000000000001,-196.42000000000002,0
1786849377.1233957,R,1.051152,0.976488,-1.4884,-129.01000000000002,-303.73,-124.53000000000002,0
1786849377.1243954,L,0.274256,0.7610359999999999,1.12362,-165.34,110.74000000000001,-214.76000000000002,0
1786849377.136488,R,1.159732,1.067012,-1.551352,-87.99000000000001,-351.40000000000003,-57.050000000000004,0
1786849377.138486,L,0.288652,0.8991399999999999,1.11142,-153.65,88.55000000000001,-245.77,0
1786849377.1515546,R,1.164368,0.998448,-1.53964,-66.78,-342.44000000000005,7.140000000000001,0
1786849377.1540618,L,0.271816,0.97844,1.0614,-115.99000000000001,68.18,-286.65000000000003,0
1786849377.1666594,R,1.0723799999999999,0.894748,-1.459852,-67.97000000000001,-312.62,29.680000000000003,0
1786849377.1686568,L,0.23912,1.026996,1.024312,-82.39000000000001,59.150000000000006,-324.38000000000005,0
1786849377.1841798,L,0.232288,1.03212,1.0474919999999999,-71.61000000000001,58.59,-334.81000000000006,0
1786849377.1967063,R,0.979416,0.851804,-1.367864,-65.10000000000001,-292.32000000000005,34.300000000000004,0
1786849377.1977048,R,0.9335439999999999,0.831796,-1.321992,-66.29,-294.49,45.78,0
1786849377.1997046,L,0.221552,1.048956,1.080188,-65.45,57.68000000000001,-326.13000000000005,0
1786849377.2122238,R,0.892552,0.785436,-1.302716,-75.95,-296.1,64.82000000000001,0
1786849377.2142284,L,0.195444,1.091656,1.140944,-58.660000000000004,69.79,-305.41,0
1786849377.2287543,L,0.242292,1.206336,1.20292,-44.940000000000005,71.54,-293.79,0
1786849377.2432773,R,0.84302,0.718336,-1.283684,-79.31,-292.11,75.67,0
1786849377.2442796,L,0.297436,1.2890519999999999,1.181448,-23.380000000000003,54.46000000000001,-278.88000000000005,0
1786849377.257448,R,0.81984,0.634888,-1.25172,-73.5,-284.69000000000005,84.63000000000001,0
1786849377.2584472,R,0.796416,0.578768,-1.20414,-61.18000000000001,-277.34000000000003,94.92000000000002,0
1786849377.2594478,L,0.343308,1.192672,1.065792,2.87,40.95,-233.94000000000003,0
1786849377.2737389,L,0.379176,1.051884,1.0340719999999999,4.550000000000001,52.85000000000001,-160.44000000000003,0
1786849377.2868667,R,0.772504,0.535824,-1.1468,-39.550000000000004,-278.39000000000004,104.72000000000001,0
1786849377.2878687,R,0.736636,0.488732,-1.11142,-13.650000000000002,-279.16,117.46000000000001,0
1786849377.2898662,L,0.40455199999999997,0.850584,1.0426119999999999,-11.06,64.61,-83.23,0
1786849377.302384,R,0.738344,0.409676,-1.054324,-8.47,-268.1,127.89000000000001,0
1786849377.3043876,L,0.40138,0.680272,1.069452,-17.01,51.940000000000005,-22.89,0
1786849377.3174222,R,0.69662,0.313296,-1.06018,-34.09,-234.92000000000002,124.25000000000001,0
1786849377.3194222,L,0.360144,0.5663239999999999,1.059448,-19.32,38.36000000000001,9.73,0
1786849377.331548,R,0.656604,0.24570799999999998,-1.038708,-63.7,-183.4,101.64000000000001,0
1786849377.3345938,L,0.246928,0.4758,1.02846,-19.67,35.7,24.85,0
1786849377.3466766,R,0.630008,0.206668,-1.003084,-77.84,-134.96,70.84,0
1786849377.3486762,L,0.23033599999999999,0.399184,1.03822,-20.930000000000003,29.540000000000003,19.67,0
1786849377.3648229,L,0.179584,0.367708,1.082384,-30.450000000000003,5.040000000000001,13.510000000000002,0
1786849377.3788838,L,0.156404,0.314272,1.051152,-38.57,-7.210000000000001,12.250000000000002,0
1786849377.392403,R,0.633912,0.198372,-0.952576,-74.55000000000001,-101.01,47.040000000000006,0
1786849377.3934104,R,0.6317159999999999,0.23033599999999999,-0.900604,-57.75000000000001,-82.25000000000001,36.120000000000005,0
1786849377.3944068,L,0.157624,0.338916,1.0438319999999999,-40.6,-9.940000000000001,13.020000000000001,0
1786849377.4070938,R,0.625616,0.211792,-0.8644919999999999,-36.68000000000001,-77.56,32.27,0
1786849377.4080925,R,0.626104,0.200568,-0.833992,-26.880000000000003,-83.79,37.800000000000004,0
1786849377.4090924,L,0.15982,0.375516,1.0377319999999999,-22.750000000000004,-18.41,16.17,0
1786849377.4216297,R,0.6107319999999999,0.213256,-0.828624,-15.96,-93.52000000000001,42.21,0
1786849377.424138,L,0.154696,0.369172,1.018212,8.190000000000001,-26.250000000000004,22.96,0
1786849377.439558,L,0.116632,0.300364,1.054324,21.560000000000002,-42.56,23.450000000000003,0
1786849377.4542148,L,0.128832,0.285968,1.0772599999999999,-6.090000000000001,-53.760000000000005,21.98,0
1786849377.4669201,R,0.598532,0.194956,-0.833504,-6.090000000000001,-97.86000000000001,44.59,0
1786849377.4679189,R,0.60878,0.2135,-0.86254,-4.41,-98.00000000000001,41.300000000000004,0
1786849377.4689221,L,0.094184,0.303292,1.089948,-30.17,-58.730000000000004,35.63,0
1786849377.4835196,L,0.06466,0.333792,1.074332,-45.150000000000006,-52.43000000000001,56.07000000000001,0
1786849377.4988506,L,0.033672,0.304268,1.05286,-49.77,-41.230000000000004,74.27000000000001,0
1786849377.5136123,L,0.022448,0.256932,1.1216679999999999,-51.03000000000001,-32.550000000000004,92.61000000000001,0
1786849377.5294394,L,0.058072,0.217648,1.162172,-71.19000000000001,-40.88,108.99000000000001,0
1786849377.5439582,L,0.08295999999999999,0.15494,1.2324439999999999,-78.68,-50.120000000000005,115.85000000000001,0
1786849377.5575464,R,0.645868,0.2501,-0.9394,-8.82,-91.28000000000002,33.25,0
1786849377.5595467,L,0.083448,0.15494,1.2263439999999999,-89.81,-55.300000000000004,114.94000000000001,0
1786849377.5730667,R,0.668804,0.27694,-0.9891759999999999,-7.280000000000001,-72.52000000000001,27.930000000000003,0
1786849377.5740707,L,0.033916,0.16591999999999998,1.206092,-99.05000000000001,-54.11000000000001,113.12,0
1786849377.586593,R,0.669292,0.29768,-1.013576,-2.8000000000000003,-47.040000000000006,24.220000000000002,0
1786849377.587597,R,0.6365959999999999,0.324276,-1.01016,7.910000000000001,-24.360000000000003,19.39,0
1786849377.5895967,L,0.0026839999999999998,0.15372,1.19072,-101.64000000000001,-62.370000000000005,109.76,0
1786849377.6016116,R,0.606096,0.35014,-0.983076,31.080000000000002,-9.450000000000001,14.700000000000001,0
1786849377.6041195,L,0.003904,0.15006,1.188768,-111.72000000000001,-67.34,112.21000000000001,0
1786849377.6166403,R,0.581452,0.35502,-0.96868,51.24,-3.99,11.9,0
1786849377.6176403,R,0.555832,0.38112799999999997,-0.94672,61.53000000000001,-1.12,9.24,0
1786849377.6196392,L,0.009271999999999999,0.144448,1.196088,-122.36000000000001,-55.720000000000006,119.14000000000001,0
1786849377.6331637,R,0.530944,0.416752,-0.9311039999999999,66.43,8.05,7.490000000000001,0
1786849377.6341689,L,0.029768,0.155672,1.250744,-135.52,-63.77,131.67000000000002,0
1786849377.6466932,R,0.506056,0.4392,-0.908412,67.55000000000001,19.53,4.760000000000001,0
1786849377.64969,L,0.07442,0.138104,1.2239039999999999,-146.79000000000002,-74.83000000000001,136.57000000000002,0
1786849377.6616406,R,0.471896,0.46555199999999997,-0.884988,64.47000000000001,30.730000000000004,4.2700000000000005,0
1786849377.6631436,R,0.430172,0.48775599999999997,-0.87108,57.82000000000001,39.760000000000005,6.300000000000001,0
1786849377.6641471,L,0.051727999999999996,0.142008,1.1834,-162.82000000000002,-78.61000000000001,142.31,0
1786849377.676666,R,0.36966,0.528748,-0.858148,56.84,44.940000000000005,5.95,0
1786849377.6776662,R,0.348676,0.55632,-0.871568,56.7,46.34,0.6300000000000001,0
1786849377.6796656,L,0.05978,0.113948,1.1163,-188.37,-74.2,154.91000000000003,0
1786849377.6916826,R,0.325252,0.596092,-0.887428,56.28000000000001,42.42,-1.4700000000000002,0
1786849377.6931858,R,0.338428,0.6771,-0.945012,59.85000000000001,31.220000000000002,4.69,0
1786849377.69419,L,0.017568,0.076372,1.027728,-202.93,-61.040000000000006,159.11,0
1786849377.7067122,R,0.34599199999999997,0.698328,-0.9718519999999999,66.36,22.400000000000002,13.790000000000001,0
1786849377.7077103,R,0.333304,0.677588,-0.968924,71.12,22.820000000000004,19.67,0
1786849377.7097101,L,-0.005124,0.040748,0.965508,-183.33,-65.59,150.50000000000003,0
1786849377.721722,R,0.293776,0.657824,-0.951356,74.97000000000001,30.03,14.980000000000002,0
1786849377.7242286,L,-0.000732,-0.012931999999999999,0.895236,-158.83,-78.26,139.3,0
1786849377.7367504,R,0.23863199999999998,0.652212,-0.916708,80.78,44.31,0.9800000000000001,0
1786849377.7387495,L,0.027572,-0.047824,0.874984,-134.05,-81.97000000000001,140.07000000000002,0
1786849377.751765,R,0.193248,0.663436,-0.876448,85.68,59.85000000000001,-14.840000000000002,0
1786849377.7548172,L,0.011712,-0.111508,0.88328,-118.93,-84.28,136.08,0
1786849377.767458,R,0.156404,0.68076,-0.825452,93.52000000000001,69.51,-27.37,0
1786849377.7694578,L,-0.001952,-0.183,0.8498519999999999,-96.60000000000001,-88.2,126.42000000000002,0
1786849377.7814736,R,0.133956,0.671488,-0.789828,100.10000000000001,71.4,-33.25,0
1786849377.7839806,L,-0.039772,-0.221308,0.794464,-79.31,-88.83000000000001,113.82000000000001,0
1786849377.796502,R,0.114924,0.661728,-0.76982,98.35000000000001,69.23,-38.43000000000001,0
1786849377.7984993,L,-0.044652,-0.23985199999999998,0.762988,-81.06,-82.04,108.22000000000001,0
1786849377.8115125,R,0.10126,0.674416,-0.750788,96.81,68.95,-48.650000000000006,0
1786849377.81402,L,-0.074908,-0.292312,0.694912,-83.86000000000001,-70.56,116.20000000000002,0
1786849377.8265393,R,0.099308,0.6648999999999999,-0.7315119999999999,93.59,74.41000000000001,-63.56000000000001,0
1786849377.8285387,L,-0.035136,-0.317444,0.680028,-87.78000000000002,-57.120000000000005,130.13000000000002,0
1786849377.8415537,R,0.100772,0.651968,-0.7141879999999999,85.68,82.95,-80.99000000000001,0
1786849377.8436325,L,-0.019032,-0.357948,0.658556,-85.96000000000001,-38.43000000000001,125.86000000000001,0
1786849377.858693,L,-0.031232,-0.448472,0.621712,-50.400000000000006,-34.09,115.85000000000001,0
1786849377.871705,R,0.111752,0.644648,-0.70516,76.16000000000001,89.74000000000001,-93.94000000000001,0
1786849377.873208,R,0.13054,0.6426959999999999,-0.703452,65.80000000000001,90.44000000000001,-101.50000000000001,0
1786849377.8742115,L,-0.025131999999999998,-0.517524,0.63074,-20.090000000000003,-34.650000000000006,85.47000000000001,0
1786849377.8867323,R,0.166896,0.644892,-0.7137,58.940000000000005,87.36000000000001,-101.50000000000001,0
1786849377.8887315,L,-0.033672,-0.621468,0.637572,19.32,-40.11000000000001,44.660000000000004,0
1786849377.9017456,R,0.186904,0.64782,-0.73688,59.220000000000006,83.37,-92.33000000000001,0
1786849377.9042516,L,-0.052704,-0.633912,0.628788,52.43000000000001,-41.440000000000005,6.16,0
1786849377.9167726,R,0.197152,0.701988,-0.762012,63.7,80.50000000000001,-84.7,0
1786849377.918773,L,-0.011712,-0.55022,0.609024,45.64000000000001,-25.270000000000003,-5.390000000000001,0
1786849377.9317875,R,0.194468,0.735904,-0.751032,71.33000000000001,82.53,-83.09,0
1786849377.9342937,L,0.010248,-0.49580799999999997,0.599508,21.98,-11.270000000000001,3.5000000000000004,0
1786849377.9468157,R,0.1891,0.7388319999999999,-0.72346,73.5,84.56,-78.26,0
1786849377.948817,L,0.041479999999999996,-0.483852,0.558028,14.770000000000001,-0.14,25.76,0
1786849377.9620142,R,0.177876,0.739076,-0.69418,70.98,81.76,-68.67,0
1786849377.9640644,L,0.024399999999999998,-0.49288,0.553392,23.660000000000004,7.7700000000000005,38.78,0
1786849377.9765873,R,0.157868,0.7032079999999999,-0.658068,63.84,78.12,-59.290000000000006,0
1786849377.9785895,L,-0.0026839999999999998,-0.507032,0.546072,51.660000000000004,11.270000000000001,42.07000000000001,0
1786849377.991602,R,0.1281,0.654164,-0.63318,55.580000000000005,70.07000000000001,-49.77,0
1786849377.9941087,L,-0.022448,-0.531188,0.598044,90.51,14.63,35.14,0
1786849378.006628,R,0.099064,0.6180519999999999,-0.622688,50.050000000000004,56.21000000000001,-41.160000000000004,0
1786849378.0086308,L,-0.070516,-0.546316,0.673196,127.19000000000001,4.69,17.150000000000002,0
1786849378.0216405,R,0.07124799999999999,0.599752,-0.635132,47.25000000000001,42.980000000000004,-36.260000000000005,0
1786849378.024146,L,-0.052704,-0.520452,0.708332,138.95000000000002,-5.53,0.42000000000000004,0
1786849378.0366678,R,0.060511999999999996,0.631228,-0.65148,46.690000000000005,33.67,-37.24,0
1786849378.038668,L,-0.036844,-0.508252,0.707844,148.05,-6.720000000000001,-12.740000000000002,0
1786849378.0516815,R,0.054168,0.6344,-0.648064,52.71000000000001,27.160000000000004,-40.25000000000001,0
1786849378.0541883,L,-0.054168,-0.456524,0.700524,151.55,3.9200000000000004,-23.730000000000004,0
1786849378.0667746,R,0.047335999999999996,0.632448,-0.6317159999999999,54.81,22.89,-39.13,0
1786849378.0687757,L,-0.091012,-0.402356,0.674416,150.50000000000003,28.000000000000004,-37.24,0
1786849378.0832922,R,0.024156,0.654408,-0.618296,49.00000000000001,19.950000000000003,-40.67,0
1786849378.0842962,L,-0.145668,-0.36234,0.680516,169.26000000000002,48.510000000000005,-57.82000000000001,0
1786849378.0968168,R,-0.004392,0.679052,-0.616344,39.830000000000005,18.55,-49.63,0
1786849378.0988173,L,-0.17177599999999998,-0.284016,0.664656,192.85000000000002,66.22000000000001,-81.62,0
1786849378.1118302,R,-0.023424,0.685152,-0.6168319999999999,29.680000000000003,17.57,-66.15,0
1786849378.114337,L,-0.190808,-0.263032,0.693936,219.87000000000003,83.37,-102.06000000000002,0
1786849378.1268585,R,0.000488,0.708332,-0.627324,22.540000000000003,17.57,-82.25000000000001,0
1786849378.128858,L,-0.12566,-0.268888,0.87718,250.74000000000004,86.87,-114.03000000000002,0
1786849378.1418734,R,0.040992,0.752252,-0.650992,18.970000000000002,19.880000000000003,-99.12,0
1786849378.14438,L,0.0305,-0.301828,1.109224,275.17,84.56,-120.4,0
1786849378.157127,R,0.12566,0.81008,-0.679052,17.64,24.64,-114.31000000000002,0
1786849378.159127,L,0.1708,-0.291824,1.308572,284.55,65.59,-130.27,0
1786849378.1717005,R,0.221552,0.8942599999999999,-0.7412719999999999,14.14,28.980000000000004,-119.98000000000002,0
1786849378.1742082,L,0.30744,-0.240828,1.445456,282.8,49.35,-138.39000000000001,0
1786849378.1887274,L,0.508984,-0.18348799999999998,1.704828,254.52,47.32000000000001,-136.99,0
1786849378.2017386,R,0.331352,0.991372,-0.842288,9.520000000000001,22.19,-115.36000000000001,0
1786849378.2032416,R,0.44895999999999997,1.087752,-0.943792,8.96,19.250000000000004,-109.9,0
1786849378.2042453,L,0.739808,-0.15738,1.96542,191.8,26.810000000000002,-134.75,0
1786849378.2167656,R,0.57218,1.129232,-0.999668,11.410000000000002,36.120000000000005,-107.17000000000002,0
1786849378.2187653,L,0.978928,-0.169092,2.0681439999999998,129.15,-1.8900000000000001,-109.34,0
1786849378.2317765,R,0.666608,1.153876,-1.059448,8.260000000000002,59.99000000000001,-103.25000000000001,0
1786849378.234283,L,1.084336,-0.113704,2.0583839999999998,72.66000000000001,-31.710000000000004,-70.63000000000001,0
1786849378.2468035,R,0.73322,1.152656,-1.084824,7.420000000000001,81.62,-91.91000000000001,0
1786849378.2488034,L,0.976,-0.044164,1.838052,35.21,-79.45,-42.980000000000004,0
1786849378.2643278,L,0.820328,0.008539999999999999,1.528416,18.200000000000003,-114.03000000000002,-28.070000000000004,0
1786849378.276846,R,0.733708,1.104344,-1.05652,15.47,101.22000000000001,-73.36000000000001,0
1786849378.277846,R,0.68564,1.005524,-0.9657519999999999,22.400000000000002,122.71000000000001,-55.790000000000006,0
1786849378.2798452,L,0.677588,0.029523999999999998,1.240008,17.430000000000003,-126.70000000000002,-35.63,0
1786849378.2918594,R,0.582916,0.897188,-0.834724,26.46,139.23000000000002,-48.650000000000006,0
1786849378.2943661,L,0.660264,0.07124799999999999,1.090192,46.480000000000004,-134.05,-68.04,0
1786849378.3078852,R,0.47848399999999996,0.780068,-0.694668,24.290000000000003,152.39000000000001,-54.39000000000001,0
1786849378.3098855,L,0.6673399999999999,0.04514,0.954772,83.44000000000001,-149.24,-121.31000000000002,0
1786849378.3218982,R,0.372344,0.658312,-0.5734,17.57,166.46,-66.01,0
1786849378.3244064,L,0.6414759999999999,-0.027327999999999998,0.8479,129.78,-169.47000000000003,-165.76000000000002,0
1786849378.3374841,R,0.277916,0.524844,-0.473116,11.760000000000002,174.09,-84.07000000000001,0
1786849378.339484,L,0.626104,-0.083936,0.769332,161.21,-184.03000000000003,-184.10000000000002,0
1786849378.3514967,R,0.220332,0.38356799999999996,-0.388692,7.000000000000001,169.47000000000003,-106.68,0
1786849378.3534975,L,0.5921879999999999,-0.113704,0.715164,153.93,-184.10000000000002,-185.36,0
1786849378.3667922,R,0.18470799999999998,0.264252,-0.318176,2.31,150.50000000000003,-126.77000000000001,0
1786849378.3687916,L,0.561688,-0.14274,0.70516,114.59000000000002,-166.39000000000001,-180.74,0
1786849378.3818061,R,0.171288,0.202764,-0.274744,-1.54,128.52,-146.58,0
1786849378.3843124,L,0.515328,-0.184464,0.692228,76.79,-148.12,-186.27,0
1786849378.3968349,R,0.160796,0.17885199999999998,-0.262544,-6.580000000000001,111.51,-167.37,0
1786849378.3988345,L,0.475068,-0.252296,0.6685599999999999,70.07000000000001,-145.46,-205.24,0
1786849378.4118476,R,0.190808,0.216184,-0.233264,-14.280000000000001,108.50000000000001,-193.83,0
1786849378.414357,L,0.375028,-0.298412,0.58316,97.65,-170.03000000000003,-251.58,0
1786849378.4268787,R,0.23058,0.321836,-0.18666,-17.290000000000003,124.11000000000001,-228.83,0
1786849378.4288769,L,0.202764,-0.275232,0.460428,114.31000000000002,-198.73000000000002,-292.95000000000005,0
1786849378.4418905,R,0.290848,0.421632,-0.133956,-24.92,148.47000000000003,-265.44,0
1786849378.444398,L,0.051484,-0.189588,0.3477,93.66000000000001,-195.72000000000003,-323.82000000000005,0
1786849378.4571269,R,0.312564,0.5124,-0.072712,-41.510000000000005,181.3,-296.1,0
1786849378.4591255,L,-0.05368,-0.031476,0.269864,47.53,-167.93,-344.61,0
1786849378.4716647,R,0.32452,0.621224,0.0075639999999999995,-71.19000000000001,231.35000000000002,-328.09000000000003,0
1786849378.4736645,L,-0.184952,0.1586,0.17299599999999998,-5.11,-137.9,-356.58000000000004,0
1786849378.488843,L,-0.349652,0.360144,-0.00366,-40.88,-95.27000000000001,-358.05,0
1786849378.5018578,R,0.292556,0.737124,0.111508,-107.10000000000001,289.8,-360.22,0
1786849378.5033612,R,0.210572,0.830576,0.21472,-146.09,329.28000000000003,-387.66,0
1786849378.504366,L,-0.470432,0.539728,-0.116632,-45.36000000000001,-34.370000000000005,-347.55,0
1786849378.5168858,R,0.142984,0.897676,0.238144,-185.64000000000001,310.8,-396.48,0
1786849378.5188863,L,-0.460428,0.747372,0.018788,-13.020000000000001,34.160000000000004,-343.14000000000004,0
1786849378.5319014,R,0.10248,0.999668,0.175924,-209.44000000000003,214.27,-369.25000000000006,0
1786849378.5344079,L,-0.36112,0.996984,0.304512,39.550000000000004,82.74000000000001,-343.28000000000003,0
1786849378.5465267,R,0.061975999999999996,1.186084,-0.004148,-212.17000000000002,65.66000000000001,-297.22,0
1786849378.5505269,L,-0.26961999999999997,1.235616,0.5909679999999999,96.32000000000001,100.59,-319.41,0
1786849378.5620818,R,0.046848,1.345172,-0.203984,-201.39000000000001,-88.76,-200.83,0
1786849378.5767603,R,0.024888,1.47986,-0.44895999999999997,-183.61,-241.99,-89.60000000000001,0
1786849378.5807612,L,-0.299632,1.262456,0.690032,126.98000000000002,118.51,-228.76000000000002,0
1786849378.5817604,L,-0.31964,1.153876,0.847168,112.28000000000002,189.42000000000002,-53.690000000000005,0
1786849378.5918646,R,0.038064,1.552572,-0.755668,-172.34,-407.47,40.39,0
1786849378.594371,L,-0.279868,1.075308,1.129232,41.440000000000005,299.6,151.69000000000003,0
1786849378.6068907,R,0.064904,1.568676,-1.058716,-154.07000000000002,-593.95,205.94000000000003,0
1786849378.6088915,L,-0.226432,0.8769359999999999,1.370304,-57.050000000000004,432.32000000000005,394.1,0
1786849378.6219063,R,0.126392,1.45668,-1.405684,-130.20000000000002,-784.1400000000001,393.82000000000005,0
1786849378.6244128,L,-0.160552,0.592432,1.603324,-144.83,514.22,634.83,0
1786849378.6374404,R,0.18178,1.169492,-1.707756,-80.15,-975.3800000000001,611.73,0
1786849378.6394413,L,-0.205204,0.27572,1.70922,-237.72000000000003,527.73,855.0500000000001,0
1786849378.6515906,R,-0.041968,0.768844,-1.874164,-2.5200000000000005,-1144.92,857.4300000000001,0
1786849378.6535897,L,-0.40626,-0.05734,1.60064,-332.99,521.99,1016.6100000000001,0
1786849378.6667857,R,-0.032208,0.41504399999999997,-1.743624,115.50000000000001,-1225.98,985.0400000000001,0
1786849378.6687865,L,-0.391376,-0.28133199999999997,1.454728,-416.57000000000005,488.39000000000004,1033.2700000000002,0
1786849378.6818013,R,0.183,0.151524,-1.6699359999999999,222.95000000000002,-1101.5900000000001,835.1,0
1786849378.6843085,L,-0.21716,-0.41626399999999997,1.379332,-418.18000000000006,413.63000000000005,864.8500000000001,0
1786849378.6968315,R,0.228872,-0.10736,-1.5147519999999999,221.55,-672.9100000000001,470.75000000000006,0
1786849378.6988316,L,-0.040748,-0.377224,1.3725,-311.57000000000005,269.85,496.02000000000004,0
1786849378.7118444,R,0.042943999999999996,0.002928,-1.473028,170.24,-123.76,80.57000000000001,0
1786849378.7143512,L,-0.313784,-0.274744,1.344684,-151.97000000000003,45.99,42.7,0
1786849378.7288697,L,-0.454572,-0.101992,1.275144,0.77,-179.69000000000003,-279.16,0
1786849378.7418873,R,0.264252,0.249368,-1.3847,133.07000000000002,259.98,-190.96,0
1786849378.743391,R,0.22326,0.476532,-1.102148,122.64000000000001,426.93000000000006,-257.67,0
1786849378.744395,L,-0.461648,0.04514,1.116056,76.30000000000001,-269.36,-436.31000000000006,0
1786849378.7574239,R,0.166896,0.725412,-0.845704,181.72000000000003,409.64000000000004,-185.01000000000002,0
1786849378.7594235,L,-0.529968,0.149816,0.863028,53.760000000000005,-275.59000000000003,-480.69000000000005,0
1786849378.7715163,R,0.07686,0.803248,-0.587064,268.17,251.79000000000002,-69.37,0
1786849378.7735171,L,-0.603168,0.305,0.772992,-13.930000000000001,-229.81000000000003,-451.99000000000007,0
1786849378.7866366,R,-0.00244,0.726388,-0.30012,324.59000000000003,90.23,4.62,0
1786849378.7886367,L,-0.659288,0.41626399999999997,0.798124,-79.94000000000001,-153.02,-396.27000000000004,0
1786849378.8018456,R,0.038308,0.56364,-0.10004,300.44000000000005,-12.250000000000002,20.860000000000003,0
1786849378.8043525,L,-0.647332,0.46116,0.818376,-102.76,-84.7,-367.36,0
1786849378.8168745,R,0.12834399999999999,0.382592,-0.04514,184.03000000000003,-51.800000000000004,-15.05,0
1786849378.818874,L,-0.50996,0.449204,0.792268,-102.13000000000001,-60.690000000000005,-383.39000000000004,0
1786849378.8318858,R,0.188612,0.259372,-0.136396,44.800000000000004,-53.480000000000004,-69.02000000000001,0
1786849378.8343916,L,-0.35746,0.619516,0.752984,-120.54,-87.92,-450.87000000000006,0
1786849378.8470232,R,0.296216,0.37942,-0.266204,-22.820000000000004,-43.120000000000005,-124.81000000000002,0
1786849378.8490236,L,-0.454572,0.949892,0.768844,-144.41000000000003,-105.49000000000001,-502.18000000000006,0
1786849378.8615582,R,0.40626,0.504592,-0.37624799999999997,-16.17,-36.540000000000006,-166.25000000000003,0
1786849378.8766444,R,0.463356,0.586576,-0.51362,4.550000000000001,-53.27,-162.47000000000003,0
1786849378.8786438,L,-0.442616,1.22366,0.720288,-156.8,-69.37,-443.17,0
1786849378.8806436,L,-0.346968,1.2744119999999999,0.673928,-144.41000000000003,23.520000000000003,-277.62,0
1786849378.8919473,R,0.505324,0.67466,-0.6673399999999999,11.48,-86.17,-110.53000000000002,0
1786849378.909677,L,-0.124196,1.163636,0.862296,-121.03000000000002,111.65,-119.49000000000001,0
1786849378.9106774,L,0.104188,1.003572,1.187792,-98.91000000000001,129.78,-67.97000000000001,0
1786849378.9237726,L,0.42944,0.870592,1.448628,-75.39,64.54,-140.0,0
1786849378.9377177,R,0.579256,0.619028,-0.854244,-20.930000000000003,-98.98,-65.66000000000001,0
1786849378.9397197,L,0.47214,0.8632719999999999,1.450336,-55.790000000000006,-31.080000000000002,-234.01000000000002,0
1786849378.9533968,R,0.61122,0.488244,-1.01748,-81.83000000000001,-56.63,-75.46000000000001,0
1786849378.954402,L,0.43066,0.865956,1.347124,-21.14,-73.99000000000001,-218.33,0
1786849378.9675865,R,0.7905599999999999,0.43968799999999997,-1.207312,-115.64000000000001,9.170000000000002,-123.55000000000001,0
1786849378.9695866,L,0.371368,0.800808,1.2731919999999999,-1.8200000000000003,-84.7,-122.92000000000002,0
1786849378.984776,L,0.277672,0.702964,1.252452,-3.08,-81.76,-39.690000000000005,0
1786849378.996806,R,0.946964,0.56608,-1.325408,-82.18,63.77,-151.27,0
1786849378.9978049,R,0.957212,0.7068679999999999,-1.302716,1.12,83.44000000000001,-103.53000000000002,0
1786849378.9998047,L,0.206668,0.574132,1.228052,-17.080000000000002,-77.00000000000001,-9.8,0
1786849379.014324,L,0.16226,0.440176,1.191208,-22.330000000000002,-91.00000000000001,-16.240000000000002,0
1786849379.027843,R,0.833504,0.68808,-1.1770559999999999,71.12,41.93000000000001,-4.0600000000000005,0
1786849379.029843,L,0.159332,0.410652,1.081408,-16.520000000000003,-120.19000000000001,-56.42000000000001,0
1786849379.0418603,R,0.701256,0.570716,-1.0426119999999999,110.95000000000002,-37.1,89.46000000000001,0
1786849379.0433633,R,0.629276,0.472872,-0.963556,116.76,-84.28,137.27,0
1786849379.0443668,L,0.087596,0.483364,0.9816119999999999,-15.260000000000002,-122.15,-96.11000000000001,0
1786849379.056886,R,0.60878,0.391132,-0.908168,106.33000000000001,-82.04,134.68,0
1786849379.0578868,R,0.611708,0.330376,-0.896456,85.82000000000001,-44.45,94.64000000000001,0
1786849379.0718992,R,0.610976,0.272304,-0.870104,62.93000000000001,9.66,46.13,0
1786849379.0744138,L,0.07002799999999999,0.528992,0.915,-11.55,-101.22000000000001,-86.59,0
1786849379.0744138,L,0.125904,0.456524,0.854976,-0.6300000000000001,-87.08000000000001,-39.2,0
1786849379.086939,R,0.602436,0.225944,-0.876204,49.63,39.480000000000004,24.430000000000003,0
1786849379.0899405,L,0.139812,0.31768799999999997,0.850096,2.31,-72.73,4.970000000000001,0
1786849379.1018875,R,0.58438,0.19032,-0.874252,50.96000000000001,27.790000000000003,36.190000000000005,0
1786849379.104396,L,0.216428,0.225456,0.900116,6.44,-67.06,-0.35000000000000003,0
1786849379.1169198,R,0.5724239999999999,0.15420799999999998,-0.911096,63.00000000000001,-4.48,55.86000000000001,0
1786849379.1189258,L,0.30866,0.19178399999999998,0.9201239999999999,7.630000000000001,-82.74000000000001,-70.14,0
1786849379.131939,R,0.572668,0.107848,-0.972096,50.330000000000005,-16.520000000000003,50.470000000000006,0
1786849379.1334424,R,0.577792,0.07198,-0.99552,34.230000000000004,15.750000000000002,17.85,0
1786849379.1344478,L,0.313296,0.30134,0.903776,6.580000000000001,-98.28000000000002,-148.05,0
1786849379.1474996,R,0.593652,0.082228,-1.008696,32.27,60.27,-20.790000000000003,0
1786849379.1495,L,0.320616,0.449692,0.893772,21.98,-99.68,-172.62,0
1786849379.1617393,R,0.5795,0.148108,-1.013332,42.14,88.2,-43.89000000000001,0
1786849379.1657495,L,0.368684,0.5614439999999999,0.906704,44.730000000000004,-101.29,-132.72,0
1786849379.1767693,R,0.542656,0.243512,-0.996008,61.25000000000001,93.17000000000002,-46.13,0
1786849379.1932914,R,0.503372,0.264984,-0.955504,84.7,83.02000000000001,-37.03,0
1786849379.2068255,R,0.48092399999999996,0.27083999999999997,-0.96746,83.58000000000001,65.59,-22.26,0
1786849379.2098234,L,0.387716,0.587064,0.927932,48.720000000000006,-93.87,-66.85000000000001,0
1786849379.2108235,L,0.39283999999999997,0.55632,0.9694119999999999,35.14,-81.83000000000001,-6.790000000000001,0
1786849379.2118244,L,0.371368,0.5124,0.996984,15.05,-70.84,30.660000000000004,0
1786849379.2218428,R,0.454328,0.273524,-0.983076,60.480000000000004,55.720000000000006,-9.940000000000001,0
1786849379.2258532,L,0.325984,0.46677199999999996,1.036756,4.970000000000001,-75.53,49.49,0
1786849379.236875,R,0.444324,0.311588,-1.013088,35.07,74.2,-19.110000000000003,0
1786849379.2398736,L,0.303292,0.43066,1.045784,10.15,-87.57000000000001,49.14000000000001,0
1786849379.25189,R,0.433588,0.3111,-1.0065,19.46,113.26,-38.36000000000001,0
1786849379.2669213,R,0.38917999999999997,0.31598,-0.959164,20.51,142.59,-50.61000000000001,0
1786849379.2689245,L,0.241072,0.387472,1.022604,21.560000000000002,-104.51,35.56,0
1786849379.269925,L,0.21106,0.358436,0.993812,33.040000000000006,-113.89000000000001,22.89,0
1786849379.2819433,R,0.3721,0.348188,-0.8732759999999999,37.31,151.55,-57.540000000000006,0
1786849379.2844527,L,0.17763199999999998,0.34721199999999997,0.9577,38.50000000000001,-117.74000000000001,15.190000000000001,0
1786849379.2970839,R,0.331596,0.387472,-0.762744,64.4,151.48000000000002,-61.81000000000001,0
1786849379.299083,L,0.172508,0.37868799999999997,0.925248,32.34,-107.80000000000001,13.650000000000002,0
1786849379.313183,R,0.32086,0.46482,-0.658068,85.82000000000001,150.57000000000002,-62.510000000000005,0
1786849379.327714,R,0.288652,0.527772,-0.543388,98.28000000000002,145.95000000000002,-57.050000000000004,0
1786849379.3297148,L,0.14884,0.410652,0.9064599999999999,22.610000000000003,-87.85000000000001,25.62,0
1786849379.3307142,L,0.10760399999999999,0.420168,0.905484,16.87,-78.61000000000001,47.53,0
1786849379.3417306,R,0.280356,0.5392399999999999,-0.41382399999999997,101.08000000000001,134.19000000000003,-46.410000000000004,0
1786849379.3447852,L,0.060024,0.41846,0.8866959999999999,10.64,-75.32000000000001,69.02000000000001,0
1786849379.3570688,R,0.258396,0.580964,-0.29402,97.86000000000001,114.94000000000001,-47.39000000000001,0
1786849379.3590689,L,-0.064904,0.389668,0.8357,6.090000000000001,-73.08000000000001,82.39000000000001,0
1786849379.3716297,R,0.297192,0.612684,-0.196664,92.82000000000001,93.87,-66.08000000000001,0
1786849379.373633,L,-0.196908,0.330132,0.765428,7.840000000000001,-71.61000000000001,86.31,0
1786849379.3867908,R,0.377224,0.673684,-0.112728,79.73,80.15,-83.51,0
1786849379.38979,L,-0.2501,0.228384,0.677832,11.340000000000002,-60.620000000000005,76.65,0
1786849379.4018037,R,0.43676,0.7315119999999999,-0.040015999999999996,52.290000000000006,77.35000000000001,-73.78,0
1786849379.4168286,R,0.528992,0.787144,-0.008784,9.870000000000001,67.2,-22.96,0
1786849379.4208293,L,-0.25912799999999997,0.132736,0.597312,10.99,-34.510000000000005,64.89,0
1786849379.4333513,R,0.556808,0.770552,-0.07808,-49.56,19.67,46.760000000000005,0
1786849379.434355,L,-0.269376,0.077836,0.548024,2.5200000000000005,6.65,58.660000000000004,0
1786849379.4358582,L,-0.266204,0.040748,0.58194,-7.630000000000001,32.13,50.400000000000006,0
1786849379.4468768,R,0.50508,0.734928,-0.188368,-93.80000000000001,-40.95,102.06000000000002,0
1786849379.4618912,R,0.460916,0.690032,-0.292312,-99.54,-80.92,113.61000000000001,0
1786849379.4769216,R,0.535824,0.630984,-0.378444,-94.64000000000001,-94.08000000000001,93.31,0
1786849379.4789214,L,-0.186416,0.11809599999999999,0.58438,-18.970000000000002,60.34,43.540000000000006,0
1786849379.480921,L,-0.125416,0.243512,0.650992,-44.730000000000004,105.42000000000002,52.150000000000006,0
1786849379.4819221,L,-0.122732,0.315492,0.74542,-64.05000000000001,133.14000000000001,67.76,0
1786849379.4944468,L,-0.043432,0.29670399999999997,0.8017839999999999,-59.43000000000001,142.8,64.89,0
1786849379.5074856,R,0.602924,0.621224,-0.47458,-93.24000000000001,-93.66000000000001,85.26,0
1786849379.5094862,L,0.067832,0.338672,0.8288679999999999,-34.300000000000004,154.07000000000002,48.02,0
1786849379.5217345,R,0.620736,0.56364,-0.558028,-101.29,-94.08000000000001,84.63000000000001,0
1786849379.5232382,R,0.62342,0.5185,-0.633912,-117.81000000000002,-99.89000000000001,84.35000000000001,0
1786849379.5242426,L,0.19032,0.43676,0.968436,-2.8000000000000003,165.83,37.03,0
1786849379.53677,R,0.6143919999999999,0.470188,-0.73322,-128.38000000000002,-111.93,81.41000000000001,0
1786849379.5407677,L,0.312808,0.512644,1.156072,33.25,138.60000000000002,55.440000000000005,0
1786849379.5542958,L,0.498736,0.388204,1.212192,69.79,102.41000000000001,81.76,0
1786849379.5668194,R,0.579012,0.405528,-0.81984,-140.0,-102.13000000000001,74.41000000000001,0
1786849379.5678182,R,0.584624,0.285968,-0.908168,-153.09,-73.01,43.61000000000001,0
1786849379.570817,L,0.559004,0.21472,1.216096,88.06,94.85000000000001,102.83000000000001,0
1786849379.5818446,R,0.606828,0.144936,-1.011868,-153.72000000000003,-46.900000000000006,17.71,0
1786849379.5843532,L,0.703452,0.114924,1.286124,93.94000000000001,87.15,102.9,0
1786849379.596879,R,0.65148,0.08906,-1.1204479999999999,-127.89000000000001,-44.45,6.300000000000001,0
1786849379.599877,L,0.828624,0.049288,1.331996,64.61,69.23,93.45,0
1786849379.6118917,R,0.68076,0.053436,-1.170712,-70.98,-55.160000000000004,18.62,0
1786849379.6143982,L,0.95892,0.012931999999999999,1.35298,18.76,51.52,109.13000000000001,0
1786849379.6269197,R,0.745176,-0.000976,-1.225368,-29.050000000000004,-66.78,33.67,0
1786849379.628918,L,1.048712,-0.053191999999999996,1.294908,-5.460000000000001,28.770000000000003,141.61,0
1786849379.6434343,R,0.739808,-0.081984,-1.171688,-4.970000000000001,-56.00000000000001,27.860000000000003,0
1786849379.6444373,L,1.11996,-0.20569199999999999,1.1721759999999999,17.430000000000003,1.6800000000000002,132.51000000000002,0
1786849379.659776,L,1.14436,-0.263764,1.075552,42.980000000000004,-24.570000000000004,79.17,0
1786849379.6732929,R,0.745664,-0.1525,-1.111664,-0.6300000000000001,-20.720000000000002,5.040000000000001,0
1786849379.6742964,L,1.213412,-0.146156,1.061156,35.14,-43.540000000000006,40.11000000000001,0
1786849379.686816,R,0.797148,-0.174948,-1.068476,-10.290000000000001,13.160000000000002,-21.000000000000004,0
1786849379.6878185,R,0.891332,-0.09272,-1.018212,-6.65,29.400000000000002,-30.520000000000003,0
1786849379.6898155,L,1.17242,-0.06831999999999999,1.045784,27.930000000000003,-56.49,31.080000000000002,0
1786849379.70183,R,1.0389519999999999,0.02928,-0.953064,17.220000000000002,36.540000000000006,-17.85,0
1786849379.7043357,L,1.092388,0.08052,1.053592,26.6,-76.58000000000001,45.71,0
1786849379.7168596,R,1.071648,0.118828,-0.895236,31.990000000000002,38.290000000000006,8.75,0
1786849379.7198594,L,0.983076,0.147376,1.014064,17.57,-96.67000000000002,66.99000000000001,0
1786849379.7318735,R,1.0255319999999999,0.159332,-0.830576,34.160000000000004,33.25,30.870000000000005,0
1786849379.734383,L,0.8991399999999999,0.19983599999999999,0.9323239999999999,8.610000000000001,-94.57000000000001,75.88000000000001,0
1786849379.746907,R,0.953552,0.208864,-0.777872,36.96,26.810000000000002,44.24,0
1786849379.74991,L,0.792268,0.240096,0.898652,8.82,-91.21000000000001,71.89,0
1786849379.76193,R,0.882548,0.258396,-0.739564,37.31,18.41,54.11000000000001,0
1786849379.764437,L,0.744688,0.28914,0.886208,15.260000000000002,-91.56,60.900000000000006,0
1786849379.7769578,R,0.824232,0.303048,-0.709796,33.6,6.300000000000001,66.08000000000001,0
1786849379.7789578,L,0.650748,0.304268,0.883768,24.220000000000002,-90.30000000000001,56.00000000000001,0
1786849379.7916985,R,0.769332,0.330132,-0.68686,26.67,-3.5700000000000003,74.97000000000001,0
1786849379.7942066,L,0.5392399999999999,0.317444,0.881084,26.320000000000004,-89.53000000000002,64.05000000000001,0
1786849379.806727,R,0.7198,0.3477,-0.6846639999999999,10.22,3.5700000000000003,74.76,0
1786849379.8097274,L,0.44090799999999997,0.305732,0.835944,21.630000000000003,-83.44000000000001,67.13000000000001,0
1786849379.8217413,R,0.666364,0.35892399999999997,-0.68686,-14.770000000000001,33.95,64.33000000000001,0
1786849379.824248,L,0.350628,0.28792,0.798612,18.130000000000003,-73.85000000000001,52.99,0
1786849379.8367674,R,0.603168,0.348432,-0.692716,-30.800000000000004,58.870000000000005,55.09,0
1786849379.8517847,R,1.030168,0.366488,-0.672952,-44.1,61.81000000000001,54.32000000000001,0
1786849379.8542914,L,0.255956,0.255956,0.776408,24.64,-69.44000000000001,32.06,0
1786849379.8668156,R,0.36941599999999997,0.403576,-0.77104,-72.87,47.46000000000001,97.79,0
1786849379.8698158,L,-0.900604,0.056364,0.782508,32.2,-67.9,5.53,0
1786849379.8718154,L,0.358192,0.21276799999999998,0.58682,19.67,-53.480000000000004,-48.370000000000005,0
1786849379.881831,R,0.53436,0.410652,-0.691252,-22.26,14.980000000000002,93.38000000000001,0
1786849379.8843389,L,0.133224,0.289872,0.82228,32.410000000000004,-31.990000000000002,-33.18,0
1786849379.8968647,R,0.44456799999999996,0.225944,-0.659288,-2.1,-0.07,60.13,0
1786849379.8998647,L,0.233264,0.3843,0.8781559999999999,28.630000000000003,-39.34,-9.8,0
1786849379.9118814,R,0.476776,0.262544,-0.6563599999999999,-5.180000000000001,10.64,44.03,0
1786849379.9143887,L,0.25498,0.328668,0.889868,32.410000000000004,-41.790000000000006,7.7700000000000005,0
1786849379.9269128,R,0.464576,0.350384,-0.6661199999999999,-10.920000000000002,17.5,48.300000000000004,0
1786849379.9299145,L,0.28548,0.265716,0.883768,32.900000000000006,-32.13,13.930000000000001,0
1786849379.9444382,L,0.29304399999999997,0.232044,0.881572,31.01,-25.270000000000003,29.680000000000003,0
1786849379.9569595,R,0.429928,0.288896,-0.664656,-9.66,26.740000000000002,59.78000000000001,0
1786849379.9579606,R,0.446764,0.19056399999999998,-0.654652,-16.17,24.64,52.71000000000001,0
1786849379.9599636,L,0.210816,0.12224399999999999,0.832772,27.930000000000003,-27.720000000000002,32.410000000000004,0
1786849379.9715648,R,0.367708,0.169336,-0.667096,-19.53,23.03,40.39,0
1786849379.974074,L,0.33183999999999997,0.05978,0.782996,16.94,-24.430000000000003,8.190000000000001,0
1786849379.9875996,R,0.379664,0.165432,-0.655872,-12.180000000000001,21.35,24.290000000000003,0
1786849379.9895995,L,0.424072,0.08784,0.82228,4.48,-18.830000000000002,-6.090000000000001,0
1786849380.0016198,R,0.376492,0.146888,-0.63196,-2.87,15.400000000000002,8.610000000000001,0
1786849380.0041275,L,0.522404,0.182512,0.863028,-7.140000000000001,-18.900000000000002,-0.21000000000000002,0
1786849380.0206604,L,0.35404399999999997,0.107848,0.822036,6.65,-16.8,-20.720000000000002,0
1786849380.0316737,R,0.658068,0.076616,-0.693692,5.53,-13.790000000000001,28.840000000000003,0
1786849380.033177,R,0.588772,0.28792,-0.62708,13.580000000000002,-39.550000000000004,50.120000000000005,0
1786849380.0341823,L,0.488488,0.118828,0.821792,12.670000000000002,-33.67,-33.81,0
1786849380.0467026,R,0.557784,0.163968,-0.628788,28.140000000000004,-39.970000000000006,55.370000000000005,0
1786849380.0497022,L,0.450912,0.126392,0.737124,13.090000000000002,-33.53,-19.32,0
1786849380.0615988,R,0.6180519999999999,0.162016,-0.61366,12.040000000000001,-20.860000000000003,33.74,0
1786849380.0641062,L,0.3965,0.110288,0.716384,-8.05,-14.700000000000001,6.090000000000001,0
1786849380.0766292,R,0.569252,0.09589199999999999,-0.610976,-5.250000000000001,8.120000000000001,15.750000000000002,0
1786849380.0796278,L,0.447984,0.114924,0.669536,-21.14,0.6300000000000001,14.980000000000002,0
1786849380.0916436,R,0.56852,0.071492,-0.6204919999999999,-18.69,23.240000000000002,-2.1,0
1786849380.095652,L,0.477508,0.155184,0.676612,-22.96,3.7800000000000002,9.8,0
1786849380.1066694,R,0.534604,0.06417199999999999,-0.6039,-14.280000000000001,12.39,-5.11,0
1786849380.1096675,L,0.506788,0.195444,0.7032079999999999,-19.180000000000003,1.05,7.3500000000000005,0
1786849380.1216834,R,0.55388,0.058316,-0.621224,-2.31,-12.110000000000001,10.430000000000001,0
1786849380.125694,L,0.512156,0.233508,0.720288,-5.6000000000000005,0.7000000000000001,7.98,0
1786849380.13671,R,0.565592,0.10858,-0.604144,6.65,-33.32,21.07,0
1786849380.1407099,L,0.509716,0.22691999999999998,0.709796,4.83,1.05,12.250000000000002,0
1786849380.1517265,R,0.589016,0.113704,-0.631472,8.05,-45.99,22.330000000000002,0
1786849380.1542337,L,0.463844,0.184952,0.768112,7.490000000000001,3.2900000000000005,18.970000000000002,0
1786849380.166617,R,0.63196,0.123464,-0.642208,-0.21000000000000002,-40.39,22.96,0
1786849380.1696148,L,0.548512,0.170068,0.717604,0.49000000000000005,3.43,17.71,0
1786849380.181628,R,0.679296,0.115656,-0.649528,-7.5600000000000005,-34.790000000000006,16.520000000000003,0
1786849380.1841333,L,0.557784,0.157136,0.714676,-0.8400000000000001,13.72,11.760000000000002,0
1786849380.1966527,R,0.615124,0.1464,-0.665144,-8.05,-23.660000000000004,5.880000000000001,0
1786849380.1996515,L,0.565592,0.187636,0.7363919999999999,-1.33,15.820000000000002,-3.9200000000000004,0
1786849380.2116642,R,0.644892,0.108824,-0.659776,-8.05,-15.260000000000002,-0.9800000000000001,0
1786849380.2141714,L,0.548268,0.211304,0.75396,-2.3800000000000003,16.450000000000003,-11.97,0
1786849380.2266915,R,0.609756,0.130296,-0.669536,-11.9,-23.590000000000003,0.49000000000000005,0
1786849380.229692,L,0.565836,0.236924,0.757132,-5.460000000000001,21.490000000000002,-10.010000000000002,0
1786849380.241706,R,0.614148,0.099796,-0.666852,-11.830000000000002,-30.800000000000004,6.86,0
1786849380.2442124,L,0.539728,0.24522,0.760792,-4.970000000000001,16.240000000000002,-3.0100000000000002,0
1786849380.2565987,R,0.6143919999999999,0.108824,-0.673196,-13.440000000000001,-38.57,8.89,0
1786849380.259602,L,0.5441199999999999,0.234728,0.718824,-2.45,20.3,-5.6000000000000005,0
1786849380.271617,R,0.6204919999999999,0.094916,-0.692228,-9.8,-35.980000000000004,6.090000000000001,0
1786849380.2741234,L,0.539972,0.223992,0.71858,-1.4700000000000002,20.3,-8.540000000000001,0
1786849380.2866442,R,0.621468,0.098088,-0.700524,-12.81,-31.290000000000003,-2.87,0
1786849380.289647,L,0.538508,0.193492,0.739808,-1.2600000000000002,18.76,-16.8,0
1786849380.3016589,R,0.621468,0.137372,-0.708576,-12.740000000000002,-24.290000000000003,-12.600000000000001,0
1786849380.3041637,L,0.542168,0.174948,0.7351719999999999,1.12,13.580000000000002,-27.37,0
1786849380.316689,R,0.62464,0.1525,-0.710772,-10.64,-16.8,-14.63,0
1786849380.3196888,L,0.5614439999999999,0.168604,0.749812,1.54,14.840000000000002,-23.03,0
1786849380.3317058,R,0.630496,0.1769,-0.703696,-11.760000000000002,-9.31,-7.7700000000000005,0
1786849380.3342133,L,0.560712,0.127612,0.751032,-4.340000000000001,22.12,-9.38,0
1786849380.3467317,R,0.6156119999999999,0.202032,-0.698328,-14.910000000000002,-4.83,-7.5600000000000005,0
1786849380.3497317,L,0.5428999999999999,0.100772,0.74542,-11.690000000000001,25.340000000000003,-2.66,0
1786849380.3616054,R,0.582428,0.224236,-0.6871039999999999,-14.840000000000002,0.6300000000000001,-13.160000000000002,0
1786849380.364113,L,0.534116,0.08784,0.758108,-16.380000000000003,32.480000000000004,-5.8100000000000005,0
1786849380.3766327,R,0.58072,0.253272,-0.671488,-14.070000000000002,3.7100000000000004,-20.790000000000003,0
1786849380.379633,L,0.502396,0.076616,0.794952,-14.490000000000002,29.470000000000002,-15.260000000000002,0
1786849380.391648,R,0.57828,0.29524,-0.65514,-16.03,2.5900000000000003,-27.580000000000002,0
1786849380.3941534,L,0.534604,0.058804,0.7893399999999999,-13.160000000000002,29.120000000000005,-29.540000000000003,0
1786849380.4076757,R,0.585844,0.335988,-0.646356,-18.200000000000003,-3.0100000000000002,-31.360000000000003,0
1786849380.4096758,L,0.530456,0.04026,0.822524,-11.270000000000001,29.050000000000004,-34.230000000000004,0
1786849380.4216905,R,0.593896,0.364292,-0.652456,-17.150000000000002,-13.160000000000002,-26.53,0
1786849380.4241982,L,0.535824,0.0549,0.848388,-16.59,26.810000000000002,-33.81,0
1786849380.4367216,R,0.618296,0.389668,-0.651968,-15.680000000000001,-25.340000000000003,-20.090000000000003,0
1786849380.4397237,L,0.570228,0.083204,0.891088,-20.790000000000003,23.730000000000004,-32.410000000000004,0
1786849380.451736,R,0.63074,0.394304,-0.68198,-22.540000000000003,-38.50000000000001,-15.330000000000002,0
1786849380.4542427,L,0.578036,0.09589199999999999,0.902556,-23.240000000000002,22.12,-34.370000000000005,0
1786849380.4666188,R,0.640988,0.399916,-0.701256,-27.860000000000003,-47.040000000000006,-8.120000000000001,0
1786849380.4696198,L,0.564128,0.08784,0.898896,-21.000000000000004,22.96,-37.17,0
1786849380.4816334,R,0.645868,0.365512,-0.754204,-30.1,-51.52,-5.11,0
1786849380.484142,L,0.573644,0.07710399999999999,0.902068,-18.970000000000002,26.46,-34.86000000000001,0
1786849380.4966605,R,0.649528,0.338184,-0.7893399999999999,-28.840000000000003,-48.440000000000005,-4.41,0
1786849380.4996622,L,0.583892,0.110776,0.870348,-29.820000000000004,29.120000000000005,-27.160000000000004,0
1786849380.511675,R,0.700036,0.319152,-0.826916,-30.520000000000003,-39.27,-4.48,0
1786849380.5141833,L,0.626592,0.157868,0.8720559999999999,-39.900000000000006,30.800000000000004,-22.750000000000004,0
1786849380.5267067,R,0.746152,0.334768,-0.855708,-36.75,-34.580000000000005,-4.9,0
1786849380.5297072,L,0.676368,0.201788,0.943792,-32.410000000000004,24.080000000000002,-23.450000000000003,0
1786849380.5417228,R,0.819596,0.35892399999999997,-0.893772,-34.02,-31.780000000000005,-1.61,0
1786849380.5442312,L,0.714676,0.203252,0.9928359999999999,-21.98,9.870000000000001,-26.180000000000003,0
1786849380.571548,R,0.8522919999999999,0.359168,-0.916464,-32.2,-25.55,7.280000000000001,0
1786849380.5730543,R,0.866932,0.339648,-0.919148,-30.380000000000003,-17.78,11.830000000000002,0
1786849380.574059,L,0.733464,0.162016,1.002352,-23.310000000000002,-1.6800000000000002,-18.970000000000002,0
1786849380.5865817,R,0.8732759999999999,0.322812,-0.910364,-32.06,-6.65,15.750000000000002,0
1786849380.6031024,R,0.8720559999999999,0.342088,-0.895236,-31.220000000000002,3.9200000000000004,4.550000000000001,0
1786849380.6041074,L,0.76006,0.163236,0.961604,-34.160000000000004,-7.630000000000001,-6.16,0
1786849380.60561,L,0.761768,0.188368,0.917928,-47.6,-12.180000000000001,-11.55,0
1786849380.6066139,L,0.810568,0.252296,0.910608,-54.18000000000001,-17.92,-17.57,0
1786849380.6316516,R,0.9699,0.36697599999999997,-0.88694,-30.870000000000005,16.94,3.9200000000000004,0
1786849380.6331553,R,1.048956,0.40089199999999997,-0.8781559999999999,-29.820000000000004,16.8,21.560000000000002,0
1786849380.6356635,L,0.9003599999999999,0.333548,0.98332,-43.61000000000001,-27.160000000000004,-18.970000000000002,0
1786849380.6466806,R,1.070916,0.414068,-0.897188,-30.660000000000004,16.17,44.17,0
1786849380.651681,L,0.96502,0.345016,1.010892,-23.17,-44.31,-21.28,0
1786849380.6531847,L,1.008696,0.311832,0.9681919999999999,-7.5600000000000005,-64.4,-22.540000000000003,0
1786849380.6622412,R,1.096292,0.349164,-0.896212,-34.510000000000005,21.630000000000003,57.96000000000001,0
1786849380.66475,L,1.013088,0.272304,0.8966999999999999,-6.790000000000001,-79.10000000000001,-19.180000000000003,0
1786849380.6768281,R,1.06994,0.30866,-0.865468,-34.86000000000001,35.56,59.85000000000001,0
1786849380.6798282,L,1.008452,0.24766,0.835456,-19.6,-88.48,-16.380000000000003,0
1786849380.693347,R,1.054324,0.305,-0.832772,-32.410000000000004,52.220000000000006,52.57000000000001,0
1786849380.6943533,L,1.033828,0.258396,0.8227679999999999,-30.17,-97.37,-23.450000000000003,0
1786849380.7068746,R,1.088972,0.345504,-0.81862,-34.160000000000004,65.03,45.150000000000006,0
1786849380.709874,L,1.074576,0.273768,0.876692,-29.680000000000003,-109.97000000000001,-33.81,0
1786849380.7218893,R,1.138016,0.392108,-0.847168,-44.45,69.44000000000001,58.03000000000001,0
1786849380.7243986,L,1.1424079999999999,0.314028,0.912316,-24.01,-125.16000000000001,-39.06,0
1786849380.736924,R,1.130696,0.37990799999999997,-0.853024,-41.440000000000005,67.62,80.22000000000001,0
1786849380.7399232,L,1.133136,0.276208,0.8784,-3.6400000000000006,-145.46,-47.53,0
1786849380.7519379,R,1.132892,0.339404,-0.886208,-42.35,75.11000000000001,90.23,0
1786849380.754445,L,1.12972,0.205448,0.8608319999999999,5.040000000000001,-160.58,-41.650000000000006,0
1786849380.767501,R,1.104344,0.297192,-0.859124,-48.510000000000005,87.01,87.36000000000001,0
1786849380.7695017,L,1.096536,0.169824,0.850584,-7.910000000000001,-162.05,-33.95,0
1786849380.7815173,R,1.1102,0.292068,-0.877912,-55.790000000000006,102.48,74.2,0
1786849380.7840266,L,1.1163,0.164944,0.8601,-25.62,-162.89000000000001,-32.2,0
1786849380.7970874,R,1.162172,0.306952,-0.883768,-56.42000000000001,114.10000000000001,58.10000000000001,0
1786849380.799091,L,1.169248,0.203984,0.908412,-32.900000000000006,-168.91000000000003,-32.690000000000005,0
1786849380.8118975,R,1.207556,0.345016,-0.914756,-51.24,109.97000000000001,52.36000000000001,0
1786849380.8144062,L,1.22732,0.24790399999999999,0.96014,-25.130000000000003,-188.44000000000003,-26.180000000000003,0
1786849380.8269303,R,1.205848,0.347456,-0.908412,-50.540000000000006,91.07000000000001,67.97000000000001,0
1786849380.829928,L,1.2658719999999999,0.231312,0.919148,-9.31,-211.96,-13.370000000000001,0
1786849380.8419418,R,1.178764,0.34038,-0.9076799999999999,-54.67,76.23,98.28000000000002,0
1786849380.8444474,L,1.257088,0.20618,0.852048,-8.540000000000001,-209.51000000000002,12.740000000000002,0
1786849380.857478,R,1.1651,0.303048,-0.9484279999999999,-74.27000000000001,99.19000000000001,95.27000000000001,0
1786849380.8594766,L,1.206092,0.162748,0.840336,-29.050000000000004,-182.07000000000002,44.45,0
1786849380.8741457,L,1.218536,0.171532,0.854488,-41.790000000000006,-179.9,32.06,0
1786849380.886667,R,1.0833599999999999,0.267424,-1.0328519999999999,-106.26,136.22,71.4,0
1786849380.8896663,L,1.168028,0.2623,0.857416,-21.560000000000002,-224.84000000000003,-1.2600000000000002,0
1786849380.904185,L,1.140456,0.347456,0.780068,-11.270000000000001,-253.19000000000003,-1.54,0
1786849380.9167044,R,0.999668,0.233508,-0.986736,-94.85000000000001,157.78,64.26,0
1786849380.9177048,R,0.963312,0.204472,-0.9694119999999999,-70.14,169.96,62.230000000000004,0
1786849380.9197047,L,1.064084,0.385276,0.736148,-20.23,-252.77,27.230000000000004,0
1786849380.9332206,R,0.9496479999999999,0.136396,-0.880352,-47.11000000000001,178.99,80.01,0
1786849380.934224,L,1.108004,0.434564,0.662948,-26.040000000000003,-250.18000000000004,45.99,0
1786849380.946744,R,0.882792,0.108092,-0.85156,-37.03,180.67000000000002,99.19000000000001,0
1786849380.9497495,L,0.981368,0.441884,0.601948,-14.910000000000002,-245.00000000000003,37.17,0
1786849380.9643166,L,0.891332,0.47360399999999997,0.552172,0.8400000000000001,-263.76000000000005,22.12,0
1786849380.9778419,R,0.852536,0.098332,-0.8479,-28.910000000000004,200.41000000000003,87.29,0
1786849380.9798417,L,0.92842,0.467748,0.56608,13.020000000000001,-284.34000000000003,0.35000000000000003,0
1786849380.991855,R,0.8300879999999999,-0.01586,-0.746152,-37.17,270.83000000000004,73.36000000000001,0
1786849381.006881,R,0.758352,-0.093696,-0.731756,-47.18000000000001,316.40000000000003,42.28,0
1786849381.0078816,R,0.7659159999999999,-0.117364,-0.81374,-50.190000000000005,283.08000000000004,42.00000000000001,0
1786849381.009881,L,0.917928,0.46848,0.538508,19.39,-290.36,-14.14,0
1786849381.0108812,L,0.904996,0.478972,0.493856,24.71,-280.98,25.060000000000002,0
1786849381.023398,R,0.727364,-0.232044,-0.69906,-18.830000000000002,247.73000000000002,58.940000000000005,0
1786849381.0244014,L,0.8325279999999999,0.41724,0.38356799999999996,11.13,-273.91,48.510000000000005,0
1786849381.0369227,R,0.787388,-0.216428,-0.5897479999999999,3.5700000000000003,255.29000000000002,66.57000000000001,0
1786849381.0379229,R,0.696132,-0.157624,-0.46555199999999997,12.040000000000001,275.66,52.64000000000001,0
1786849381.0399222,L,0.776896,0.390156,0.249368,4.2,-268.52000000000004,34.650000000000006,0
1786849381.051934,R,0.64782,-0.214964,-0.393816,8.33,293.79,33.39,0
1786849381.054441,L,0.739076,0.380152,0.11638799999999999,16.310000000000002,-271.18,18.900000000000002,0
1786849381.0667677,R,0.671732,-0.19154,-0.34404,-2.3800000000000003,320.46000000000004,21.000000000000004,0
1786849381.0697687,L,0.844972,0.402356,0.102968,22.750000000000004,-269.5,12.180000000000001,0
1786849381.0817833,R,0.721264,-0.131516,-0.41748399999999997,-6.580000000000001,342.79,25.270000000000003,0
1786849381.0842898,L,0.9557479999999999,0.451156,0.189588,21.14,-265.65000000000003,12.950000000000001,0
1786849381.0968113,R,0.73444,-0.200324,-0.257664,-4.2,348.18,42.14,0
1786849381.1008117,L,0.924516,0.457012,0.13908,18.270000000000003,-260.26000000000005,30.660000000000004,0
1786849381.1133287,R,0.69296,-0.181292,-0.126148,-0.42000000000000004,343.14000000000004,48.720000000000006,0
1786849381.115835,L,0.871812,0.384544,0.059292,20.51,-259.49,39.970000000000006,0
1786849381.1268504,R,0.570472,-0.14762,-0.0046359999999999995,-3.99,339.08000000000004,37.24,0
1786849381.12985,L,0.662704,0.279868,-0.05002,35.07,-263.27000000000004,25.62,0
1786849381.141865,R,0.49898,-0.151524,0.078568,-1.4700000000000002,339.64000000000004,17.080000000000002,0
1786849381.1443715,L,0.580476,0.248392,-0.098088,37.660000000000004,-266.70000000000005,14.490000000000002,0
1786849381.1568902,R,0.401624,-0.196664,0.137372,-6.65,354.20000000000005,7.280000000000001,0
1786849381.158935,L,0.4758,0.271328,-0.066368,51.800000000000004,-283.15000000000003,20.790000000000003,0
1786849381.1719477,R,0.299632,-0.1586,0.182512,-29.610000000000003,365.75000000000006,5.8100000000000005,0
1786849381.174454,L,0.58682,0.203252,-0.24570799999999998,59.150000000000006,-282.66,33.11000000000001,0
1786849381.1895587,L,0.45505999999999996,0.158356,-0.201788,54.95,-256.20000000000005,44.03,0
1786849381.2015722,R,0.26839999999999997,-0.044652,0.312808,-17.78,322.00000000000006,29.26,0
1786849381.2030754,R,0.163724,-0.069296,0.39772,2.8000000000000003,313.88000000000005,43.470000000000006,0
1786849381.20408,L,0.342576,0.052704,-0.282308,55.02,-244.65000000000003,52.85000000000001,0
1786849381.219598,L,0.20935199999999998,-0.031476,-0.398208,44.730000000000004,-214.41000000000003,47.39000000000001,0
1786849381.2316117,R,0.041479999999999996,-0.111264,0.521428,-11.13,308.49,30.380000000000003,0
1786849381.233116,R,-0.048312,-0.132492,0.599996,-22.96,298.62,17.71,0
1786849381.2341192,L,0.117608,-0.040748,-0.450424,30.380000000000003,-188.02,51.45,0
1786849381.2466419,R,-0.11956,-0.149572,0.6341559999999999,-31.570000000000004,270.83000000000004,13.930000000000001,0
1786849381.2496402,L,0.082716,0.015616,-0.449936,26.740000000000002,-183.68,53.550000000000004,0
1786849381.2621846,R,-0.246196,-0.232532,0.69418,-53.900000000000006,234.36,32.830000000000005,0
1786849381.264236,L,0.010248,0.048556,-0.511912,43.61000000000001,-207.9,29.820000000000004,0
1786849381.2767577,R,-0.292556,-0.21106,0.82106,-47.74,196.84000000000003,37.03,0
1786849381.2797558,L,-0.131516,-0.013176,-0.623908,36.61000000000001,-191.24,15.330000000000002,0
1786849381.294274,L,-0.30744,-0.065148,-0.7032079999999999,19.810000000000002,-145.95000000000002,23.590000000000003,0
1786849381.3097947,L,-0.34526,-0.11809599999999999,-0.724924,-6.44,-79.17,21.000000000000004,0
1786849381.3233109,R,-0.325252,-0.182756,0.91622,-32.550000000000004,169.26000000000002,12.46,0
1786849381.3243146,L,-0.385764,-0.178364,-0.73932,-29.19,-22.820000000000004,18.62,0
1786849381.3398347,L,-0.258396,-0.088084,-0.691252,-50.330000000000005,17.78,18.340000000000003,0
1786849381.3523839,R,-0.49166,-0.252784,0.981124,-26.880000000000003,159.95000000000002,-20.720000000000002,0
1786849381.3533838,R,-0.509716,-0.29646,1.015284,-34.09,136.5,-40.81,0
1786849381.354485,L,-0.26839999999999997,0.006588,-0.679296,-62.300000000000004,72.87,8.82,0
1786849381.3667412,R,-0.506788,-0.253516,1.0365119999999999,-37.660000000000004,93.52000000000001,-61.74000000000001,0
1786849381.3697393,L,-0.249856,0.060268,-0.635864,-40.67,69.09,-0.8400000000000001,0
1786849381.3817556,R,-0.454084,-0.185928,0.984784,-13.930000000000001,-1.4700000000000002,-57.260000000000005,0
1786849381.3842652,L,-0.16958,0.077836,-0.59292,-25.55,83.58000000000001,-6.86,0
1786849381.3967972,R,-0.415776,-0.223748,0.99674,14.840000000000002,-80.78,-29.750000000000004,0
1786849381.399793,L,-0.044164,0.09174399999999999,-0.569252,-24.220000000000002,100.31000000000002,-6.16,0
1786849381.4143157,L,0.110288,0.08052,-0.625616,-24.78,153.86,-24.290000000000003,0
1786849381.4268415,R,-0.33061999999999997,-0.262544,1.003328,14.980000000000002,-142.87,-24.92,0
1786849381.4278407,R,-0.17324,-0.30988,0.94794,0.56,-152.32000000000002,-41.510000000000005,0
1786849381.4298403,L,0.19763999999999998,0.032695999999999996,-0.630496,-17.5,182.84,-27.790000000000003,0
1786849381.4418578,R,-0.08174,-0.22569999999999998,0.86498,-21.910000000000004,-145.32000000000002,-60.900000000000006,0
1786849381.4443667,L,0.33061999999999997,0.034648,-0.49458799999999997,-33.6,221.76000000000002,-9.520000000000001,0
1786849381.459449,L,0.551684,0.222528,-0.331352,-29.330000000000002,215.18,4.760000000000001,0
1786849381.4733417,R,0.0183,-0.224724,0.8361879999999999,-12.530000000000001,-141.05,-69.44000000000001,0
1786849381.4743462,L,0.739076,0.272304,-0.172508,1.4700000000000002,171.43,-27.51,0
1786849381.4868727,R,0.114436,-0.220332,0.837652,7.630000000000001,-161.77,-73.57000000000001,0
1786849381.489873,L,0.894016,0.29158,-0.34648,19.53,142.03,-57.68000000000001,0
1786849381.5018895,R,0.312564,-0.162504,0.7564,7.490000000000001,-210.42000000000002,-58.800000000000004,0
1786849381.504398,L,0.970876,0.23424,-0.421388,9.24,171.29000000000002,-44.940000000000005,0
1786849381.5169194,R,0.392108,-0.041968,0.668072,16.310000000000002,-285.81,-48.650000000000006,0
1786849381.5179193,R,0.545096,-0.06831999999999999,0.593164,19.250000000000004,-334.32000000000005,-16.240000000000002,0
1786849381.5199203,L,1.118008,0.22569999999999998,-0.4392,-8.82,210.35000000000002,-13.790000000000001,0
1786849381.531935,R,0.80276,0.012931999999999999,0.46677199999999996,22.470000000000002,-340.20000000000005,8.47,0
1786849381.5334384,R,0.999912,0.065148,0.303048,17.990000000000002,-307.16,15.120000000000001,0
1786849381.534443,L,1.509628,0.272792,-0.18348799999999998,-9.520000000000001,217.70000000000002,27.650000000000002,0
1786849381.5469673,R,1.4259359999999999,0.055144,0.0305,-20.860000000000003,-250.11,9.450000000000001,0
1786849381.5479715,R,1.720932,0.124196,-0.257176,-69.79,-219.45000000000002,-8.05,0
1786849381.5489705,L,1.882704,0.281576,0.052704,-1.4700000000000002,149.73000000000002,16.240000000000002,0
1786849381.561836,R,1.982744,0.266936,-0.37990799999999997,-38.150000000000006,-193.83,-29.610000000000003,0
1786849381.5643442,L,2.038132,0.319396,-0.008539999999999999,8.05,21.770000000000003,-33.53,0
1786849381.5768695,R,1.8463479999999999,0.203984,-0.41358,22.540000000000003,-135.87,-2.9400000000000004,0
1786849381.5798702,L,1.930528,0.299876,-0.32452,9.170000000000002,-44.870000000000005,-37.45,0
1786849381.5918832,R,1.6836,0.090768,-0.24156,65.31,-63.84,41.440000000000005,0
1786849381.594391,L,1.564772,0.17812,-0.6095119999999999,4.130000000000001,-38.290000000000006,-5.670000000000001,0
1786849381.6069133,R,1.438868,0.080764,0.029768,84.28,20.23,40.6,0
1786849381.6099133,L,1.326628,0.083936,-0.552172,1.61,-28.560000000000002,19.6,0
1786849381.6219265,R,1.311012,0.10614,0.186904,58.660000000000004,111.65,28.560000000000002,0
1786849381.6244342,L,1.397876,0.044896,-0.520208,0.0,-48.790000000000006,9.100000000000001,0
1786849381.6379602,R,1.3054,0.136152,0.324276,28.630000000000003,138.95000000000002,17.430000000000003,0
1786849381.6389608,L,1.336876,0.05002,-0.507276,4.2,-81.62,-1.33,0
1786849381.654485,L,1.290028,0.086376,-0.539728,2.45,-118.30000000000001,-15.260000000000002,0
1786849381.6666021,R,1.2627,0.135176,0.376736,14.490000000000002,125.30000000000001,26.110000000000003,0
1786849381.6696036,L,1.111908,0.130052,-0.623176,-4.2700000000000005,-130.06,-9.520000000000001,0
1786849381.6816163,R,1.15778,0.064416,0.470432,21.700000000000003,103.67000000000002,48.370000000000005,0
1786849381.6831198,R,1.012844,-0.044407999999999996,0.560956,52.080000000000005,141.4,51.52,0
1786849381.684124,L,1.030656,0.083692,-0.760548,2.8000000000000003,-122.64000000000001,18.270000000000003,0
1786849381.6996434,L,0.967216,-0.053436,-0.745176,4.340000000000001,-107.59,36.260000000000005,0
1786849381.7141614,L,0.883768,-0.17324,-0.758108,10.71,-114.38000000000001,37.03,0
1786849381.729679,L,0.828136,-0.14127599999999998,-0.76982,4.2700000000000005,-133.56,24.01,0
1786849381.741695,R,0.92598,-0.078568,0.7032079999999999,56.35000000000001,200.13000000000002,43.96,0
1786849381.7431972,R,0.782508,-0.013908,0.747372,27.860000000000003,243.11,27.020000000000003,0
1786849381.7442014,L,0.73078,-0.045628,-0.825452,-7.700000000000001,-141.4,19.040000000000003,0
1786849381.7567196,R,0.691496,0.044896,0.865956,10.360000000000001,233.94000000000003,6.790000000000001,0
1786849381.7577195,R,0.5602239999999999,0.029036,0.88328,-3.6400000000000006,204.47000000000003,4.48,0
1786849381.7597642,L,0.7056479999999999,0.100284,-0.84302,-9.66,-146.44000000000003,19.880000000000003,0
1786849381.77178,R,0.542656,-0.012444,1.008696,-9.38,176.26000000000002,22.540000000000003,0
1786849381.773283,R,0.508008,-0.091988,0.9916159999999999,-15.47,172.27,38.010000000000005,0
1786849381.7742875,L,0.6414759999999999,0.156648,-0.886452,0.14,-151.20000000000002,23.03,0
1786849381.7868068,R,0.42675599999999997,-0.077836,1.01504,-19.250000000000004,177.24,56.980000000000004,0
1786849381.789806,L,0.549976,0.070516,-0.956236,18.55,-147.70000000000002,33.25,0
1786849381.8018193,R,0.294752,-0.052704,1.051884,-9.100000000000001,189.49,71.82000000000001,0
1786849381.804327,L,0.373808,-0.079544,-0.968436,24.430000000000003,-135.73000000000002,43.68000000000001,0
1786849381.8168461,R,0.12395199999999999,-0.051972,1.103856,-5.180000000000001,170.87,71.61000000000001,0
1786849381.8198454,L,0.299388,-0.1281,-0.897676,16.66,-130.83,38.36000000000001,0
1786849381.8333633,R,0.075884,-0.098576,1.115812,-17.5,127.4,52.64000000000001,0
1786849381.835871,L,0.35770399999999997,-0.050996,-0.8662,0.42000000000000004,-139.65,12.88,0
1786849381.8468864,R,0.021471999999999998,-0.131272,1.108248,-21.42,85.54,40.88,0
1786849381.8499255,L,0.262788,0.03172,-0.915244,2.1700000000000004,-154.84,-10.920000000000002,0
1786849381.8654995,L,0.108092,0.061975999999999996,-0.987468,14.490000000000002,-142.52,-9.8,0
1786849381.8775268,R,-0.024156,-0.120536,1.0796999999999999,-13.23,73.22000000000001,52.010000000000005,0
1786849381.8940468,L,-0.060511999999999996,-0.034404,-0.9669719999999999,28.28,-112.56000000000002,1.8200000000000003,0
1786849381.895551,L,-0.139812,-0.16713999999999998,-0.881084,28.35,-83.44000000000001,7.210000000000001,0
1786849381.9095697,L,-0.097844,-0.18056,-0.81984,13.440000000000001,-56.00000000000001,10.22,0
1786849381.9240909,L,-0.078324,-0.12224399999999999,-0.782752,0.9100000000000001,-30.1,9.450000000000001,0
1786849381.951626,R,-0.09759999999999999,-0.10931199999999999,1.05774,-19.810000000000002,80.36000000000001,74.76,0
1786849381.9541316,L,-0.049044,-0.025863999999999998,-0.782508,3.43,-17.5,7.700000000000001,0
1786849381.9556353,L,-0.163724,-0.04636,-0.85888,9.450000000000001,-2.5200000000000005,0.9100000000000001,0
1786849381.9676642,R,-0.17763199999999998,-0.147376,1.033584,-37.17,82.53,80.78,0
1786849381.9696648,L,-0.34648,-0.135664,-0.902068,19.67,15.400000000000002,4.41,0
1786849381.981679,R,-0.254736,-0.203008,1.02358,-46.410000000000004,73.22000000000001,69.51,0
1786849381.9967058,R,-0.242536,-0.288652,0.99796,-42.56,61.11000000000001,42.84,0
1786849381.9977052,R,-0.223504,-0.333304,0.959164,-44.17,49.28,9.940000000000001,0
1786849381.9997058,L,-0.177876,-0.15494,-0.887428,10.64,46.620000000000005,18.41,0
1786849382.0007057,L,-0.16128399999999998,-0.14884,-0.789584,-3.2900000000000005,82.60000000000001,33.32,0
1786849382.0142255,L,-0.0075639999999999995,-0.082472,-0.730048,-6.580000000000001,90.86000000000001,25.900000000000002,0
1786849382.0267482,R,-0.217892,-0.338672,0.95648,-33.6,40.88,-14.14,0
1786849382.0297482,L,-0.071492,-0.021471999999999998,-0.800808,1.33,96.53000000000002,19.6,0
1786849382.0433795,R,-0.190076,-0.307684,0.948916,-20.580000000000002,33.88,-22.96,0
1786849382.044383,L,0.162992,0.049532,-0.796416,13.370000000000001,97.58000000000001,16.380000000000003,0
1786849382.0584068,R,-0.268888,-0.253516,0.9520879999999999,-15.47,30.380000000000003,-20.720000000000002,0
1786849382.0594103,L,0.337452,0.068808,-0.844972,12.39,111.02000000000001,16.310000000000002,0
1786849382.074479,L,0.562176,0.020007999999999998,-0.793244,5.670000000000001,117.74000000000001,5.250000000000001,0
1786849382.08951,L,0.684176,-0.028548,-0.7622559999999999,3.5000000000000004,110.39000000000001,-11.13,0
1786849382.1040313,L,0.711504,-0.060268,-0.7807999999999999,-6.65,97.23,-30.03,0
1786849382.11655,R,-0.249612,-0.28792,0.9372039999999999,-23.660000000000004,26.040000000000003,-35.42,0
1786849382.1175518,R,-0.307928,-0.309148,0.94672,-44.45,12.250000000000002,-48.650000000000006,0
1786849382.1195502,L,0.706624,-0.050508,-0.750788,-13.580000000000002,80.99000000000001,-35.980000000000004,0
1786849382.1315649,R,-0.083204,-0.310856,0.960384,-43.190000000000005,-16.380000000000003,-65.03,0
1786849382.133068,R,-0.098332,-0.2745,0.9508679999999999,-20.51,-42.7,-74.27000000000001,0
1786849382.134072,L,0.785924,0.022448,-0.69418,-3.5700000000000003,53.620000000000005,-32.620000000000005,0
1786849382.1465926,R,0.167384,-0.198616,0.917928,5.390000000000001,-66.78,-82.81,0
1786849382.1495924,L,0.861076,0.0034159999999999998,-0.717116,15.750000000000002,26.320000000000004,-30.380000000000003,0
1786849382.164191,L,0.903532,-0.073688,-0.73444,21.000000000000004,20.930000000000003,-21.35,0
1786849382.1797106,L,0.915976,-0.176656,-0.839604,7.5600000000000005,40.46,-11.690000000000001,0
1786849382.1917224,R,0.26596,-0.142008,0.905484,26.390000000000004,-73.71000000000001,-74.9,0
1786849382.193225,R,0.421632,-0.049288,0.8720559999999999,14.14,-80.08000000000001,-59.43000000000001,0
1786849382.1942294,L,0.8620519999999999,-0.199592,-0.777628,-7.000000000000001,33.32,-4.970000000000001,0
1786849382.2067509,R,0.47604399999999997,-0.014152,0.88816,-0.07,-86.38000000000001,-47.18000000000001,0
1786849382.2077518,R,0.51606,-0.048068,0.882304,0.8400000000000001,-93.66000000000001,-44.03,0
1786849382.2097554,L,0.858636,-0.144936,-0.795928,-21.21,28.630000000000003,-2.87,0
1786849382.2217646,R,0.620004,-0.095404,0.840092,9.450000000000001,-110.25000000000001,-43.400000000000006,0
1786849382.2232676,R,0.693936,-0.06831999999999999,0.824476,24.430000000000003,-120.05000000000001,-33.53,0
1786849382.224271,L,0.8337479999999999,-0.098088,-0.814716,-19.32,16.8,1.2600000000000002,0
1786849382.2367914,R,0.734928,-0.05734,0.817156,33.88,-115.64000000000001,-19.110000000000003,0
1786849382.237792,R,0.781044,-0.0053679999999999995,0.788608,21.840000000000003,-98.77000000000001,-5.11,0
1786849382.2397957,L,0.784216,-0.072468,-0.8276479999999999,-13.090000000000002,4.48,3.08,0
1786849382.251807,R,0.74054,-0.019764,0.793488,11.13,-64.4,-1.61,0
1786849382.2533102,R,0.7351719999999999,-0.053191999999999996,0.817156,-11.48,-32.620000000000005,-12.81,0
1786849382.254314,L,0.743468,-0.068808,-0.842532,-12.88,-0.8400000000000001,4.62,0
1786849382.2668502,R,0.710772,-0.099308,0.8325279999999999,-14.280000000000001,-6.86,-22.330000000000002,0
1786849382.2678506,R,0.665876,-0.08881599999999999,0.869128,-4.48,3.7800000000000002,-20.930000000000003,0
1786849382.269851,L,0.733708,-0.042943999999999996,-0.848876,-15.610000000000001,-2.3800000000000003,7.840000000000001,0
1786849382.281867,R,0.621956,-0.101016,0.901336,-4.69,7.280000000000001,-17.430000000000003,0
1786849382.28337,R,0.565836,-0.09028,0.94794,-22.610000000000003,10.010000000000002,-10.22,0
1786849382.2843738,L,0.705892,-0.034892,-0.865712,-14.63,-5.32,7.3500000000000005,0
1786849382.2968926,R,0.5416799999999999,-0.08174,0.9581879999999999,-40.39,10.780000000000001,2.8000000000000003,0
1786849382.2998917,L,0.660264,-0.033916,-0.868396,-11.620000000000001,-9.590000000000002,4.340000000000001,0
1786849382.3119056,R,0.5194759999999999,-0.105164,0.962092,-50.120000000000005,10.010000000000002,14.070000000000002,0
1786849382.3134086,R,0.5182559999999999,-0.151524,0.936716,-49.49,8.540000000000001,14.63,0
1786849382.3144128,L,0.639768,-0.017568,-0.847656,-12.32,-12.950000000000001,2.9400000000000004,0
1786849382.3279364,R,0.511424,-0.23033599999999999,0.916464,-42.980000000000004,10.71,7.420000000000001,0
1786849382.329936,L,0.6405,0.000488,-0.824476,-9.31,-17.150000000000002,3.0100000000000002,0
1786849382.3419507,R,0.512644,-0.240584,0.896212,-41.86000000000001,14.14,3.9200000000000004,0
1786849382.344459,L,0.6405,0.002196,-0.834724,-3.6400000000000006,-21.840000000000003,0.42000000000000004,0
1786849382.3598442,L,0.617808,-0.023424,-0.850828,-0.6300000000000001,-20.23,1.4700000000000002,0
1786849382.3743668,L,0.591456,-0.040015999999999996,-0.8337479999999999,-2.5900000000000003,-14.21,5.670000000000001,0
1786849382.3898945,L,0.60512,-0.026595999999999998,-0.8091039999999999,-6.090000000000001,-10.920000000000002,10.57,0
1786849382.404416,L,0.605608,-0.015616,-0.802516,-6.44,-10.71,12.110000000000001,0
1786849382.4199417,L,0.648308,-0.00488,-0.7820199999999999,-3.9200000000000004,-13.3,13.3,0
1786849382.433466,R,0.482144,-0.216672,0.913292,-47.25000000000001,19.110000000000003,4.2,0
1786849382.434471,L,0.627812,-0.015616,-0.792268,-5.880000000000001,-15.680000000000001,6.580000000000001,0
1786849382.4469974,R,0.473116,-0.236436,0.916708,-62.790000000000006,23.17,3.9200000000000004,0
1786849382.4489963,L,0.606096,0.0,-0.7881199999999999,-5.53,-22.12,2.66,0
1786849382.4642808,L,0.605852,0.026352,-0.796904,-3.5000000000000004,-27.37,9.38,0
1786849382.4798055,L,0.5673,-0.00244,-0.814228,-3.08,-25.69,12.32,0
1786849382.4958313,L,0.52582,-0.033916,-0.802272,-5.11,-23.8,13.580000000000002,0
1786849382.5078495,R,0.489708,-0.257176,0.877424,-74.06,25.69,4.2700000000000005,0
1786849382.5098486,L,0.576084,-0.020496,-0.7783599999999999,-9.66,-22.610000000000003,9.31,0
1786849382.5218627,R,0.498736,-0.327936,0.828136,-70.0,30.590000000000003,-1.1900000000000002,0
1786849382.524373,L,0.59414,-0.0183,-0.795196,-7.5600000000000005,-26.46,3.99,0
1786849382.5398962,L,0.5699839999999999,-0.031964,-0.815692,-6.510000000000001,-26.6,-1.05,0
1786849382.5519145,R,0.494344,-0.327936,0.802272,-63.49000000000001,39.620000000000005,-10.360000000000001,0
1786849382.5544224,L,0.501176,-0.044407999999999996,-0.835456,-7.700000000000001,-26.040000000000003,-2.7300000000000004,0
1786849382.5679123,R,0.506544,-0.282796,0.835944,-56.21000000000001,47.18000000000001,-18.340000000000003,0
1786849382.5709114,L,0.44164,-0.04392,-0.840092,-13.23,-20.3,-1.8200000000000003,0
1786849382.5989556,L,0.439444,-0.000976,-0.8276479999999999,-15.610000000000001,-14.770000000000001,3.8500000000000005,0
1786849382.6009548,L,0.467748,0.044164,-0.81008,-9.870000000000001,-13.930000000000001,9.100000000000001,0
1786849382.6144762,L,0.476288,0.029768,-0.842532,-4.62,-13.580000000000002,9.8,0
1786849382.626982,R,0.505324,-0.238388,0.8571719999999999,-63.56000000000001,51.17,-20.51,0
1786849382.6299818,L,0.463356,-0.014395999999999999,-0.877668,-4.550000000000001,-7.7700000000000005,6.720000000000001,0
1786849382.6591208,L,0.4697,-0.020984,-0.864004,-9.8,0.35000000000000003,6.930000000000001,0
1786849382.6611247,L,0.44042,-0.012199999999999999,-0.848144,-14.14,4.41,1.8900000000000001,0
1786849382.6741526,L,0.464576,0.029523999999999998,-0.8139839999999999,-15.120000000000001,4.760000000000001,0.7000000000000001,0
1786849382.6866732,R,0.463844,-0.23277599999999998,0.865956,-66.01,47.67,-8.82,0
1786849382.6896734,L,0.48068,0.051727999999999996,-0.807152,-13.090000000000002,4.62,0.77,0
1786849382.704193,L,0.508496,0.062464,-0.796172,-3.3600000000000003,3.6400000000000006,2.31,0
1786849382.716712,R,0.477752,-0.252052,0.861808,-56.21000000000001,34.510000000000005,4.0600000000000005,0
1786849382.7197123,L,0.511424,0.038796,-0.8042239999999999,0.9800000000000001,4.130000000000001,1.8200000000000003,0
1786849382.7332265,R,0.45261999999999997,-0.260104,0.854976,-38.85,28.42,14.21,0
1786849382.7342305,L,0.51728,0.024156,-0.806176,0.28,7.3500000000000005,1.7500000000000002,0
1786849382.750754,L,0.532408,0.03294,-0.81374,-4.41,11.270000000000001,1.8900000000000001,0
1786849382.7643194,L,0.544364,0.030012,-0.80276,-6.370000000000001,12.88,3.08,0
1786849382.7798421,L,0.5551,0.033428,-0.80276,-6.790000000000001,14.420000000000002,4.130000000000001,0
1786849382.7918546,R,0.40382,-0.293532,0.831064,-24.71,32.620000000000005,16.450000000000003,0
1786849382.7943609,L,0.550464,0.027572,-0.8103239999999999,-7.490000000000001,17.64,5.8100000000000005,0
1786849382.8098826,L,0.540704,0.027327999999999998,-0.81008,-7.910000000000001,20.020000000000003,6.44,0
1786849382.8244042,L,0.528016,0.034159999999999996,-0.79544,-8.33,20.37,5.390000000000001,0
1786849382.8369255,R,0.332816,-0.38112799999999997,0.871812,-32.550000000000004,46.690000000000005,-7.700000000000001,0
1786849382.839925,L,0.507764,0.046116,-0.803492,-6.23,17.71,2.24,0
1786849382.8544993,L,0.48531599999999997,0.05246,-0.814716,-3.99,19.040000000000003,2.1,0
1786849382.8698654,L,0.488244,0.049532,-0.817644,-5.53,25.55,4.0600000000000005,0
1786849382.8999028,L,0.486048,0.033428,-0.811056,-4.83,31.780000000000005,3.5700000000000003,0
1786849382.9009035,L,0.48409599999999997,-0.00366,-0.812032,-4.41,36.89,4.0600000000000005,0
1786849382.9144223,L,0.47336,-0.046116,-0.801296,-7.07,42.21,2.87,0
1786849382.929943,L,0.502152,-0.0366,-0.771772,-9.31,43.400000000000006,-1.7500000000000002,0
1786849382.9444625,L,0.559736,0.012688,-0.762012,-9.38,41.510000000000005,-8.05,0
1786849382.9569829,R,0.323544,-0.35282399999999997,0.906704,-39.06,44.730000000000004,-16.450000000000003,0
1786849382.959486,L,0.601704,0.038796,-0.777872,-7.840000000000001,36.540000000000006,-15.05,0
1786849382.9743497,L,0.603168,0.024644,-0.814716,-5.53,34.580000000000005,-20.020000000000003,0
1786849382.98987,L,0.591944,0.00122,-0.8252079999999999,-7.210000000000001,38.36000000000001,-18.200000000000003,0
1786849383.0043948,L,0.52948,-0.00488,-0.7759199999999999,-10.920000000000002,41.650000000000006,-15.330000000000002,0
1786849383.0199144,L,0.659288,0.013908,-0.752252,-10.15,40.11000000000001,-15.610000000000001,0
1786849383.0340838,L,0.7117479999999999,0.012199999999999999,-0.734928,-7.98,31.430000000000003,-15.820000000000002,0
1786849383.046698,R,0.327692,-0.326716,0.9272,-36.75,21.770000000000003,-3.43,0
1786849383.0496976,L,0.7537159999999999,-0.010003999999999999,-0.745176,-11.97,25.55,-21.630000000000003,0
1786849383.0649185,L,0.739076,0.000244,-0.750544,-13.580000000000002,19.740000000000002,-19.740000000000002,0
1786849383.0769837,R,0.31768799999999997,-0.368684,0.904264,-30.380000000000003,5.880000000000001,4.83,0
1786849383.0789838,L,0.706136,0.020984,-0.762012,-16.66,19.46,-17.57,0
1786849383.0919945,R,0.264008,-0.453596,0.833992,-39.690000000000005,13.510000000000002,-12.040000000000001,0
1786849383.0945017,L,0.686372,0.02318,-0.75884,-16.240000000000002,20.580000000000002,-13.930000000000001,0
1786849383.1095302,L,0.670268,0.0305,-0.738588,-15.610000000000001,22.820000000000004,-13.090000000000002,0
1786849383.1248624,L,0.648308,0.021228,-0.721264,-10.780000000000001,20.160000000000004,-11.340000000000002,0
1786849383.1395516,L,0.635132,0.007076,-0.720776,-5.040000000000001,18.69,-9.520000000000001,0
1786849383.1546738,L,0.621956,-0.001464,-0.732976,-5.880000000000001,18.55,-8.05,0
1786849383.1698954,L,0.617564,0.0,-0.743956,-10.430000000000001,25.200000000000003,-7.07,0
1786849383.1846733,L,0.606096,0.037087999999999996,-0.71248,-12.950000000000001,27.930000000000003,-4.9,0
1786849383.199862,L,0.6131719999999999,0.07417599999999999,-0.696132,-12.46,28.700000000000003,-3.3600000000000003,0
1786849383.2139516,L,0.654652,0.075152,-0.712236,-8.540000000000001,27.650000000000002,-2.3800000000000003,0
1786849383.2296627,L,0.716872,0.06466,-0.732244,-6.510000000000001,26.46,-8.89,0
1786849383.2458923,L,0.750056,0.057096,-0.732,-3.9200000000000004,24.220000000000002,-14.21,0
1786849383.2596748,L,0.750544,0.055144,-0.726144,-3.7800000000000002,21.630000000000003,-14.14,0
1786849383.2759142,L,0.709064,0.050996,-0.73688,-6.580000000000001,24.150000000000002,-12.46,0
1786849383.289671,L,0.7381,0.059292,-0.711016,-7.210000000000001,22.610000000000003,-4.0600000000000005,0
1786849383.304783,L,0.76494,0.08174,-0.698328,-3.99,19.950000000000003,0.8400000000000001,0
1786849383.3340201,L,0.767624,0.081496,-0.697352,-1.61,16.87,-2.7300000000000004,0
1786849383.3355536,L,0.763964,0.087596,-0.697596,-0.9100000000000001,13.860000000000001,-6.300000000000001,0
1786849383.349828,L,0.758108,0.075152,-0.695156,-1.12,11.13,-5.880000000000001,0
1786849383.3640277,L,0.743956,0.052948,-0.6871039999999999,-1.8900000000000001,9.590000000000002,-2.3800000000000003,0
1786849383.38161,L,0.726144,0.053436,-0.671976,-4.550000000000001,11.620000000000001,2.31,0
1786849383.394176,L,0.713212,0.077592,-0.647576,-4.340000000000001,12.39,3.7800000000000002,0
1786849383.4097917,L,0.699304,0.09272,-0.644404,-2.87,12.530000000000001,0.0,0
1786849383.439595,L,0.680516,0.100772,-0.637328,-3.0100000000000002,12.950000000000001,-4.0600000000000005,0
1786849383.4405954,L,0.667828,0.106872,-0.610976,-5.880000000000001,15.750000000000002,-8.05,0
1786849383.4698048,L,0.654164,0.097112,-0.591456,-6.090000000000001,19.53,-7.3500000000000005,0
1786849383.4708056,L,0.662948,0.091012,-0.547292,-1.9600000000000002,26.110000000000003,0.28,0
1786849383.481846,R,0.329156,-0.391376,0.860588,-23.240000000000002,-10.57,-13.650000000000002,0
1786849383.4999511,L,0.67588,0.061244,-0.520208,1.1900000000000002,32.480000000000004,8.47,0
1786849383.5009513,L,0.693448,0.057096,-0.499224,0.8400000000000001,37.800000000000004,12.88,0
1786849383.5142379,L,0.706624,0.071736,-0.5124,-3.7100000000000004,44.38,11.9,0
1786849383.5298197,L,0.700036,0.080276,-0.512644,-4.48,51.17,12.670000000000002,0
1786849383.5443687,L,0.696864,0.07002799999999999,-0.49946799999999997,-3.8500000000000005,57.96000000000001,17.92,0
1786849383.5589714,L,0.7015,0.055144,-0.454816,-2.1700000000000004,65.66000000000001,25.270000000000003,0
1786849383.5741775,L,0.723704,0.056364,-0.410164,2.24,71.47000000000001,31.500000000000004,0
1786849383.5897992,L,0.751032,0.087596,-0.40748,7.840000000000001,70.63000000000001,30.03,0
1786849383.6019137,R,0.345748,-0.407968,0.826672,-15.05,-23.660000000000004,-3.0100000000000002,1
1786849383.604419,L,0.774456,0.076616,-0.42675599999999997,12.46,65.94000000000001,21.560000000000002,1
1786849383.6170237,R,0.420168,-0.421388,0.791536,18.41,-27.860000000000003,4.2,1
1786849383.6190226,L,0.80398,0.01098,-0.42309599999999997,21.42,57.540000000000006,19.39,1
1786849383.63262,R,0.39161999999999997,-0.41602,0.8252079999999999,-8.89,-21.700000000000003,0.56,1
1786849383.6341245,L,0.81252,-0.064904,-0.42309599999999997,23.94,55.230000000000004,24.92,1
1786849383.6467304,R,0.375272,-0.424804,0.82472,10.430000000000001,-30.380000000000003,-30.1,1
1786849383.647732,R,0.453352,-0.425292,0.790804,26.6,-68.46000000000001,-34.93000000000001,1
1786849383.6497304,L,0.81862,-0.08418,-0.402844,16.87,64.75,37.870000000000005,1
1786849383.664294,L,0.8357,-0.041724,-0.389668,7.07,76.16000000000001,48.790000000000006,1
1786849383.6796753,L,0.856196,-0.009516,-0.457256,-1.6800000000000002,83.86000000000001,47.18000000000001,1
1786849383.694247,L,0.880352,-0.018056,-0.510692,-2.0300000000000002,87.36000000000001,37.52,1
1786849383.7089996,L,0.892308,-0.03782,-0.516304,2.66,88.69000000000001,24.360000000000003,1
1786849383.722049,R,0.635132,-0.30841599999999997,0.7302919999999999,11.410000000000002,-26.390000000000004,-28.000000000000004,1
1786849383.7230446,R,0.614148,-0.261812,0.754692,13.580000000000002,-9.940000000000001,-20.37,1
1786849383.7245488,L,0.91988,-0.038796,-0.427244,5.180000000000001,80.22000000000001,20.51,1
1786849383.737796,R,0.577792,-0.270596,0.7759199999999999,12.250000000000002,-6.930000000000001,-13.580000000000002,1
1786849383.7397943,L,0.9189039999999999,-0.083936,-0.394304,5.95,85.4,22.12,1
1786849383.7518523,R,0.5856,-0.14884,0.6907639999999999,20.020000000000003,-8.4,-29.26,1
1786849383.754355,L,0.875472,-0.16128399999999998,-0.335988,1.4000000000000001,103.32000000000001,23.450000000000003,1
1786849383.7669184,R,0.656116,-0.0026839999999999998,0.632204,35.49,-14.560000000000002,-59.57000000000001,1
1786849383.767919,R,0.650992,0.011467999999999999,0.671488,44.59,-10.64,-67.27000000000001,1
1786849383.769918,L,0.9594079999999999,-0.191052,-0.317932,-6.16,109.97000000000001,43.68000000000001,1
1786849383.7819777,R,0.622444,0.075152,0.743468,59.290000000000006,-9.100000000000001,-80.08000000000001,1
1786849383.7829778,R,0.596336,0.095404,0.782996,58.17000000000001,-20.44,-77.14,1
1786849383.7844808,L,0.978684,-0.21520799999999998,-0.315248,-16.03,107.66000000000001,48.650000000000006,1
1786849383.7966366,R,0.584136,0.10858,0.809836,52.50000000000001,-25.900000000000002,-72.24000000000001,1
1786849383.7976382,R,0.582184,0.126636,0.786168,34.230000000000004,3.8500000000000005,-95.62,1
1786849383.799637,L,1.059204,-0.17885199999999998,-0.315004,-12.040000000000001,91.63000000000001,49.21000000000001,1
1786849383.8141832,L,1.169248,-0.150792,-0.310368,-17.5,83.51,41.93000000000001,1
1786849383.8298035,L,1.20536,-0.113216,-0.38064,-26.46,72.66000000000001,38.290000000000006,1
1786849383.8443766,L,1.220488,-0.041236,-0.47848399999999996,-36.82,83.23,45.010000000000005,1
1786849383.8570242,R,0.6107319999999999,0.22204,0.787388,31.710000000000004,-4.9,-90.02000000000001,1
1786849383.8590252,L,1.24318,0.004392,-0.461404,-35.910000000000004,95.48,59.92000000000001,1
1786849383.8745916,L,1.4161759999999999,-0.005856,-0.349408,-21.840000000000003,84.98,58.940000000000005,1
1786849383.889677,L,1.528416,-0.027572,-0.3111,-14.700000000000001,54.25000000000001,54.11000000000001,1
1786849383.9042528,L,1.5293919999999999,0.008296,-0.40504,-33.25,40.46,56.00000000000001,1
1786849383.919837,L,1.437404,0.127856,-0.476288,-64.05000000000001,40.46,55.370000000000005,1
1786849383.931898,R,0.697108,0.27327999999999997,0.74664,43.68000000000001,-20.720000000000002,-82.67,1
1786849383.9328983,R,0.733464,0.322812,0.758108,47.81,-43.470000000000006,-86.31,1
1786849383.9344013,L,1.43106,0.21228,-0.416508,-55.230000000000004,-1.4000000000000001,53.970000000000006,1
1786849383.9489915,L,1.403,0.131516,-0.372832,-39.27,-43.190000000000005,41.300000000000004,1
1786849383.9645448,L,1.3786,0.06417199999999999,-0.452864,-33.88,-50.96000000000001,49.77,1
1786849383.9789598,L,1.441064,0.05368,-0.397476,-42.77,-51.52,57.75000000000001,1
1786849383.994506,L,1.486936,0.053191999999999996,-0.33989199999999997,-50.190000000000005,-72.87,55.86000000000001,1
1786849384.0066662,R,0.721996,0.328424,0.757132,48.720000000000006,-56.77,-97.51,1
1786849384.009666,L,1.399828,0.066856,-0.33305999999999997,-47.46000000000001,-92.05000000000001,64.47000000000001,1
1786849384.0242527,L,1.296372,0.043188,-0.295728,-42.07000000000001,-110.39000000000001,78.33000000000001,1
1786849384.0378466,R,0.717604,0.32817999999999997,0.759328,43.470000000000006,-51.31,-99.19000000000001,1
1786849384.0398462,L,1.16632,-0.014884,-0.372344,-37.24,-103.95,80.92,1
1786849384.0518794,R,0.7746999999999999,0.338184,0.795196,39.830000000000005,-37.52,-81.13000000000001,1
1786849384.0543845,L,1.092388,-0.07710399999999999,-0.299876,-39.620000000000005,-117.04,79.87,1
1786849384.0691056,L,0.986248,-0.11712,-0.32086,-42.7,-141.89000000000001,76.37,1
1786849384.0846958,L,0.840092,-0.145912,-0.397964,-52.99,-130.76000000000002,67.48,1
1786849384.099797,L,0.843752,-0.13663999999999998,-0.43846799999999997,-47.25000000000001,-120.33000000000001,73.01,1
1786849384.1143386,L,0.8596119999999999,-0.164456,-0.43724799999999997,-45.010000000000005,-115.29,65.38000000000001,1
1786849384.128978,L,0.854976,-0.187392,-0.46116,-50.68000000000001,-123.55000000000001,54.95,1
1786849384.1445217,L,0.8235,-0.17885199999999998,-0.487512,-51.660000000000004,-129.85000000000002,51.870000000000005,1
1786849384.1597779,L,0.738344,-0.110044,-0.533872,-45.92,-129.92000000000002,62.790000000000006,1
1786849384.1743848,L,0.448716,-0.112484,-0.749324,-33.74,-101.64000000000001,80.64000000000001,1
1786849384.1890073,L,0.475556,-0.092476,-0.7105279999999999,-16.520000000000003,-66.57000000000001,92.12,1
1786849384.2045436,L,0.599996,-0.042943999999999996,-0.682468,-8.540000000000001,-54.25000000000001,87.15,1
1786849384.2196398,L,0.6143919999999999,-0.093696,-0.665632,1.6800000000000002,-61.60000000000001,68.67,1
1786849384.2347028,L,0.5970679999999999,-0.17202,-0.642452,16.8,-75.74000000000001,55.370000000000005,1
1786849384.249919,L,0.553636,-0.25742,-0.654164,22.05,-75.95,54.040000000000006,1
1786849384.2656035,L,0.547536,-0.28255199999999997,-0.64294,13.580000000000002,-70.91000000000001,52.57000000000001,1
1786849384.2791817,L,0.524844,-0.308904,-0.63562,5.6000000000000005,-67.55000000000001,43.330000000000005,1
1786849384.3099294,L,0.528992,-0.32012799999999997,-0.614148,-0.21000000000000002,-60.900000000000006,34.230000000000004,1
1786849384.3109307,L,0.571692,-0.365512,-0.602436,-1.05,-49.84,29.540000000000003,1
1786849384.3244765,L,0.5663239999999999,-0.373564,-0.579988,-0.49000000000000005,-38.71,32.13,1
1786849384.3397002,L,0.557296,-0.357216,-0.55144,2.24,-43.050000000000004,41.09,1
1786849384.3547182,L,0.497516,-0.332816,-0.58682,-8.89,-35.21,37.730000000000004,1
1786849384.369936,L,0.461648,-0.339648,-0.634644,-10.15,-34.510000000000005,37.800000000000004,1
1786849384.384538,L,0.527772,-0.284504,-0.559248,-8.75,-41.02,40.040000000000006,1
1786849384.39993,L,0.56852,-0.28792,-0.58926,-8.190000000000001,-41.09,29.120000000000005,1
1786849384.4144814,L,0.519232,-0.316224,-0.590724,-5.74,-39.34,23.240000000000002,1
1786849384.4297507,L,0.484828,-0.287188,-0.632204,-6.65,-38.010000000000005,21.35,1
1786849384.4444106,L,0.403576,-0.29524,-0.753472,-15.190000000000001,-33.25,11.97,1
1786849384.4747431,L,0.35868,-0.282064,-0.654164,-17.01,-26.180000000000003,10.430000000000001,1
1786849384.4757578,L,0.377224,-0.207888,-0.59536,-24.220000000000002,-20.790000000000003,9.31,1
1786849384.48987,L,0.366244,-0.13176,-0.53558,-28.070000000000004,-15.190000000000001,10.430000000000001,1
1786849384.5044172,L,0.363804,-0.111752,-0.520452,-20.160000000000004,-13.160000000000002,8.89,1
1786849384.5343566,L,0.364048,-0.16226,-0.522404,-5.53,-13.580000000000002,4.41,1
1786849384.5358884,L,0.428952,-0.25498,-0.53558,4.83,-8.89,-0.14,1
1786849384.5499444,L,0.514352,-0.263764,-0.518012,-10.920000000000002,2.0300000000000002,-2.8000000000000003,1
1786849384.579949,L,0.535336,-0.218136,-0.511424,-26.740000000000002,15.680000000000001,-0.21000000000000002,1
1786849384.5809495,L,0.51972,-0.096136,-0.532652,-35.07,34.510000000000005,3.22,1
1786849384.594492,L,0.502884,0.025376,-0.540216,-34.650000000000006,38.57,2.5200000000000005,1
1786849384.6096704,L,0.43602799999999997,0.14518,-0.5958479999999999,-34.510000000000005,28.770000000000003,-15.680000000000001,1
1786849384.6246872,L,0.337696,0.172508,-0.610976,-29.19,21.42,-44.31,1
1786849384.6399875,L,0.226188,0.16226,-0.604876,-22.470000000000002,25.340000000000003,-70.63000000000001,1
1786849384.6545308,L,0.16006399999999998,0.17446,-0.534116,-35.0,43.82000000000001,-92.33000000000001,1
1786849384.669886,L,0.156648,0.30475599999999997,-0.435052,-57.470000000000006,60.760000000000005,-113.05000000000001,1
1786849384.6869686,L,0.132004,0.41724,-0.36722,-63.84,69.51,-137.83,1
1786849384.6990156,L,0.143228,0.553392,-0.330864,-39.2,66.22000000000001,-143.5,1
1786849384.7145615,L,0.189832,0.728096,-0.305,-17.64,66.15,-147.28,1
1786849384.729863,L,0.129076,0.946476,-0.283284,-23.240000000000002,83.72000000000001,-165.20000000000002,1
1786849384.7444043,L,-0.102724,1.032608,-0.252052,-40.74,107.31000000000002,-209.23000000000002,1
1786849384.7589922,L,-0.360388,1.164368,-0.284016,-72.80000000000001,128.66000000000003,-273.98,1
1786849384.7746024,L,-0.58194,1.3644479999999999,-0.24644,-160.86,209.79000000000002,-341.6,1
1786849384.78913,L,-0.35746,2.051796,0.25790799999999997,-248.08,310.45000000000005,-379.33000000000004,1
1786849384.8043408,L,-0.356728,2.5681,0.473848,-169.4,486.43000000000006,-451.71000000000004,1
1786849384.8179674,R,0.84668,0.368928,0.87352,42.77,-13.930000000000001,-77.77000000000001,1
1786849384.819967,L,-0.5734,2.884324,1.12606,-56.77,587.6500000000001,-654.22,1
1786849384.8345191,L,-0.789584,3.702212,2.322636,-66.99000000000001,593.6700000000001,-589.0500000000001,1
1786849384.8487122,L,-0.946964,3.743692,3.221288,-144.55,779.94,-547.47,1
1786849384.8622513,R,0.918172,0.332572,0.9274439999999999,43.540000000000006,-3.99,-67.83000000000001,1
1786849384.8632512,R,1.026264,0.324764,0.957212,37.870000000000005,-8.260000000000002,-60.830000000000005,1
1786849384.8647547,L,-1.452776,3.683668,4.603548,-178.85000000000002,986.7900000000001,-560.98,1
1786849384.8790195,L,-2.040816,4.00526,6.735376,-210.14000000000001,1143.3100000000002,-530.6,1
1786849384.8920677,R,1.067012,0.33794,0.981124,30.17,-5.8100000000000005,-63.56000000000001,1
1786849384.8930676,R,1.177544,0.33305999999999997,0.845704,11.55,-8.680000000000001,-11.97,1
1786849384.8945699,L,-1.934188,4.5689,7.89462,-141.68,1186.0100000000002,-491.33000000000004,1
1786849384.9098437,L,-2.007876,4.024292,7.181164,79.38000000000001,1213.17,-331.31000000000006,1
1786849384.9243977,L,-2.4636679999999997,3.328404,6.98938,90.09,1271.0600000000002,-180.60000000000002,1
1786849384.939001,L,-2.99266,2.6437399999999998,7.421504,117.88000000000001,1098.51,145.81,1
1786849384.9520442,R,1.235616,0.397476,0.825696,32.13,5.32,-44.870000000000005,1
1786849384.9530447,R,1.072868,0.40992,0.763232,47.46000000000001,52.010000000000005,-44.800000000000004,1
1786849384.9545472,L,-2.686196,1.782908,6.9593679999999996,179.97000000000003,1013.0400000000001,313.18,1
1786849384.9669597,R,0.644648,0.13054,0.663436,1.2600000000000002,66.01,-34.86000000000001,1
1786849384.9679637,R,0.604876,0.14005599999999999,0.6636799999999999,13.020000000000001,88.55000000000001,-72.31,1
1786849384.9699597,L,-3.923276,0.994788,6.861768,222.39000000000001,896.2800000000001,293.58000000000004,1
1786849384.9820168,R,-1.163636,-1.8585479999999999,-4.243892,-126.49000000000001,-968.2400000000001,91.28000000000002,1
1786849384.9830163,R,-1.125816,-0.715164,-4.4591,-104.72000000000001,-174.79000000000002,-108.08000000000001,1
1786849384.984519,L,-5.542216,0.844484,6.582876,182.35000000000002,784.6300000000001,207.97000000000003,1
1786849384.9979484,R,-1.499868,-0.179584,-4.584272,-115.92000000000002,-454.72,-225.33,1
1786849384.999947,L,-2.912872,0.562908,7.214348,108.78000000000002,811.3700000000001,316.89000000000004,1
1786849385.0119915,R,-1.801696,1.078236,-5.680076,-194.32000000000002,-1128.96,-311.43,1
1786849385.014494,L,-3.105388,1.153388,7.869,-15.47,868.3500000000001,714.1400000000001,1
1786849385.0267403,R,-3.909856,3.55264,-7.203612,-211.82000000000002,-1908.0600000000002,-244.93000000000004,1
1786849385.0277402,R,-3.8473919999999997,7.9695279999999995,-7.994904,36.61000000000001,406.42,-980.6300000000001,1
1786849385.0297399,L,-1.749236,1.095804,7.433704,-93.03000000000002,768.6700000000001,1042.8600000000001,1
1786849385.0419645,R,-2.49612,7.9951479999999995,-7.994904,711.69,84.28,-1078.5600000000002,1
1786849385.042965,R,-0.842288,7.9951479999999995,-7.480308,847.6300000000001,-203.91000000000003,-1169.2800000000002,1
1786849385.0444677,L,-1.232688,1.0340719999999999,7.762372,101.29,446.11000000000007,985.7400000000001,1
1786849385.0570421,R,-1.131916,7.9951479999999995,-6.88324,622.58,-336.84000000000003,-1041.95,1
1786849385.0590432,L,-1.787056,1.494012,7.9951479999999995,363.23,129.15,613.2700000000001,1
1786849385.072847,R,-1.363716,7.9951479999999995,-6.779052,539.07,-277.55,-959.21,1
1786849385.0743499,L,-1.602836,1.429108,7.771644,497.77000000000004,-103.60000000000001,492.1,1
1786849385.0899322,L,-1.490108,1.45058,7.091616,475.23,-118.79,623.49,1
1786849385.1044726,L,-1.496208,1.09922,6.653392,411.18000000000006,-73.36000000000001,863.7300000000001,1
1786849385.1170514,R,-1.37128,7.748464,-7.0484279999999995,479.99000000000007,-6.580000000000001,-888.2300000000001,1
1786849385.1190531,L,-1.488644,0.724436,6.38182,413.77000000000004,-89.53000000000002,885.08,1
1786849385.1346343,L,-1.354444,0.368928,6.333996,572.46,-279.72,680.2600000000001,1
1786849385.1497285,L,-1.231956,-0.251076,6.0614479999999995,858.0600000000001,-435.61,396.76000000000005,1
1786849385.1643734,L,-0.92842,-0.52948,6.184668,1056.7900000000002,-454.30000000000007,311.64000000000004,1
1786849385.1799605,L,-0.351848,-0.549732,6.7344,1031.73,-302.54,498.05000000000007,1
1786849385.192003,R,-1.96298,7.298528,-6.928136,443.17,406.49000000000007,-954.8700000000001,1
1786849385.1945064,L,-0.7093079999999999,-0.83692,7.272419999999999,767.97,-220.29000000000002,682.36,1
1786849385.2096226,L,-1.372012,-1.64578,6.90398,603.2600000000001,-366.66,656.6,1
1786849385.2241616,L,-1.85562,-2.437316,6.216876,577.5,-543.2700000000001,471.03000000000003,1
1786849385.2397964,L,-2.0547239999999998,-3.013888,5.834528,644.2800000000001,-699.0200000000001,234.64000000000001,1
1786849385.2543402,L,-2.2555359999999998,-3.447476,5.4748719999999995,660.3800000000001,-718.97,203.70000000000002,1
1786849385.2670436,R,-0.735416,7.438828,-6.369864,729.19,542.1500000000001,-888.8600000000001,1
1786849385.2680438,R,-0.921588,7.5884,-5.784752,1008.4200000000001,348.11,-632.45,1
1786849385.2690437,L,-2.592012,-3.776388,4.784352,569.3100000000001,-603.4000000000001,347.83000000000004,1
1786849385.2816126,R,-1.157048,7.4158919999999995,-5.430952,1050.7,87.57000000000001,-399.63000000000005,1
1786849385.2841163,L,-2.8238119999999998,-3.861544,3.977688,373.1,-429.73,472.9200000000001,1
1786849385.299719,L,-2.7816,-4.205584,2.804292,53.760000000000005,-274.96000000000004,349.09000000000003,1
1786849385.314261,L,-2.5293039999999998,-3.865204,1.490352,-145.67000000000002,-226.94000000000003,36.540000000000006,1
1786849385.3298416,L,-2.648864,-2.699128,0.659288,-287.0,-241.43000000000004,-214.34000000000003,1
1786849385.3418975,R,-1.3668879999999999,6.4911319999999995,-5.112776,1004.3600000000001,-70.42,-309.61,1
1786849385.344401,L,-2.943616,-1.690432,-0.182512,-342.58000000000004,-296.1,-353.08000000000004,1
1786849385.359041,L,-3.415024,-1.0401719999999999,-0.996008,-269.5,-342.93,-426.93000000000006,1
1786849385.3741028,L,-3.409412,-0.8174,-1.633336,-134.68,-259.77000000000004,-358.12000000000006,1
1786849385.3897452,L,-2.749148,-0.9225639999999999,-1.800232,-107.17000000000002,40.53,-169.68,1
1786849385.40179,R,-1.521584,5.908948,-5.179144,937.0900000000001,-20.720000000000002,-388.29,1
1786849385.4027903,R,-1.629432,5.653968,-5.2033,920.3600000000001,200.48000000000002,-523.74,1
1786849385.4042945,L,-1.974936,-1.021628,-1.202676,-163.52,356.72,1.8200000000000003,1
1786849385.4198968,L,-1.109712,-1.098488,-0.46726,-182.00000000000003,522.2700000000001,75.46000000000001,1
1786849385.4344432,L,-0.388936,-1.2805119999999999,0.186416,-132.23000000000002,533.8900000000001,10.500000000000002,1
1786849385.449041,L,-0.048556,-1.361764,0.674172,-63.7,430.99000000000007,-128.24,1
1786849385.4620655,R,-1.7782719999999999,5.475604,-5.037624,929.6700000000001,446.32000000000005,-606.2,1
1786849385.4630692,R,-1.799744,5.61932,-4.768736,926.5200000000001,609.1400000000001,-616.2800000000001,1
1786849385.4640694,L,0.105164,-1.219756,0.870104,-58.45,301.00000000000006,-240.03000000000003,1
1786849385.4767578,R,-1.283928,5.806956,-3.576552,885.1500000000001,775.6700000000001,-318.57000000000005,1
1786849385.4777553,R,-2.719624,4.477644,-1.140456,-7.3500000000000005,1130.92,-281.54,1
1786849385.4918118,R,-3.66244,3.92352,-0.604876,-97.72000000000001,825.44,-98.14000000000001,1
1786849385.4928126,R,-3.817868,2.946056,-0.077592,-209.23000000000002,200.55,290.5,1
1786849385.4943156,L,0.176656,-1.056276,0.883524,-124.25000000000001,243.11,-269.29,1
1786849385.4958575,L,0.257176,-0.9755119999999999,0.789584,-180.32000000000002,264.25,-248.43000000000004,1
1786849385.5099044,L,0.310124,-0.9201239999999999,0.7585959999999999,-214.34000000000003,313.04,-216.65000000000003,1
1786849385.5229573,R,-3.116124,1.624552,1.338584,240.73000000000002,-492.80000000000007,408.17,1
1786849385.5244606,L,0.38356799999999996,-0.84546,0.830576,-231.56000000000003,350.84000000000003,-193.27,1
1786849385.537061,R,-1.22244,0.998692,0.774456,-387.8,-252.77,-226.17000000000002,1
1786849385.5390608,L,0.495076,-0.75518,0.9657519999999999,-240.38000000000002,353.64000000000004,-179.55,1
1786849385.5543416,L,0.491172,-0.649284,1.014308,-247.87000000000003,323.96000000000004,-176.68,1
1786849385.5670485,R,-0.413336,0.9423279999999999,-0.33061999999999997,-208.18,-579.5300000000001,-23.310000000000002,1
1786849385.5690491,L,0.373808,-0.5145959999999999,0.962824,-263.41,274.82000000000005,-184.66000000000003,1
1786849385.5843024,L,0.24156,-0.402356,0.832772,-287.49,252.07000000000002,-195.37,1
1786849385.5998874,L,0.132736,-0.340624,0.704916,-308.63000000000005,266.49,-201.04000000000002,1
1786849385.612946,R,-0.348676,0.838384,-0.542656,-208.95000000000002,-628.6,-57.82000000000001,1
1786849385.6144488,L,0.039772,-0.275964,0.67222,-318.71000000000004,304.71000000000004,-198.87000000000003,1
1786849385.6290462,L,-0.0026839999999999998,-0.187148,0.733708,-326.55,357.84000000000003,-202.02,1
1786849385.642669,R,-0.21594,0.935252,-0.836676,-236.74,-675.1500000000001,-94.08000000000001,1
1786849385.6441731,L,0.050508,-0.099308,0.820572,-319.90000000000003,413.14000000000004,-219.8,1
1786849385.6598167,L,-0.058072,0.04026,0.926468,-305.48,422.45000000000005,-240.94000000000003,1
1786849385.6720028,R,0.069296,1.18584,-1.25294,-282.73,-678.72,-98.42000000000002,1
1786849385.674505,L,-0.16469999999999999,0.210572,1.024312,-289.73,400.61,-265.93,1
1786849385.689699,L,-0.095648,0.376492,1.1904759999999999,-259.0,392.42,-309.19000000000005,1
1786849385.702753,R,0.342088,1.335168,-1.6304079999999999,-398.93000000000006,-548.73,-113.82000000000001,1
1786849385.704256,L,-0.038551999999999996,0.478728,1.319552,-228.83,377.51000000000005,-378.91,1
1786849385.71988,L,-0.149816,0.502396,1.34444,-203.98000000000002,320.32000000000005,-434.07000000000005,1
1786849385.7319205,R,0.51972,1.269776,-1.83976,-512.2600000000001,-363.02000000000004,-177.66000000000003,1
1786849385.7329202,R,0.709552,1.224636,-1.950048,-527.94,-281.47,-243.81000000000003,1
1786849385.7344227,L,-0.279868,0.532896,1.2829519999999999,-181.65,250.04000000000002,-469.56000000000006,1
1786849385.747006,R,0.8361879999999999,1.135576,-2.0008,-397.67,-336.63000000000005,-231.07000000000002,1
1786849385.748006,R,0.9213439999999999,0.9989359999999999,-1.98128,-213.43,-495.39000000000004,-127.47000000000001,1
1786849385.7490063,L,-0.397476,0.59414,1.2287839999999999,-160.23000000000002,204.26000000000002,-510.93000000000006,1
1786849385.7620504,R,0.754448,0.910608,-1.885632,-48.720000000000006,-640.9200000000001,-10.780000000000001,1
1786849385.7631338,R,0.644892,0.434808,-1.7746119999999999,-318.43,-202.02,-145.32000000000002,1
1786849385.764134,L,-0.559248,0.7178479999999999,1.22244,-149.52,177.87,-550.0600000000001,1
1786849385.7767496,R,0.649528,0.45994,-1.777784,-288.54,-206.43,-161.91000000000003,1
1786849385.77775,R,0.606828,0.649284,-1.7302039999999999,-186.55,-250.39000000000001,-159.11,1
1786849385.78075,L,-0.7259,0.931348,1.277096,-158.20000000000002,180.46,-565.1800000000001,1
1786849385.7917862,R,0.454816,0.5551,-1.8402479999999999,-11.55,-391.72,-76.86000000000001,1
1786849385.7927866,R,0.414556,0.665876,-1.723128,-149.24,-341.39000000000004,-110.53000000000002,1
1786849385.7942894,L,-0.8805959999999999,1.080188,1.311744,-188.65,220.85000000000002,-554.96,1
1786849385.8069682,R,0.354776,0.74542,-1.945412,-204.05,-332.15000000000003,-131.67000000000002,1
1786849385.807969,R,0.381372,0.884744,-1.931992,-165.41000000000003,-332.99,-113.12,1
1786849385.8099682,L,-1.02602,1.164856,1.3742079999999999,-202.79000000000002,269.36,-523.11,1
1786849385.8220072,R,0.3233,0.9943,-1.86904,-68.04,-362.11,-62.02,1
1786849385.8230066,R,0.184952,0.9176839999999999,-1.7131239999999999,50.120000000000005,-405.3,0.9800000000000001,1
1786849385.82451,L,-1.041636,1.49328,1.606252,-192.08,304.92,-497.14000000000004,1
1786849385.8365731,R,0.10760399999999999,0.792024,-1.6565159999999999,100.38000000000001,-438.34000000000003,74.27000000000001,1
1786849385.8395722,L,-1.103124,1.776564,1.7946199999999999,-170.59,279.93,-483.70000000000005,1
1786849385.8521204,R,0.0034159999999999998,0.737124,-1.571848,83.02000000000001,-473.76000000000005,136.57000000000002,1
1786849385.854121,L,-1.2658719999999999,2.028128,1.872212,-135.03,244.72000000000003,-486.15000000000003,1
1786849385.8668647,R,-0.217404,0.7646959999999999,-1.51768,51.59,-495.6700000000001,169.47000000000003,1
1786849385.8698637,L,-1.05164,2.159644,2.073756,-85.54,289.1,-502.18000000000006,1
1786849385.8829267,R,-0.37990799999999997,0.799588,-1.568432,-5.880000000000001,-489.65000000000003,185.01000000000002,1
1786849385.88443,L,-0.976488,2.246752,2.129632,-29.680000000000003,306.81,-486.29,1
1786849385.8966591,R,-0.438224,0.88084,-1.627724,-103.11000000000001,-478.38000000000005,192.22000000000003,1
1786849385.899658,L,-0.722972,2.24358,2.223328,-7.910000000000001,297.78000000000003,-394.1,1
1786849385.9117017,R,-0.553392,1.007476,-1.6601759999999999,-178.78000000000003,-458.57000000000005,197.19000000000003,1
1786849385.9142056,L,-0.11345999999999999,2.035692,2.351916,0.07,315.77000000000004,-261.52000000000004,1
1786849385.926867,R,-0.73078,1.095072,-1.68238,-222.39000000000001,-432.81000000000006,210.84000000000003,1
1786849385.9298666,L,0.424804,1.78608,2.546872,-7.210000000000001,296.24,-132.86,1
1786849385.941914,R,-0.885964,1.156316,-1.765584,-252.56000000000003,-428.47,233.8,1
1786849385.9444182,L,0.68076,1.3742079999999999,2.4343879999999998,-3.3600000000000003,196.49,-29.750000000000004,1
1786849385.9570112,R,-1.043344,1.1941359999999999,-1.84952,-278.18,-461.02000000000004,259.84000000000003,1
1786849385.9590085,L,0.477752,1.0784799999999999,2.025688,-28.210000000000004,98.84,47.81,1
1786849385.9721324,R,-1.103124,1.22488,-1.892708,-280.56,-497.77000000000004,299.95000000000005,1
1786849385.9741335,L,0.259616,0.955016,1.6972639999999999,-82.04,46.970000000000006,85.61000000000001,1
1786849385.9868665,R,-1.297104,1.308084,-2.01666,-274.47,-514.08,357.28000000000003,1
1786849385.9898646,L,0.20813199999999998,0.931592,1.449116,-107.17000000000002,11.620000000000001,92.12,1
1786849386.001911,R,-1.420324,1.35298,-2.065948,-242.90000000000003,-499.03000000000003,426.65000000000003,1
1786849386.004416,L,0.199104,0.96502,1.199016,-88.76,-49.28,74.34,1
1786849386.016999,R,-1.5567199999999999,1.367376,-2.145004,-190.4,-485.87000000000006,488.25000000000006,1
1786849386.0189974,L,0.180072,1.015528,0.982588,-32.690000000000005,-107.73,29.400000000000002,1
1786849386.032048,R,-1.674572,1.2853919999999999,-2.218936,-156.17000000000002,-480.76000000000005,550.2700000000001,1
1786849386.0355978,L,0.24888,1.1346,0.804712,29.890000000000004,-154.63000000000002,-56.84,1
1786849386.0466897,R,-1.690432,1.153144,-2.318976,-173.25000000000003,-503.86000000000007,607.2500000000001,1
1786849386.049689,L,0.583648,1.613816,0.660508,122.92000000000002,-258.72,-227.15000000000003,1
1786849386.0622602,R,-1.6711559999999999,1.015528,-2.573712,-230.65000000000003,-528.9200000000001,646.0300000000001,1
1786849386.064263,L,0.17177599999999998,1.6328479999999999,0.620248,190.96,-356.72,-350.98,1
1786849386.0768256,R,-1.52378,0.896944,-2.674484,-263.20000000000005,-506.45000000000005,634.62,1
1786849386.0798285,L,0.175192,1.750944,0.30012,170.73000000000002,-369.6,-295.82000000000005,1
1786849386.0918822,R,-1.4274,0.519964,-2.617632,-236.53000000000003,-420.77000000000004,600.0400000000001,1
1786849386.0943856,L,0.133956,1.666764,0.204472,142.45000000000002,-326.41,-217.21,1
1786849386.109978,L,-0.002928,1.579412,0.169824,143.71,-246.89000000000001,-109.13000000000001,0
1786849386.122017,R,-1.204384,0.09028,-2.4034,-158.97000000000003,-314.65000000000003,545.86,0
1786849386.123017,R,-1.007232,-0.174948,-2.136708,-51.03000000000001,-226.24,463.47,0
1786849386.1245193,L,-0.068564,1.373476,0.279624,122.22000000000001,-144.55,-3.1500000000000004,0
1786849386.139632,L,-0.1159,1.189744,0.38308,79.31,-58.03000000000001,82.25000000000001,0
1786849386.1516802,R,-0.937692,-0.32256799999999997,-1.830488,17.92,-163.94000000000003,368.83000000000004,0
1786849386.1541836,L,-0.08174,0.967216,0.513864,34.160000000000004,-1.4000000000000001,145.81,0
1786849386.1670313,R,-0.8227679999999999,-0.39894,-1.628456,33.46,-115.57000000000001,276.5,0
1786849386.1680324,R,-0.70516,-0.446276,-1.4849839999999999,-1.8200000000000003,-75.53,176.4,0
1786849386.1690319,L,-0.048556,0.841312,0.58682,-6.510000000000001,40.6,178.15,0
1786849386.182081,R,-0.589504,-0.482632,-1.388116,-42.84,-44.1,86.94000000000001,0
1786849386.18408,L,-0.02684,0.759572,0.6636799999999999,-36.61000000000001,68.25,195.58,0
1786849386.1996071,L,-0.005856,0.72102,0.7512759999999999,-45.99,70.28,211.89000000000001,0
1786849386.2121313,R,-0.47238399999999997,-0.516792,-1.324432,-47.39000000000001,-23.17,14.420000000000002,0
1786849386.2131317,R,-0.339404,-0.529724,-1.2646519999999999,-32.06,-13.790000000000001,-29.050000000000004,0
1786849386.2141316,L,0.024399999999999998,0.663436,0.776896,-22.750000000000004,47.39000000000001,220.64000000000001,0
1786849386.2266986,R,-0.262056,-0.47360399999999997,-1.218048,-8.89,-9.520000000000001,-58.24000000000001,0
1786849386.229699,L,0.044407999999999996,0.6143919999999999,0.798612,5.53,13.650000000000002,201.11,0
1786849386.2417583,R,-0.227896,-0.39405999999999997,-1.176568,10.500000000000002,-6.44,-84.28,0
1786849386.244262,L,0.062464,0.5453399999999999,0.795196,29.540000000000003,-25.060000000000002,154.49,0
1786849386.2568517,R,-0.172752,-0.342088,-1.130452,27.230000000000004,-11.270000000000001,-107.52000000000001,0
1786849386.259852,L,-0.020496,0.501908,0.782752,34.650000000000006,-60.970000000000006,104.51,0
1786849386.2720895,R,-0.139812,-0.260104,-1.086288,44.1,-20.720000000000002,-125.86000000000001,0
1786849386.2740896,L,-0.023424,0.478972,0.7044279999999999,48.440000000000005,-77.49000000000001,68.04,0
1786849386.2877629,R,-0.09881999999999999,-0.169336,-1.053348,58.800000000000004,-17.92,-149.87,0
1786849386.2897642,L,0.017811999999999998,0.515328,0.62342,70.0,-73.92,47.74,0
1786849386.304307,L,0.12078,0.518012,0.5307,108.01,-62.86000000000001,26.6,0
1786849386.3199306,L,0.063196,0.613416,0.580964,152.95000000000002,-61.46000000000001,27.020000000000003,0
1786849386.3320038,R,-0.066368,-0.09467199999999999,-1.0304119999999999,98.14000000000001,-5.670000000000001,-171.57000000000002,0
1786849386.3345056,L,0.022692,0.734684,0.541192,169.61,-75.74000000000001,39.27,0
1786849386.3479443,R,-0.036844,-0.057828,-0.86986,152.18,-12.81,-193.83,0
1786849386.349447,L,0.052704,0.782752,0.52094,157.64000000000001,-84.07000000000001,42.28,0
1786849386.3625078,R,0.151036,-0.016104,-0.63806,293.44000000000005,-68.74000000000001,-241.43000000000004,0
1786849386.3645113,L,0.083204,0.88816,0.577304,130.41000000000003,-85.82000000000001,35.07,0
1786849386.3770745,R,-0.05002,-0.008296,-0.86254,305.27000000000004,-138.60000000000002,-274.54,0
1786849386.3780746,R,-0.106872,0.290604,-0.822524,106.75000000000001,-140.63000000000002,-253.82000000000002,0
1786849386.3790746,L,0.18812399999999999,1.06262,0.597556,90.44000000000001,-94.43,38.150000000000006,0
1786849386.3915918,R,-0.168116,0.36453599999999997,-1.152656,56.980000000000004,-142.59,-195.65,0
1786849386.3940969,L,0.28304,1.069452,0.497516,54.95,-91.42,53.690000000000005,0
1786849386.4067295,R,-0.205936,0.35770399999999997,-1.02846,27.650000000000002,-91.07000000000001,-155.33,0
1786849386.4077299,R,-0.11345999999999999,0.40138,-0.976488,82.74000000000001,-53.13,-138.60000000000002,0
1786849386.409729,L,0.264496,0.9840519999999999,0.304024,69.79,-53.830000000000005,59.290000000000006,0
1786849386.4217675,R,-0.07124799999999999,0.367952,-0.9335439999999999,82.81,-43.68000000000001,-137.55,0
1786849386.4242723,L,0.23619199999999999,0.9606279999999999,0.299632,77.21000000000001,-53.830000000000005,65.59,0
1786849386.4368665,R,-0.008052,0.29670399999999997,-0.844484,102.55000000000001,-37.45,-154.07000000000002,0
1786849386.4398656,L,0.26839999999999997,0.9940559999999999,0.349652,75.67,-78.82000000000001,68.18,0
1786849386.4519114,R,-0.17934,0.31232,-0.903288,63.63,-68.11,-195.3,0
1786849386.4544172,L,0.33305999999999997,1.042124,0.390156,78.33000000000001,-104.51,61.53000000000001,0
1786849386.467106,R,-0.267668,0.457988,-0.945012,35.910000000000004,-77.56,-192.36,0
1786849386.4691055,L,0.30744,1.016016,0.334768,80.71000000000001,-102.2,72.59,0
1786849386.4816236,R,-0.262788,0.385764,-1.054568,5.670000000000001,-63.7,-179.48000000000002,0
1786849386.484127,L,0.340624,0.98088,0.339648,84.28,-90.16000000000001,105.28000000000002,0
1786849386.4997075,L,0.28914,0.92354,0.35526399999999997,80.43,-53.06,135.03,0
1786849386.5117693,R,-0.262056,0.449692,-1.006744,11.9,-40.39,-204.54000000000002,0
1786849386.5127714,R,-0.22936,0.594872,-0.9694119999999999,35.77,-45.150000000000006,-207.34000000000003,0
1786849386.5142746,L,0.2867,0.845948,0.333548,82.46000000000001,-46.970000000000006,134.33,0
1786849386.5268633,R,-0.272792,0.6832,-1.094584,47.11000000000001,-47.88,-186.27,0
1786849386.5298626,L,0.222772,0.717116,0.340624,52.36000000000001,-42.00000000000001,131.32000000000002,0
1786849386.5419052,R,-0.289384,0.698572,-1.123864,53.27,-30.03,-165.41000000000003,0
1786849386.5444086,L,0.172264,0.620248,0.303292,37.52,-33.6,110.88000000000001,0
1786849386.5570412,R,-0.299144,0.742248,-1.155584,52.85000000000001,-2.45,-150.78,0
1786849386.5590386,L,0.17202,0.653432,0.274012,26.320000000000004,-19.040000000000003,96.11000000000001,0
1786849386.572558,R,-0.24326799999999998,0.72468,-1.157536,58.24000000000001,19.32,-156.24,0
1786849386.5740614,L,0.210572,0.68442,0.418216,19.32,11.06,106.96000000000001,0
1786849386.5869086,R,-0.24790399999999999,0.748104,-1.126792,42.14,35.84,-171.85000000000002,0
1786849386.589908,L,0.17299599999999998,0.629276,0.393816,38.010000000000005,46.13,105.49000000000001,0
1786849386.6022034,R,-0.23668,0.767624,-1.132892,11.97,52.36000000000001,-177.94000000000003,0
1786849386.604204,L,0.269132,0.644892,0.38234799999999997,51.660000000000004,53.830000000000005,81.83000000000001,0
1786849386.6169436,R,-0.27327999999999997,0.810568,-1.121424,-1.54,72.94000000000001,-176.75000000000003,0
1786849386.6199434,L,0.236924,0.601948,0.41260399999999997,50.61000000000001,29.470000000000002,68.74000000000001,0
1786849386.6319895,R,-0.315492,0.811056,-1.076772,-0.56,88.97000000000001,-159.46,0
1786849386.6344926,L,0.14713199999999999,0.6636799999999999,0.445544,28.910000000000004,1.1900000000000002,59.92000000000001,0
1786849386.646706,R,-0.3416,0.7893399999999999,-1.0340719999999999,18.270000000000003,89.88000000000001,-135.38000000000002,0
1786849386.6497061,L,0.19276,0.73688,0.60634,8.120000000000001,1.8200000000000003,70.42,0
1786849386.6617658,R,-0.34282,0.778116,-1.01992,34.720000000000006,86.87,-127.4,0
1786849386.6643128,L,0.410408,0.84546,0.57828,15.680000000000001,22.330000000000002,66.78,0
1786849386.676895,R,-0.295972,0.7759199999999999,-1.020896,30.1,88.55000000000001,-146.02,0
1786849386.6798954,L,0.447008,0.769332,0.57828,9.170000000000002,27.300000000000004,38.92,0
1786849386.6919405,R,-0.319884,0.713944,-0.980148,37.870000000000005,92.68,-159.46,0
1786849386.694443,L,0.345016,0.718092,0.616344,25.060000000000002,23.450000000000003,15.96,0
1786849386.7070272,R,-0.21716,0.823256,-0.9211,79.52000000000001,76.09,-172.34,0
1786849386.7090273,L,0.444324,0.641232,0.8276479999999999,47.81,25.130000000000003,7.07,0
1786849386.7221098,R,-0.204472,0.857904,-0.901092,138.11,39.480000000000004,-196.56000000000003,0
1786849386.7241092,L,0.633912,0.675392,0.419436,105.07000000000001,54.18000000000001,5.250000000000001,0
1786849386.7366874,R,-0.186416,0.8830359999999999,-0.914268,206.71,3.9200000000000004,-208.95000000000002,0
1786849386.7396872,L,0.433588,0.656116,0.281088,16.03,53.13,1.54,0
1786849386.7517343,R,-0.285236,0.824476,-0.9699,235.76000000000002,-30.1,-204.68,0
1786849386.7542367,L,0.471408,0.618296,0.494344,-4.62,38.50000000000001,10.22,0
1786849386.7669485,R,-0.389912,0.778604,-1.118984,202.37000000000003,-22.470000000000002,-175.21,0
1786849386.769949,L,0.556564,0.714432,0.570472,13.790000000000001,24.430000000000003,16.520000000000003,0
1786849386.7819958,R,-0.615124,0.761524,-1.570872,51.940000000000005,33.39,-190.75000000000003,0
1786849386.7844992,L,0.5158159999999999,0.745908,0.551928,18.48,4.130000000000001,8.05,0
1786849386.7965674,R,-0.570228,0.7259,-0.970876,-62.790000000000006,104.37,-121.73000000000002,0
1786849386.799568,L,0.367952,0.746884,0.5194759999999999,13.23,14.14,-4.130000000000001,0
1786849386.8116052,R,-0.510204,0.804468,-0.98698,-37.45,111.16000000000001,-85.26,0
1786849386.8141067,L,0.394792,0.69662,0.314028,16.59,28.210000000000004,-11.410000000000002,0
1786849386.826713,R,-0.497272,0.74786,-1.083604,-50.75000000000001,59.85000000000001,-58.52,0
1786849386.8297136,L,-0.37454,0.95282,0.00488,-128.45000000000002,214.83,127.05000000000001,0
1786849386.8417628,R,-0.527772,0.582428,-0.905484,-36.68000000000001,4.41,-38.50000000000001,0
1786849386.844265,L,0.15494,0.583404,0.171532,-409.22,245.21000000000004,124.18,0
1786849386.8569055,R,-0.542412,0.52704,-0.877424,-17.220000000000002,-26.740000000000002,0.6300000000000001,0
1786849386.859907,L,0.656604,0.278648,0.931836,-430.08000000000004,271.18,19.46,0
1786849386.8719869,R,-0.558516,0.526796,-0.773236,13.580000000000002,-9.030000000000001,34.300000000000004,0
1786849386.8744898,L,1.387872,-0.12395199999999999,1.335168,-412.09000000000003,128.45000000000002,39.2,0
1786849386.88705,R,-0.47458,0.559492,-0.814716,35.0,5.880000000000001,36.540000000000006,0
1786849386.8890505,L,0.9237839999999999,-0.075396,1.639924,-243.11,0.07,74.27000000000001,0
1786849386.9016006,R,-0.461648,0.544608,-0.76494,14.700000000000001,-3.7800000000000002,16.03,0
1786849386.9041038,L,1.11264,-0.055632,0.820084,-75.95,-86.52000000000001,84.77000000000001,0
1786849386.919712,L,1.049932,0.373808,0.192516,103.32000000000001,-76.37,155.19000000000003,0
1786849386.931764,R,-0.495076,0.49898,-0.676612,-3.99,-6.300000000000001,2.31,0
1786849386.9327636,R,-0.485804,0.499712,-0.627324,-24.500000000000004,3.7800000000000002,-14.21,0
1786849386.9342668,L,0.808616,0.661484,-0.166408,155.12,6.86,188.44000000000003,0
1786849386.9468842,R,-0.46604,0.487268,-0.631472,-36.75,7.000000000000001,-38.36000000000001,0
1786849386.9498842,L,0.359412,0.711992,0.49263599999999996,14.63,95.13000000000001,174.58,0
1786849386.9619339,R,-0.47824,0.445544,-0.676612,-46.830000000000005,-9.030000000000001,-51.730000000000004,0
1786849386.9647105,L,0.183,0.210084,1.059448,42.35,63.77,126.42000000000002,0
1786849386.9790454,L,0.355752,-0.027084,1.1782759999999999,26.880000000000003,22.820000000000004,56.77,0
1786849386.9920547,R,-0.418948,0.43041599999999997,-0.665876,-51.800000000000004,-40.32000000000001,-50.260000000000005,0
1786849386.9930549,R,-0.3538,0.389912,-0.65514,-41.580000000000005,-71.26,-28.630000000000003,0
1786849386.995537,L,0.590724,0.078812,1.133624,-0.28,-65.59,-1.7500000000000002,0
1786849387.00658,R,-0.2562,0.335012,-0.6895439999999999,-28.560000000000002,-85.75000000000001,-5.11,0
1786849387.0095801,L,0.781044,0.49288,0.484828,-2.1700000000000004,-73.22000000000001,-18.76,0
1786849387.0216212,R,-0.212524,0.281576,-0.633424,-10.780000000000001,-86.45,7.280000000000001,0
1786849387.0241268,L,0.80764,0.676612,0.35868,-8.75,-48.160000000000004,14.280000000000001,0
1786849387.0366817,R,-0.192272,0.23155599999999998,-0.61122,0.6300000000000001,-73.36000000000001,8.190000000000001,0
1786849387.039681,L,0.7512759999999999,0.47726399999999997,0.319396,-13.23,-5.6000000000000005,54.46000000000001,0
1786849387.0517266,R,-0.141764,0.219356,-0.655872,-6.300000000000001,-59.36000000000001,-8.47,0
1786849387.05423,L,0.736636,0.301828,0.6365959999999999,6.510000000000001,30.17,45.43000000000001,0
1786849387.0668492,R,-0.081984,0.250832,-0.725412,-25.76,-50.89000000000001,-39.900000000000006,0
1786849387.0698488,L,0.7424919999999999,0.355752,0.826916,13.650000000000002,11.340000000000002,23.94,0
1786849387.0818944,R,-0.057583999999999996,0.256444,-0.778604,-47.32000000000001,-51.730000000000004,-76.44000000000001,0
1786849387.084398,L,0.737124,0.496784,0.6895439999999999,15.260000000000002,-12.950000000000001,11.760000000000002,0
1786849387.0970156,R,-0.031964,0.27205999999999997,-0.8288679999999999,-65.45,-47.25000000000001,-97.16000000000001,0
1786849387.0990155,L,0.720776,0.60146,0.587552,24.570000000000004,-7.7700000000000005,17.290000000000003,0
1786849387.11206,R,-0.021716,0.299876,-0.8793759999999999,-63.35000000000001,-23.240000000000002,-93.73,0
1786849387.114061,L,0.678808,0.5909679999999999,0.7080879999999999,23.17,-10.64,25.55,0
1786849387.1267247,R,-0.037332,0.29036,-0.865712,-41.370000000000005,5.250000000000001,-64.12,0
1786849387.1297247,L,0.774212,0.49019599999999997,0.6954,7.700000000000001,-40.95,14.910000000000002,0
1786849387.1417675,R,-0.042212,0.255468,-0.8252079999999999,-19.880000000000003,18.900000000000002,-16.66,0
1786849387.1442714,L,0.867908,0.475312,0.459696,-12.81,-66.5,7.5600000000000005,0
1786849387.1568692,R,-0.046116,0.20935199999999998,-0.773968,-10.290000000000001,20.51,22.96,0
1786849387.1598678,L,0.8103239999999999,0.371124,0.271816,-6.720000000000001,-52.85000000000001,8.05,0
1786849387.1719606,R,-0.05978,0.155916,-0.758352,-2.87,30.1,36.96,0
1786849387.1744645,L,0.843752,0.371856,0.23399599999999998,7.210000000000001,-16.59,16.240000000000002,0
1786849387.1880434,R,-0.056119999999999996,0.093208,-0.754692,-8.33,37.38,31.640000000000004,0
1786849387.1890452,L,0.854488,0.328912,0.427,4.69,-2.8000000000000003,19.040000000000003,0
1786849387.2020836,R,-0.047335999999999996,0.046604,-0.749812,-16.03,44.24,15.610000000000001,0
1786849387.2040827,L,0.771772,0.299876,0.526308,29.19,14.280000000000001,14.350000000000001,0
1786849387.2167766,R,-0.038796,0.012444,-0.734928,-23.310000000000002,52.71000000000001,-2.87,0
1786849387.2197769,L,0.664656,0.42456,0.63684,15.890000000000002,3.8500000000000005,15.05,0
1786849387.2318318,R,-0.065148,-0.014152,-0.755424,-23.730000000000004,57.470000000000006,-15.680000000000001,0
1786849387.2343347,L,0.694912,0.345504,0.72346,26.6,-18.270000000000003,20.580000000000002,0
1786849387.2469397,R,-0.055144,-0.009271999999999999,-0.770064,-19.53,61.11000000000001,-23.1,0
1786849387.24994,L,0.731756,0.317932,0.605608,29.890000000000004,-31.500000000000004,4.340000000000001,0
1786849387.2619865,R,-0.061732,-0.009028,-0.81374,-12.040000000000001,67.9,-28.840000000000003,0
1786849387.2645469,L,0.7080879999999999,0.412116,0.4758,30.240000000000002,-13.790000000000001,0.9100000000000001,0
1786849387.276647,R,-0.063196,-0.023667999999999998,-0.850828,-17.71,77.21000000000001,-35.63,0
1786849387.2796476,L,0.6685599999999999,0.374296,0.566812,25.970000000000002,7.700000000000001,3.7800000000000002,0
1786849387.2916954,R,-0.08174,-0.0305,-0.903776,-31.710000000000004,89.81,-42.910000000000004,0
1786849387.2941985,L,0.690032,0.377712,0.550464,28.840000000000003,14.350000000000001,19.110000000000003,0
1786849387.306793,R,-0.094184,-0.032208,-0.96502,-51.730000000000004,100.45,-51.03000000000001,0
1786849387.3097937,L,0.7327319999999999,0.208376,0.611464,12.530000000000001,3.7100000000000004,17.150000000000002,0
1786849387.3218484,R,-0.088084,-0.008784,-1.0291919999999999,-58.660000000000004,104.72000000000001,-55.300000000000004,0
1786849387.3243513,L,0.79544,0.277916,0.536556,-42.35,-11.620000000000001,-16.73,0
1786849387.3369398,R,-0.093208,0.003172,-1.05896,-65.59,102.62,-49.35,0
1786849387.33994,L,0.631228,0.36941599999999997,0.72346,-43.75000000000001,-21.000000000000004,-32.830000000000005,0
1786849387.3520625,R,-0.102968,0.02562,-1.056276,-54.53000000000001,102.48,-46.27,0
1786849387.354062,L,0.6283,0.516792,0.5651039999999999,-33.67,-20.930000000000003,-16.59,0
1786849387.3666515,R,-0.23058,0.013176,-1.0967799999999999,-26.6,99.12,-30.380000000000003,0
1786849387.3696518,L,0.872788,0.40626,0.454816,-14.560000000000002,-37.800000000000004,-1.54,0
1786849387.3817198,R,-0.238876,-0.015127999999999999,-1.019188,9.940000000000001,102.83000000000001,-21.840000000000003,0
1786849387.3842218,L,0.888404,0.379176,0.300852,-9.73,-43.400000000000006,2.7300000000000004,0
1786849387.3968258,R,-0.363072,-0.056364,-1.006988,41.230000000000004,108.71000000000001,-1.12,0
1786849387.3998265,L,0.8757159999999999,0.460428,0.188368,12.32,-10.920000000000002,13.790000000000001,0
1786849387.4118645,R,-0.274988,-0.054168,-0.96136,55.650000000000006,125.51,-0.35000000000000003,0
1786849387.4143677,L,0.9003599999999999,0.586332,0.327692,6.300000000000001,32.550000000000004,29.26,0
1786849387.4269605,R,-0.227652,-0.044407999999999996,-0.942084,44.730000000000004,129.5,-9.100000000000001,0
1786849387.4299603,L,0.749568,0.724924,0.544608,1.8200000000000003,54.25000000000001,46.900000000000006,0
1786849387.4420018,R,-0.204716,-0.0305,-0.972584,21.490000000000002,123.20000000000002,-20.37,0
1786849387.4445057,L,0.706624,0.464088,0.7117479999999999,2.7300000000000004,31.01,53.410000000000004,0
1786849387.4571836,R,-0.232532,0.007808,-0.943792,21.560000000000002,121.24000000000001,-24.150000000000002,0
1786849387.4591842,L,0.707844,0.300608,0.711504,-3.7100000000000004,25.060000000000002,39.550000000000004,0
1786849387.47173,R,-0.248392,-0.041479999999999996,-1.101172,42.14,126.84000000000002,-23.87,0
1786849387.4742332,L,0.760548,0.205448,0.727364,-0.49000000000000005,18.48,38.220000000000006,0
1786849387.4868245,R,-0.225212,-0.04758,-1.069452,49.35,134.96,-19.740000000000002,0
1786849387.4898252,L,0.73688,0.407968,0.643428,-37.38,9.590000000000002,37.31,0
1786849387.5018642,R,-0.215452,-0.008784,-1.074576,80.92,140.35000000000002,-8.610000000000001,0
1786849387.5043662,L,0.67466,0.532652,0.5133759999999999,-16.1,1.4700000000000002,25.69,0
1786849387.5169687,R,-0.24766,0.003172,-1.046028,106.05000000000001,132.09,9.170000000000002,0
1786849387.5199687,L,0.6919839999999999,0.489952,0.598532,-15.680000000000001,4.0600000000000005,30.380000000000003,0
1786849387.5320241,R,-0.25376,0.01952,-1.010892,106.54,114.66000000000001,28.210000000000004,0
1786849387.534526,L,0.827892,0.277184,0.491172,-10.430000000000001,10.500000000000002,42.28,0
1786849387.546661,R,-0.256444,0.022448,-0.99796,91.35000000000001,89.18,31.150000000000002,0
1786849387.5496602,L,0.780068,0.260104,0.58926,-27.300000000000004,12.81,44.24,0
1786849387.5617018,R,-0.20618,-0.004392,-1.030168,60.06,66.22000000000001,23.310000000000002,0
1786849387.56421,L,0.627812,0.4392,0.646844,-38.220000000000006,19.950000000000003,44.17,0
1786849387.5768719,R,-0.149328,-0.07198,-1.076528,39.13,46.760000000000005,10.71,0
1786849387.579871,L,0.533628,0.457012,0.754204,-33.040000000000006,10.850000000000001,30.800000000000004,0
1786849387.591916,R,-0.144692,-0.090036,-1.25904,25.130000000000003,49.56,8.33,0
1786849387.5944204,L,0.815692,0.041724,0.572668,-31.570000000000004,22.89,26.53,0
1786849387.607063,R,-0.155428,-0.027084,-1.342976,28.700000000000003,88.13000000000001,21.630000000000003,0
1786849387.6090624,L,0.635864,-0.021228,0.661484,-46.690000000000005,32.27,55.09,0
1786849387.6220758,R,-0.068564,0.008784,-1.29198,30.94,73.71000000000001,53.900000000000006,0
1786849387.6240768,L,0.426024,0.17177599999999998,1.00162,-61.81000000000001,26.46,75.46000000000001,0
1786849387.6367118,R,-0.091256,0.038796,-1.231956,42.84,57.89000000000001,66.99000000000001,0
1786849387.6397107,L,0.24156,0.181048,1.29808,-80.85000000000001,-9.24,50.89000000000001,0
1786849387.6517706,R,-0.0732,0.03538,-1.204872,45.290000000000006,59.080000000000005,46.620000000000005,0
1786849387.6542742,L,0.366244,-0.061975999999999996,1.147288,-121.24000000000001,-31.220000000000002,0.6300000000000001,0
1786849387.6669042,R,-0.089304,-0.047092,-1.1895,46.900000000000006,60.550000000000004,32.34,0
1786849387.6699038,L,0.250588,-0.300608,1.019676,-145.39000000000001,-39.900000000000006,-8.540000000000001,0
1786849387.6819456,R,-0.025131999999999998,-0.040992,-1.214876,32.900000000000006,46.34,33.81,0
1786849387.6844501,L,0.349408,-0.24522,0.85888,-141.68,-24.430000000000003,2.31,0
1786849387.6970634,R,0.015127999999999999,0.024644,-1.285636,1.4700000000000002,9.590000000000002,41.02,0
1786849387.699063,L,0.569252,0.055876,0.791536,-156.59,-5.53,-32.690000000000005,0
1786849387.71207,R,0.13541999999999998,0.087108,-1.330288,-21.42,-5.6000000000000005,27.650000000000002,0
1786849387.7140722,L,0.625128,0.35868,0.796172,-188.58,9.31,-57.96000000000001,0
1786849387.726715,R,0.215452,0.163236,-1.278316,-34.02,-17.85,-18.270000000000003,0
1786849387.729715,L,0.8720559999999999,0.3355,0.824476,-167.37,27.090000000000003,-58.660000000000004,0
1786849387.7417748,R,0.18470799999999998,0.225212,-1.316136,-30.240000000000002,-40.81,-52.080000000000005,0
1786849387.7442787,L,1.087996,0.139568,0.5063,-141.26000000000002,39.550000000000004,-37.31,0
1786849387.7568574,R,0.150792,0.28304,-1.284904,-42.56,-43.61000000000001,-49.07000000000001,0
1786849387.7598548,L,1.201944,0.026352,0.30134,-147.63000000000002,18.340000000000003,-27.300000000000004,0
1786849387.7718716,R,0.1037,0.312808,-1.208044,-37.45,-31.500000000000004,-36.120000000000005,0
1786849387.774375,L,0.948672,0.056119999999999996,0.41870399999999997,-140.77,-24.080000000000002,-4.62,0
1786849387.7869616,R,0.11053199999999999,0.366488,-1.15656,14.980000000000002,-23.380000000000003,-5.6000000000000005,0
1786849387.789958,L,0.874252,0.17055599999999999,0.419436,-86.59,-24.78,-17.290000000000003,0
1786849387.8020067,R,0.147376,0.36356,-1.253184,55.650000000000006,-25.200000000000003,37.45,0
1786849387.804509,L,0.844972,0.237168,0.460916,-55.720000000000006,6.790000000000001,-44.31,0
1786849387.8167174,R,0.162016,0.251076,-1.372012,92.68,-43.96,81.83000000000001,0
1786849387.8197129,L,0.80398,0.340136,0.7190679999999999,-22.820000000000004,52.220000000000006,-29.540000000000003,0
1786849387.8317559,R,0.199348,0.134444,-1.50304,112.70000000000002,-91.07000000000001,108.43,0
1786849387.834259,L,0.830576,0.396256,1.03212,7.280000000000001,86.24000000000001,22.12,0
1786849387.846841,R,0.26034799999999997,0.061,-1.453996,120.26,-118.86000000000001,92.26,0
1786849387.8488417,L,0.669536,0.2379,1.251232,7.7700000000000005,85.68,59.71000000000001,0
1786849387.861963,R,0.360876,0.0053679999999999995,-1.3969,123.41000000000001,-106.05000000000001,44.660000000000004,0
1786849387.864469,L,0.657824,0.035136,1.241472,-21.910000000000004,57.260000000000005,46.2,0
1786849387.877083,R,0.398208,-0.02318,-1.30662,112.49000000000001,-67.48,-10.360000000000001,0
1786849387.879084,L,0.531676,-0.265716,1.008452,-55.440000000000005,38.85,23.310000000000002,0
1786849387.8916998,R,0.38917999999999997,0.020496,-1.230248,95.55000000000001,-25.060000000000002,-60.830000000000005,0
1786849387.8942032,L,0.3843,-0.191296,0.6119519999999999,-73.5,15.540000000000001,-28.910000000000004,0
1786849387.9067812,R,0.358192,0.096868,-1.143384,68.25,10.430000000000001,-98.42000000000002,0
1786849387.909781,L,0.292556,-0.298656,0.433832,-87.78000000000002,9.030000000000001,-50.68000000000001,0
1786849387.9218552,R,0.294752,0.16713999999999998,-1.024312,23.730000000000004,39.550000000000004,-126.14000000000001,0
1786849387.924358,L,0.35502,-0.247172,0.40626,-79.10000000000001,19.810000000000002,-69.37,0
1786849387.9369342,R,0.239364,0.203008,-0.896456,-13.160000000000002,69.30000000000001,-134.75,0
1786849387.9399343,L,0.24790399999999999,-0.1586,0.5145959999999999,-43.68000000000001,44.800000000000004,-87.01,0
1786849387.9519813,R,0.210328,0.181048,-0.772016,-49.63,76.86000000000001,-138.60000000000002,0
1786849387.954484,L,0.502152,-0.14005599999999999,0.651236,-2.45,69.44000000000001,-120.96000000000001,0
1786849387.9673042,R,0.197884,0.2013,-0.719312,-66.99000000000001,65.59,-142.52,0
1786849387.969305,L,0.558272,-0.18470799999999998,0.8005639999999999,-1.1900000000000002,77.35000000000001,-130.27,0
1786849387.981876,R,0.178608,0.228628,-0.7259,-75.60000000000001,58.660000000000004,-138.95000000000002,0
1786849387.9843788,L,0.496052,-0.126148,0.8510719999999999,-44.24,66.78,-109.34,0
1786849387.9969807,R,0.168116,0.258884,-0.732,-65.87,60.970000000000006,-139.3,0
1786849387.9999812,L,0.381372,-0.100284,0.908412,-119.70000000000002,48.02,-80.99000000000001,0
1786849388.01202,R,0.09638,0.190808,-0.689788,-28.560000000000002,60.410000000000004,-140.21,0
1786849388.0145226,L,0.325252,-0.24448799999999998,1.093364,-141.61,64.26,-62.720000000000006,0
1786849388.0267196,R,0.160308,0.186172,-0.9201239999999999,-36.82,69.86000000000001,-141.68,0
1786849388.02972,L,0.159088,-0.162992,0.990884,-88.06,111.51,-62.93000000000001,0
1786849388.041734,R,0.139324,0.19032,-0.952332,-18.41,95.69000000000001,-131.32000000000002,0
1786849388.0442383,L,0.456768,-0.047335999999999996,0.711992,-90.09,134.26000000000002,-79.03,0
1786849388.056818,R,0.08003199999999999,0.264496,-0.987224,-2.5900000000000003,89.60000000000001,-98.00000000000001,0
1786849388.059819,L,0.401868,-0.15006,0.762744,-111.79,142.03,-66.64,0
1786849388.071862,R,0.08662,0.19886,-1.033096,-49.63,60.34,-70.14,0
1786849388.0743666,L,0.149084,-0.388204,0.7807999999999999,-110.18,123.13000000000001,-61.74000000000001,0
1786849388.0869398,R,0.127124,0.106872,-0.960872,-66.29,51.17,-41.93000000000001,0
1786849388.0899427,L,0.306708,-0.36478,0.737856,-121.80000000000001,88.69000000000001,-91.00000000000001,0
1786849388.1019838,R,0.12395199999999999,0.155916,-0.98454,-41.580000000000005,49.07000000000001,-11.55,0
1786849388.1044865,L,0.388448,-0.23912,0.818864,-182.98000000000002,25.69,-110.11000000000001,0
1786849388.1170757,R,0.132004,0.13908,-1.017968,-37.03,40.11000000000001,-11.690000000000001,0
1786849388.1190753,L,0.452132,-0.365268,1.149484,-162.96,-21.000000000000004,-100.94000000000001,0
1786849388.1319923,R,0.18934399999999998,0.193736,-0.9569679999999999,-44.660000000000004,45.150000000000006,-15.540000000000001,0
1786849388.1344953,L,0.619516,-0.156404,1.053104,-149.59,108.57000000000001,-16.17,0
1786849388.1471817,R,0.28621199999999997,0.214476,-1.004304,-25.830000000000002,70.42,-1.12,0
1786849388.1491816,L,0.55632,-0.019764,1.056276,-196.35000000000002,198.87000000000003,21.07,0
1786849388.161722,R,0.40333199999999997,0.19178399999999998,-0.9213439999999999,27.580000000000002,70.98,22.400000000000002,0
1786849388.1642253,L,0.508008,-0.040015999999999996,1.051396,-187.25000000000003,185.85000000000002,8.33,0
1786849388.176924,R,0.374296,0.083936,-0.861808,128.59,31.430000000000003,44.59,0
1786849388.1799219,L,0.585356,-0.121756,1.02846,-116.27000000000001,141.05,2.87,0
1786849388.191963,R,0.320616,-0.049532,-0.80032,159.04000000000002,11.06,51.800000000000004,0
1786849388.1944673,L,0.582916,-0.102236,1.029436,-43.190000000000005,95.41000000000001,1.1900000000000002,0
1786849388.2070873,R,0.300608,-0.083204,-0.698328,161.98000000000002,16.59,36.120000000000005,0
1786849388.209087,L,0.5651039999999999,-0.049044,0.958676,19.110000000000003,50.120000000000005,-30.380000000000003,0
1786849388.2216036,R,0.271816,-0.046604,-0.684176,143.36,8.260000000000002,7.420000000000001,0
1786849388.2241087,L,0.603168,-0.035868,0.837164,20.37,25.970000000000002,-34.510000000000005,0
1786849388.236649,R,0.347456,-0.039528,-0.665632,111.72000000000001,9.030000000000001,-12.180000000000001,0
1786849388.2396486,L,0.515328,-0.065636,0.792512,9.450000000000001,11.340000000000002,-14.420000000000002,0
1786849388.2516944,R,0.392108,-0.008052,-0.648796,61.25000000000001,31.080000000000002,-26.740000000000002,0
1786849388.254198,L,0.5367999999999999,-0.122,0.763232,26.810000000000002,17.5,-8.82,0
1786849388.2667022,R,0.41260399999999997,-0.043676,-0.61244,25.410000000000004,47.46000000000001,-53.970000000000006,0
1786849388.2697017,L,0.497272,-0.152012,0.787876,22.96,19.6,-0.49000000000000005,0
1786849388.2817469,R,0.398208,-0.078568,-0.575352,1.6800000000000002,59.64000000000001,-68.74000000000001,0
1786849388.2842515,L,0.45994,-0.14249599999999998,0.896456,6.580000000000001,12.110000000000001,10.010000000000002,0
1786849388.2968588,R,0.387228,-0.061732,-0.594872,1.4700000000000002,40.81,-57.470000000000006,0
1786849388.2998579,L,0.495564,-0.127368,0.9581879999999999,-28.490000000000002,22.05,23.730000000000004,0
1786849388.3119082,R,0.446276,-0.069052,-0.648308,38.290000000000006,5.8100000000000005,-30.590000000000003,0
1786849388.3144133,L,0.479216,-0.090768,0.944036,-65.87,42.63,30.450000000000003,0
1786849388.3270187,R,0.411628,-0.062952,-0.647332,65.17,-20.790000000000003,-11.830000000000002,0
1786849388.3290193,L,0.379176,-0.210084,0.907436,-71.4,34.230000000000004,37.52,0
1786849388.342062,R,0.416752,-0.04636,-0.573888,54.040000000000006,-21.98,-3.5700000000000003,0
1786849388.3440628,L,0.373564,-0.253272,1.011136,-53.2,29.890000000000004,45.010000000000005,0
1786849388.359888,L,0.35160399999999997,-0.232288,0.941108,-48.370000000000005,50.400000000000006,53.13,0
1786849388.3719277,R,0.37454,-0.079544,-0.632448,14.910000000000002,-14.14,-7.3500000000000005,0
1786849388.3729281,R,0.401868,-0.134688,-0.711504,-18.48,-7.140000000000001,-20.580000000000002,0
1786849388.3744307,L,0.333792,-0.280844,0.986004,-32.06,44.730000000000004,61.67000000000001,0
1786849388.3870358,R,0.374052,-0.167872,-0.720532,-38.43000000000001,-1.2600000000000002,-31.85,0
1786849388.3890395,L,0.287188,-0.31232,0.947452,-12.88,29.890000000000004,60.760000000000005,0
1786849388.4020867,R,0.405284,-0.15884399999999999,-0.833992,-47.67,-14.770000000000001,-8.82,0
1786849388.4045887,L,0.295972,-0.312076,0.924516,2.24,28.910000000000004,56.07000000000001,0
1786849388.4166162,R,0.41260399999999997,-0.068808,-0.834724,-10.99,-37.800000000000004,18.200000000000003,0
1786849388.4196165,L,0.314272,-0.258396,0.943304,12.32,33.32,45.010000000000005,0
1786849388.4316587,R,0.355752,-0.000732,-0.859856,3.7800000000000002,-63.7,23.310000000000002,0
1786849388.4341621,L,0.326716,-0.181536,0.947696,38.290000000000006,28.560000000000002,42.35,0
1786849388.4467714,R,0.36697599999999997,-0.12956399999999998,-0.914268,2.3800000000000003,-58.660000000000004,0.28,0
1786849388.449772,L,0.34477199999999997,-0.16104,0.916952,66.29,34.580000000000005,45.85,0
1786849388.4618165,R,0.354776,-0.188856,-0.9211,-27.790000000000003,-27.930000000000003,-37.660000000000004,0
1786849388.464319,L,0.376004,-0.13078399999999998,0.8784,89.46000000000001,51.870000000000005,54.46000000000001,0
1786849388.4768925,R,0.325252,-0.14249599999999998,-0.941352,-48.02,-11.48,-76.51,0
1786849388.4798927,L,0.333304,-0.177876,0.865712,92.33000000000001,54.67,63.7,0
1786849388.4919324,R,0.30744,-0.0068319999999999995,-0.86132,-41.230000000000004,-18.900000000000002,-88.2,0
1786849388.494436,L,0.29670399999999997,-0.167628,0.8418,101.36000000000001,40.6,61.25000000000001,0
1786849388.507023,R,0.436516,0.010248,-0.79544,-42.49,-39.760000000000005,-83.23,0
1786849388.509024,L,0.275964,-0.106628,0.8486319999999999,105.91000000000001,26.46,55.650000000000006,0
1786849388.5221376,R,0.284016,-0.179096,-1.24684,-280.77000000000004,-21.700000000000003,-116.48000000000002,0
1786849388.5246406,L,0.31232,0.049288,0.80398,68.11,21.840000000000003,61.88,0
1786849388.5397475,L,0.274256,-0.033672,0.790804,30.800000000000004,9.31,52.71000000000001,0
1786849388.5517924,R,0.200568,0.00366,-0.31476,-627.2700000000001,55.440000000000005,-264.74,0
1786849388.5527925,R,0.310612,0.121268,-0.648064,-571.62,109.34,-191.73000000000002,0
1786849388.5542955,L,0.251808,-0.102968,0.779336,89.81,-14.490000000000002,67.62,0
1786849388.5668542,R,0.58194,0.48678,-0.640988,-483.14000000000004,67.55000000000001,-168.98000000000002,0
1786849388.5698547,L,0.242292,-0.168848,0.729316,69.51,-0.28,83.51,0
1786849388.581915,R,0.394792,1.246352,-1.289784,-317.24,27.930000000000003,-156.52,0
1786849388.5844178,L,0.06222,-0.09759999999999999,0.747372,59.71000000000001,9.8,88.55000000000001,0
1786849388.5970464,R,0.274744,0.750788,-0.31598,34.720000000000006,-19.950000000000003,-138.53,0
1786849388.599046,L,0.137128,-0.20813199999999998,0.818376,91.49000000000001,50.050000000000004,83.44000000000001,0
1786849388.6120813,R,0.23619199999999999,0.87596,-0.6685599999999999,136.57000000000002,-67.76,-131.18,0
1786849388.614584,L,0.01342,-0.15006,1.02236,43.89000000000001,62.230000000000004,80.99000000000001,0
1786849388.626923,R,0.335744,0.780312,-0.504592,185.29000000000002,-64.75,-131.18,0
1786849388.629924,L,0.116876,-0.310856,1.026508,0.49000000000000005,68.81,83.93,0
1786849388.641963,R,0.242292,0.634888,-0.761768,184.66000000000003,-71.61000000000001,-96.46000000000001,0
1786849388.6444666,L,-0.049044,-0.323056,1.066768,16.59,63.07000000000001,37.940000000000005,0
1786849388.6570468,R,0.288896,0.591212,-0.9821,58.52,-168.21,-82.18,0
1786849388.6590466,L,0.072956,-0.325496,1.160464,79.03,50.68000000000001,57.470000000000006,0
1786849388.67209,R,0.210816,0.47970399999999996,-1.025288,2.9400000000000004,-239.33,-46.06,0
1786849388.6897528,L,0.146644,-0.21228,1.259284,33.46,47.32000000000001,62.230000000000004,0
1786849388.6907523,L,0.071492,-0.263764,1.295884,-50.190000000000005,46.34,30.660000000000004,0
1786849388.7018664,R,-0.009516,0.462624,-1.321748,-174.58,-247.59000000000003,-21.490000000000002,0
1786849388.7028663,R,-0.060756,0.679296,-1.0796999999999999,-207.06000000000003,-224.35000000000002,13.3,0
1786849388.7048657,L,0.056364,-0.350872,1.18462,-21.490000000000002,4.41,7.5600000000000005,0
1786849388.7170572,R,-0.082716,0.846436,-0.829844,-154.28,-159.53,16.240000000000002,0
1786849388.719057,L,0.144204,-0.1769,1.162172,-17.57,8.610000000000001,-18.48,0
1786849388.7320945,R,0.065148,0.870104,-0.5921879999999999,-32.27,-98.7,14.14,0
1786849388.734599,L,0.105408,-0.20227599999999998,1.097756,-69.09,15.330000000000002,-16.380000000000003,0
1786849388.7467833,R,0.23033599999999999,0.681492,-0.7315119999999999,26.320000000000004,-61.11000000000001,-6.510000000000001,0
1786849388.7497828,L,0.109068,-0.311832,1.0309,-50.190000000000005,21.630000000000003,-9.450000000000001,0
1786849388.7618027,R,0.190076,0.548512,-0.710772,9.030000000000001,-39.830000000000005,-23.520000000000003,0
1786849388.7649276,L,0.138348,-0.268156,0.9816119999999999,-22.330000000000002,20.720000000000002,0.28,0
1786849388.776968,R,0.077348,0.576084,-0.630252,22.89,-11.97,-17.85,0
1786849388.7799675,L,0.118828,-0.22204,0.9828319999999999,11.97,22.610000000000003,9.31,0
1786849388.7919996,R,0.012199999999999999,0.621224,-0.660996,51.59,29.960000000000004,-12.32,0
1786849388.7949991,L,0.107116,-0.25254,1.064328,25.340000000000003,16.240000000000002,15.190000000000001,0
1786849388.8071094,R,-0.023424,0.659532,-0.764208,80.15,62.09,-11.270000000000001,0
1786849388.8091092,L,0.05124,-0.218136,1.048712,18.900000000000002,9.590000000000002,12.88,0
1786849388.821671,R,-0.044407999999999996,0.583892,-0.926712,96.60000000000001,61.11000000000001,-4.130000000000001,0
1786849388.8246715,L,0.0305,-0.20984,1.0492,10.360000000000001,0.56,2.9400000000000004,0
1786849388.8370717,R,-0.0183,0.505324,-1.042124,59.290000000000006,28.700000000000003,3.43,0
1786849388.8390718,L,0.020739999999999998,-0.199104,1.05408,6.510000000000001,-11.48,-7.210000000000001,0
1786849388.8521361,R,0.024156,0.525576,-1.01504,12.040000000000001,-8.190000000000001,13.930000000000001,0
1786849388.8546395,L,0.036356,-0.177876,1.0187,2.0300000000000002,-16.59,-13.580000000000002,0
1786849388.8668242,R,0.093696,0.5675439999999999,-0.873032,2.3800000000000003,-25.55,7.000000000000001,0
1786849388.869821,L,0.034892,-0.174948,1.006744,-15.680000000000001,-8.33,-10.430000000000001,0
1786849388.8819041,R,0.04514,0.5551,-0.831064,15.610000000000001,-31.080000000000002,-11.690000000000001,0
1786849388.8849046,L,0.009028,-0.20862,0.970876,-23.380000000000003,-0.14,-4.550000000000001,0
1786849388.8971367,R,-0.041236,0.5885279999999999,-0.797148,35.49,-18.48,-13.930000000000001,0
1786849388.8991358,L,0.024888,-0.210084,1.0187,-25.270000000000003,1.2600000000000002,-4.760000000000001,0
1786849388.9120996,R,-0.035623999999999996,0.5673,-0.8891359999999999,63.49000000000001,0.07,-10.64,0
1786849388.9141002,L,-0.023667999999999998,-0.213744,1.012356,-51.45,9.590000000000002,-9.590000000000002,0
1786849388.926812,R,-0.07564,0.545096,-0.961116,63.21000000000001,-7.910000000000001,-10.57,0
1786849388.9298115,L,-0.037332,-0.26156799999999997,1.005524,-52.85000000000001,12.46,-12.950000000000001,0
1786849388.9418728,R,-0.136152,0.482144,-1.003572,36.540000000000006,-20.3,-7.07,0
1786849388.9448743,L,-0.039528,-0.23058,1.02602,-47.6,17.220000000000002,-14.14,0
1786849388.9569976,R,-0.144936,0.443104,-0.987956,-0.07,-32.27,3.5700000000000003,0
1786849388.9599962,L,-0.057583999999999996,-0.241072,1.055544,-42.84,14.560000000000002,-16.73,0
1786849388.9721522,R,-0.157868,0.408456,-0.985516,-35.07,-38.78,17.430000000000003,0
1786849388.9741526,L,-0.064904,-0.22447999999999999,1.075796,-28.35,-2.31,-21.840000000000003,0
1786849388.9866977,R,-0.144936,0.453596,-0.9323239999999999,-72.24000000000001,-30.1,32.480000000000004,0
1786849388.9896986,L,-0.038796,-0.242536,1.073844,-16.17,-20.44,-25.410000000000004,0
1786849389.0017455,R,-0.145912,0.594872,-0.8078839999999999,-44.31,-12.250000000000002,45.99,0
1786849389.0037458,L,-0.025863999999999998,-0.267668,1.061888,-20.580000000000002,-29.540000000000003,-30.03,0
1786849389.0168262,R,-0.112728,0.618784,-0.788852,22.610000000000003,7.98,34.230000000000004,0
1786849389.019826,L,-0.033916,-0.268888,1.013576,-30.660000000000004,-25.55,-32.830000000000005,0
1786849389.0318437,R,-0.058804,0.5002,-0.875472,48.510000000000005,20.090000000000003,23.17,0
1786849389.0348434,L,-0.025376,-0.249856,0.9581879999999999,-36.89,-14.350000000000001,-31.220000000000002,0
1786849389.0472298,R,-0.020007999999999998,0.443104,-0.909388,38.92,21.42,20.580000000000002,0
1786849389.0492299,L,-0.00366,-0.241804,0.954772,-29.890000000000004,1.8200000000000003,-29.19,0
1786849389.0617363,R,-0.002928,0.401136,-0.923052,22.750000000000004,12.250000000000002,15.680000000000001,0
1786849389.0647357,L,0.001952,-0.208376,1.013332,-17.92,6.23,-24.290000000000003,0
1786849389.0768156,R,-0.005124,0.380884,-0.93574,4.48,7.7700000000000005,15.190000000000001,0
1786849389.0798173,L,0.011224,-0.18544,1.062864,-9.66,-4.41,-18.200000000000003,0
1786849389.0923035,R,0.004392,0.406504,-0.96014,-4.550000000000001,14.910000000000002,16.17,0
1786849389.0943034,L,0.008784,-0.193492,1.060668,-6.580000000000001,-15.47,-14.490000000000002,0
1786849389.1072989,R,-0.001952,0.452376,-0.961604,4.760000000000001,26.46,13.790000000000001,0
1786849389.1092992,L,0.01342,-0.186416,1.053104,-18.41,-21.42,-11.760000000000002,0
1786849389.1222272,R,-0.0305,0.427488,-0.985028,12.530000000000001,23.03,9.100000000000001,0
1786849389.124227,L,0.01342,-0.2135,1.001864,-27.44,-21.000000000000004,-8.89,0
1786849389.1367383,R,-0.00244,0.398696,-1.004792,-10.290000000000001,8.260000000000002,4.41,0
1786849389.139739,L,0.02318,-0.218136,0.96624,-30.240000000000002,-14.280000000000001,-5.74,0
1786849389.1518095,R,0.038308,0.397476,-0.961116,-39.2,-14.490000000000002,3.1500000000000004,0
1786849389.15381,L,0.028548,-0.22106399999999998,0.948916,-35.49,-4.9,-1.61,0
1786849389.1668549,R,0.025376,0.409432,-0.894992,-55.440000000000005,-37.31,-3.1500000000000004,0
1786849389.1698556,L,0.041724,-0.241316,0.953796,-33.46,2.1,1.8200000000000003,0
1786849389.181896,R,0.006588,0.432612,-0.846924,-64.82000000000001,-53.970000000000006,-7.7700000000000005,0
1786849389.1838956,L,0.050263999999999996,-0.249368,0.9533079999999999,-36.61000000000001,2.87,4.2,0
1786849389.1972337,R,-0.044407999999999996,0.43432,-0.8313079999999999,-54.95,-57.68000000000001,-5.250000000000001,0
1786849389.1992342,L,0.079544,-0.264008,0.95648,-43.120000000000005,0.35000000000000003,7.7700000000000005,0
1786849389.2117429,R,-0.081984,0.49019599999999997,-0.819352,-45.57000000000001,-46.410000000000004,1.54,0
1786849389.2137415,L,0.048312,-0.262056,0.95404,-39.06,-2.66,1.2600000000000002,0
1786849389.2268329,R,-0.081984,0.520452,-0.804712,-23.520000000000003,-28.28,7.910000000000001,0
1786849389.229834,L,0.070516,-0.3111,0.968924,-36.400000000000006,-5.180000000000001,-3.6400000000000006,0
1786849389.2418942,R,-0.050263999999999996,0.5206959999999999,-0.805688,-9.030000000000001,-17.990000000000002,8.610000000000001,0
1786849389.2438927,L,0.072712,-0.338672,0.951112,-33.74,-5.040000000000001,-6.0200000000000005,0
1786849389.2569954,R,-0.045628,0.501176,-0.841312,-6.16,-14.21,9.870000000000001,0
1786849389.2599957,L,0.06417199999999999,-0.330864,0.957212,-26.250000000000004,-5.32,-9.170000000000002,0
1786849389.2720041,R,-0.032695999999999996,0.48434,-0.842532,-12.950000000000001,-12.81,14.000000000000002,0
1786849389.2740042,L,0.05734,-0.323544,0.964044,-14.14,-6.23,-14.840000000000002,0
1786849389.2871788,R,-0.035623999999999996,0.48287599999999997,-0.834724,-16.59,-12.040000000000001,15.540000000000001,0
1786849389.2891788,L,0.055876,-0.315004,0.96136,-5.6000000000000005,-8.75,-16.8,0
1786849389.3019657,R,-0.034892,0.499712,-0.842044,-16.520000000000003,-7.210000000000001,13.23,0
1786849389.3039658,L,0.052216,-0.298168,0.965996,-1.8900000000000001,-10.57,-13.72,0
1786849389.3168075,R,-0.032208,0.497272,-0.86986,-13.860000000000001,1.61,8.82,0
1786849389.3198066,L,0.049288,-0.305244,0.962092,-1.12,-13.580000000000002,-10.500000000000002,0
1786849389.3323164,R,-0.055876,0.50264,-0.867176,-18.62,6.23,8.89,0
1786849389.3343172,L,0.05368,-0.29548399999999997,0.95526,-6.44,-13.650000000000002,-10.920000000000002,0
1786849389.3468077,R,-0.089304,0.524356,-0.858636,-14.770000000000001,1.61,10.290000000000001,0
1786849389.3498073,L,0.054168,-0.309148,0.952576,-4.41,-11.270000000000001,-10.850000000000001,0
1786849389.3622947,R,-0.06831999999999999,0.526796,-0.845948,-14.490000000000002,-7.140000000000001,9.24,0
1786849389.364296,L,0.046848,-0.31354,0.928176,-13.860000000000001,-11.760000000000002,-9.940000000000001,0
1786849389.3768473,R,-0.059047999999999996,0.516792,-0.825452,-15.05,-11.270000000000001,8.540000000000001,0
1786849389.3798475,L,0.041724,-0.32012799999999997,0.905484,-16.87,-9.24,-9.100000000000001,0
1786849389.39193,R,-0.061975999999999996,0.50752,-0.790072,-17.150000000000002,-11.760000000000002,7.630000000000001,0
1786849389.393931,L,0.043432,-0.32208,0.890844,-16.240000000000002,-7.490000000000001,-7.700000000000001,0
1786849389.407035,R,-0.06588,0.499956,-0.756644,-17.150000000000002,-9.38,7.280000000000001,0
1786849389.4090354,L,0.046848,-0.331352,0.897432,-9.73,-7.210000000000001,-6.65,0
1786849389.4220812,R,-0.081984,0.501908,-0.749324,-14.840000000000002,-2.87,8.680000000000001,0
1786849389.4240828,L,0.037332,-0.343796,0.885964,-8.33,-8.33,-6.510000000000001,0
1786849389.4369624,R,-0.088572,0.524356,-0.789828,-11.9,2.1,12.250000000000002,0
1786849389.4399612,L,0.040015999999999996,-0.322324,0.92964,-5.53,-10.57,-4.83,0
1786849389.4520042,R,-0.065148,0.556808,-0.807396,-10.500000000000002,4.83,8.260000000000002,0
1786849389.4667394,R,-0.073444,0.5626639999999999,-0.8510719999999999,-6.720000000000001,7.210000000000001,1.12,0
1786849389.469739,L,0.028548,-0.33672,0.93696,1.8900000000000001,-6.370000000000001,-5.74,0
1786849389.4707391,L,0.048068,-0.33427999999999997,0.97234,-3.5700000000000003,-4.2700000000000005,-2.24,0
1786849389.4839504,L,0.034159999999999996,-0.35282399999999997,1.004792,-6.510000000000001,-4.0600000000000005,-2.1700000000000004,0
1786849389.497041,R,-0.1098,0.56974,-0.903532,-7.98,4.550000000000001,-0.07,0
1786849389.4980407,R,-0.138592,0.5651039999999999,-0.905728,-13.3,-2.7300000000000004,4.83,0
1786849389.5000412,L,0.036844,-0.35526399999999997,0.994544,-11.9,-7.07,-8.260000000000002,0
1786849389.512093,R,-0.135664,0.557052,-0.869616,-17.71,-8.89,12.81,0
1786849389.5140927,L,0.046848,-0.34233199999999997,0.980148,-13.790000000000001,-7.490000000000001,-13.580000000000002,0
1786849389.5267057,R,-0.086864,0.571448,-0.857904,-10.71,-10.22,12.040000000000001,0
1786849389.529705,L,0.05978,-0.32256799999999997,0.983564,-22.540000000000003,-4.2,-14.000000000000002,0
1786849389.5417738,R,-0.066368,0.52582,-0.886208,-9.38,-12.180000000000001,8.47,0
1786849389.5437734,L,0.061975999999999996,-0.3172,0.9706319999999999,-25.060000000000002,-5.8100000000000005,-13.160000000000002,0
1786849389.5572321,R,-0.058316,0.498492,-0.860588,-16.8,-13.23,12.040000000000001,0
1786849389.5592308,L,0.07710399999999999,-0.304512,0.951356,-22.610000000000003,-6.720000000000001,-12.81,0
1786849389.5717385,R,-0.04636,0.494832,-0.833992,-21.490000000000002,-11.13,11.760000000000002,0
1786849389.5747383,L,0.085644,-0.305,0.9581879999999999,-13.510000000000002,-7.07,-10.64,0
1786849389.5899532,L,0.093208,-0.290116,0.964288,-8.540000000000001,-10.920000000000002,-8.680000000000001,0
1786849389.6019921,R,-0.061,0.515084,-0.810568,-19.6,1.12,13.930000000000001,0
1786849389.6029925,R,-0.051727999999999996,0.532652,-0.818864,-5.95,11.200000000000001,9.66,0
1786849389.6054964,L,0.088084,-0.30012,0.9694119999999999,-12.110000000000001,-12.81,-5.460000000000001,0
1786849389.6171002,R,-0.041968,0.494344,-0.864248,-2.0300000000000002,10.080000000000002,2.31,0
1786849389.6191006,L,0.08588799999999999,-0.288652,0.942084,-13.020000000000001,-12.250000000000002,-4.62,0
1786849389.6316082,R,-0.043676,0.475312,-0.871568,-11.55,2.87,4.83,0
1786849389.6346078,L,0.09394,-0.303536,0.923052,-15.820000000000002,-10.850000000000001,-0.56,0
1786849389.647209,R,-0.051727999999999996,0.499712,-0.849608,-16.240000000000002,-4.340000000000001,6.370000000000001,0
1786849389.6492085,L,0.090036,-0.27816,0.944036,-17.64,-12.110000000000001,0.21000000000000002,0
1786849389.661719,R,-0.052948,0.49580799999999997,-0.82228,-13.160000000000002,-6.580000000000001,2.9400000000000004,0
1786849389.6637194,L,0.090036,-0.289628,0.917196,-17.290000000000003,-12.39,-2.1700000000000004,0
1786849389.6772335,R,-0.045628,0.488488,-0.803492,-13.3,-5.32,3.2900000000000005,0
1786849389.6792343,L,0.111752,-0.301584,0.908168,-16.73,-11.690000000000001,-1.33,0
1786849389.6917434,R,-0.023912,0.489464,-0.792512,-10.920000000000002,-5.390000000000001,1.8200000000000003,0
1786849389.6947443,L,0.1159,-0.30134,0.905728,-13.930000000000001,-11.270000000000001,2.0300000000000002,0
1786849389.7070017,R,-0.012688,0.49532,-0.802272,-11.830000000000002,-2.0300000000000002,-0.21000000000000002,0
1786849389.709999,L,0.122732,-0.31890799999999997,0.9176839999999999,-4.69,-10.430000000000001,1.4700000000000002,0
1786849389.7220972,R,-0.027816,0.532652,-0.83082,-10.57,4.41,-4.970000000000001,0
1786849389.724097,L,0.123708,-0.326228,0.934276,-5.880000000000001,-10.290000000000001,1.4000000000000001,0
1786849389.736656,R,-0.052948,0.548268,-0.8522919999999999,-8.190000000000001,11.06,-5.180000000000001,0
1786849389.739655,L,0.134688,-0.334524,0.94794,-3.5000000000000004,-8.96,6.930000000000001,0
1786849389.7517016,R,-0.045628,0.545096,-0.857416,-12.530000000000001,13.510000000000002,0.0,0
1786849389.7547002,L,0.120292,-0.346724,0.957456,-6.510000000000001,-11.830000000000002,2.66,0
1786849389.766841,R,-0.053436,0.567056,-0.847656,-8.680000000000001,8.610000000000001,0.56,0
1786849389.7698414,L,0.134444,-0.355996,0.964776,-8.680000000000001,-13.580000000000002,1.54,0
1786849389.7819352,R,-0.037576,0.549732,-0.844484,-6.090000000000001,6.300000000000001,0.56,0
1786849389.7839344,L,0.131516,-0.349652,0.947452,-7.5600000000000005,-14.700000000000001,0.77,0
1786849389.797031,R,-0.017079999999999998,0.554612,-0.8264279999999999,-9.66,10.15,2.0300000000000002,0
1786849389.7990305,L,0.138836,-0.349896,0.950136,-5.6000000000000005,-17.01,1.33,0
1786849389.8120842,R,-0.023912,0.5699839999999999,-0.8239879999999999,-5.32,15.400000000000002,-0.9800000000000001,0
1786849389.8140848,L,0.142984,-0.350872,0.948916,-5.32,-15.890000000000002,4.48,0
1786849389.8267798,R,-0.028548,0.552904,-0.8361879999999999,-1.8900000000000001,16.380000000000003,-3.6400000000000006,0
1786849389.8297844,L,0.141764,-0.35160399999999997,0.9435479999999999,-6.0200000000000005,-17.01,4.41,0
1786849389.8419113,R,-0.021716,0.548756,-0.838872,-3.43,14.420000000000002,-1.8200000000000003,0
1786849389.8439105,L,0.149816,-0.350628,0.93574,-4.2,-16.450000000000003,4.340000000000001,0
1786849389.8569756,R,-0.0075639999999999995,0.551684,-0.82716,-5.32,14.280000000000001,-2.24,0
1786849389.8599768,L,0.146888,-0.352092,0.936472,-2.3800000000000003,-17.290000000000003,5.32,0
1786849389.874027,L,0.155428,-0.354288,0.939156,-2.3800000000000003,-16.8,7.000000000000001,0
1786849389.8871357,R,-0.0017079999999999999,0.552416,-0.818864,-6.65,15.820000000000002,-4.130000000000001,0
1786849389.8881376,R,-0.014152,0.5687639999999999,-0.831552,-1.7500000000000002,15.540000000000001,-8.82,0
1786849389.9016435,R,-0.034159999999999996,0.56486,-0.850828,-3.22,16.73,-6.65,0
1786849389.9046433,L,0.152744,-0.351848,0.941352,-0.9800000000000001,-15.400000000000002,9.870000000000001,0
1786849389.9056437,L,0.15006,-0.3721,0.95038,-2.66,-18.970000000000002,7.7700000000000005,0
1786849389.9169397,R,-0.039528,0.573888,-0.834724,-6.790000000000001,17.080000000000002,-1.12,0
1786849389.9199402,L,0.161528,-0.365268,0.92842,-4.69,-21.000000000000004,4.41,0
1786849389.9319994,R,-0.020739999999999998,0.5638839999999999,-0.82838,-4.340000000000001,16.8,-1.33,0
1786849389.9339979,L,0.164212,-0.35892399999999997,0.93086,-6.370000000000001,-18.69,3.1500000000000004,0
1786849389.9466112,R,0.000976,0.541436,-0.823256,-3.5000000000000004,16.1,0.77,0
1786849389.949611,L,0.171044,-0.340136,0.916464,-7.5600000000000005,-21.630000000000003,2.3800000000000003,0
1786849389.9621212,R,0.032695999999999996,0.528504,-0.796416,-4.550000000000001,18.830000000000002,1.9600000000000002,0
1786849389.9641225,L,0.183,-0.33989199999999997,0.9052399999999999,-3.5000000000000004,-22.750000000000004,4.62,0
1786849389.9768703,R,0.061488,0.543144,-0.781288,-2.31,22.05,-3.99,0
1786849389.979869,L,0.193248,-0.337696,0.8966999999999999,-2.45,-20.790000000000003,8.75,0
1786849389.9932375,R,0.048556,0.53314,-0.7991,1.4700000000000002,20.930000000000003,-10.71,0
1786849389.9942358,L,0.191296,-0.34233199999999997,0.889624,-1.4700000000000002,-21.07,11.97,0
1786849390.007025,R,0.041479999999999996,0.541192,-0.807396,-2.24,20.090000000000003,-9.940000000000001,0
1786849390.0090246,L,0.20008,-0.3599,0.884988,0.8400000000000001,-18.200000000000003,13.72,0
1786849390.0220945,R,0.03904,0.56242,-0.807396,-4.69,18.69,-11.830000000000002,0
1786849390.0240958,L,0.203252,-0.363804,0.888892,-0.7000000000000001,-14.980000000000002,15.05,0
1786849390.0367115,R,0.028548,0.560468,-0.81252,-5.250000000000001,16.520000000000003,-12.670000000000002,0
1786849390.0397098,L,0.202032,-0.3721,0.890356,-1.2600000000000002,-13.3,14.560000000000002,0
1786849390.0522153,R,0.022692,0.55754,-0.792024,-7.140000000000001,15.890000000000002,-8.05,0
1786849390.0542164,L,0.20691199999999998,-0.378932,0.8966999999999999,0.8400000000000001,-15.05,11.48,0
1786849390.0671365,R,0.043432,0.571936,-0.7671359999999999,-4.48,17.990000000000002,-6.930000000000001,0
1786849390.0691364,L,0.21716,-0.376492,0.896212,0.56,-15.610000000000001,10.850000000000001,0
1786849390.0816429,R,0.055876,0.567788,-0.775432,0.7000000000000001,16.03,-10.360000000000001,0
1786849390.0846436,L,0.221308,-0.37576,0.8818159999999999,1.33,-14.560000000000002,10.780000000000001,0
1786849390.0967603,R,0.06344,0.55876,-0.7893399999999999,1.2600000000000002,12.88,-10.290000000000001,0
1786849390.0997589,L,0.223992,-0.372832,0.875228,2.87,-14.350000000000001,11.340000000000002,0
1786849390.1118333,R,0.076616,0.56852,-0.791048,-1.4700000000000002,14.490000000000002,-9.66,0
1786849390.114834,L,0.231068,-0.37942,0.864004,2.31,-14.490000000000002,12.670000000000002,0
1786849390.1273322,R,0.082228,0.579744,-0.782264,-4.340000000000001,15.96,-12.39,0
1786849390.129332,L,0.231312,-0.388936,0.856196,-0.28,-12.250000000000002,15.120000000000001,0
1786849390.141838,R,0.07002799999999999,0.579744,-0.771772,-4.9,12.88,-13.090000000000002,0
1786849390.1448383,L,0.23277599999999998,-0.394792,0.8547319999999999,-0.56,-9.24,14.980000000000002,0
1786849390.1569521,R,0.074908,0.584136,-0.752252,-5.460000000000001,8.96,-10.71,0
1786849390.1599517,L,0.242536,-0.41236,0.852536,0.42000000000000004,-7.07,13.370000000000001,0
1786849390.1719947,R,0.081008,0.602192,-0.735904,-4.0600000000000005,4.62,-11.55,0
1786849390.173994,L,0.247416,-0.413092,0.85278,-0.6300000000000001,-4.69,11.760000000000002,0
1786849390.1870914,R,0.091988,0.594384,-0.741028,0.9100000000000001,2.1,-14.14,0
1786849390.2015996,R,0.093452,0.59536,-0.7512759999999999,-0.35000000000000003,4.0600000000000005,-13.510000000000002,0
1786849390.2045994,L,0.244976,-0.41236,0.85522,0.9100000000000001,-5.180000000000001,12.530000000000001,0
1786849390.2056005,L,0.24888,-0.427,0.85766,6.370000000000001,-4.970000000000001,13.440000000000001,0
1786849390.2171638,R,0.078812,0.620248,-0.770064,-4.48,13.020000000000001,-12.600000000000001,0
1786849390.219164,L,0.24156,-0.44212799999999997,0.876204,10.22,-4.83,13.440000000000001,0
1786849390.231671,R,0.057096,0.6329359999999999,-0.7856799999999999,-5.74,20.930000000000003,-9.66,0
1786849390.2468572,R,0.039528,0.633668,-0.793,-9.520000000000001,17.92,-4.83,0
1786849390.2498567,L,0.234728,-0.42822,0.865224,8.260000000000002,-5.53,11.55,0
1786849390.250857,L,0.244732,-0.465796,0.901824,12.530000000000001,-3.5700000000000003,8.120000000000001,0
1786849390.261872,R,0.041236,0.62464,-0.771284,-9.100000000000001,9.66,0.9100000000000001,0
1786849390.2648714,L,0.234728,-0.430904,0.8784,17.290000000000003,-5.040000000000001,2.3800000000000003,0
1786849390.2773113,R,0.074908,0.597312,-0.731756,-10.500000000000002,10.780000000000001,10.22,0
1786849390.2793117,L,0.247172,-0.418948,0.857416,27.860000000000003,-3.8500000000000005,1.1900000000000002,0
1786849390.2918189,R,0.099308,0.587552,-0.689788,-5.880000000000001,20.860000000000003,15.610000000000001,0
1786849390.2948186,L,0.24570799999999998,-0.41114,0.8601,37.17,-6.86,-1.6800000000000002,0
1786849390.3072374,R,0.100284,0.599264,-0.693936,-5.180000000000001,32.550000000000004,19.53,0
1786849390.309238,L,0.242536,-0.389912,0.8583919999999999,35.28,-10.99,-3.5700000000000003,0
1786849390.3217447,R,0.131272,0.65026,-0.712724,0.77,29.470000000000002,8.190000000000001,0
1786849390.3247437,L,0.260104,-0.38112799999999997,0.8583919999999999,24.080000000000002,-5.460000000000001,-1.54,0
1786849390.336899,R,0.11809599999999999,0.6131719999999999,-0.785436,13.160000000000002,13.020000000000001,-3.7800000000000002,0
1786849390.3399007,L,0.227652,-0.359412,0.848388,13.370000000000001,-1.4700000000000002,-2.8000000000000003,0
1786849390.3519518,R,0.098332,0.592432,-0.8091039999999999,5.460000000000001,-2.0300000000000002,-0.28,0
1786849390.3541076,L,0.24790399999999999,-0.355508,0.856928,4.0600000000000005,1.4700000000000002,-3.7100000000000004,0
1786849390.3671145,R,0.110288,0.600728,-0.780068,0.7000000000000001,-10.360000000000001,0.9800000000000001,0
1786849390.3691156,L,0.240096,-0.361608,0.883768,-1.12,4.9,-3.7800000000000002,0
1786849390.3816237,R,0.11468,0.592676,-0.768844,1.33,-8.680000000000001,-1.9600000000000002,0
1786849390.3846219,L,0.23863199999999998,-0.356728,0.8891359999999999,-3.22,3.2900000000000005,-2.45,0
1786849390.3967116,R,0.11223999999999999,0.575596,-0.772992,-0.14,-0.77,-0.7000000000000001,0
1786849390.399712,L,0.247172,-0.356728,0.894748,-0.07,1.61,-0.8400000000000001,0
1786849390.4119055,R,0.11931599999999999,0.58316,-0.769332,-1.61,2.9400000000000004,0.0,0
1786849390.4139054,L,0.251076,-0.34721199999999997,0.882548,2.3800000000000003,0.6300000000000001,0.9100000000000001,0
1786849390.4269924,R,0.124684,0.58682,-0.779336,-2.1,0.9100000000000001,-2.5900000000000003,0
1786849390.4299939,L,0.253516,-0.346236,0.870104,-2.7300000000000004,2.66,1.33,0
1786849390.442037,R,0.125416,0.58438,-0.792756,-3.8500000000000005,-6.720000000000001,-6.0200000000000005,0
1786849390.4440362,L,0.25376,-0.353068,0.866688,-6.580000000000001,6.090000000000001,2.45,0
1786849390.4571373,R,0.111752,0.5909679999999999,-0.784704,-8.05,-13.72,-6.790000000000001,0
1786849390.4591377,L,0.2562,-0.364048,0.882792,-9.31,11.55,2.5900000000000003,0
1786849390.472181,R,0.104432,0.5917,-0.774944,-8.190000000000001,-19.39,-6.790000000000001,0
1786849390.4741795,L,0.249856,-0.36478,0.886452,-9.030000000000001,12.600000000000001,0.8400000000000001,0
1786849390.486773,R,0.11053199999999999,0.581208,-0.76006,-7.490000000000001,-16.59,-3.22,0
1786849390.4897738,L,0.259372,-0.367464,0.896944,-5.180000000000001,11.13,-0.6300000000000001,0
1786849390.5018806,R,0.116632,0.579256,-0.7512759999999999,-7.280000000000001,-9.520000000000001,-0.21000000000000002,0
1786849390.5038817,L,0.263276,-0.357948,0.89182,1.6800000000000002,10.22,-1.1900000000000002,0
1786849390.5168238,R,0.113948,0.588772,-0.756888,-3.7800000000000002,-3.2900000000000005,0.7000000000000001,0
1786849390.519823,L,0.2623,-0.35404399999999997,0.894016,2.9400000000000004,8.610000000000001,-1.12,0
1786849390.5319388,R,0.1281,0.59048,-0.788364,-2.31,-1.1900000000000002,0.6300000000000001,0
1786849390.5339396,L,0.26034799999999997,-0.35868,0.890844,2.9400000000000004,9.030000000000001,-2.24,0
1786849390.5468266,R,0.133956,0.609024,-0.798368,-3.5700000000000003,-6.930000000000001,-2.87,0
1786849390.549824,L,0.275476,-0.35526399999999997,0.903044,-3.0100000000000002,12.81,-0.9800000000000001,0
1786849390.561907,R,0.127856,0.59292,-0.8227679999999999,-2.45,-16.59,-5.880000000000001,0
1786849390.5639076,L,0.262544,-0.346968,0.9040199999999999,-5.670000000000001,15.05,-1.54,0
1786849390.5769985,R,0.13078399999999998,0.592432,-0.805932,-5.670000000000001,-19.180000000000003,-3.5000000000000004,0
1786849390.5799978,L,0.274744,-0.358436,0.914756,-7.3500000000000005,15.120000000000001,-0.9100000000000001,0
1786849390.5923398,R,0.12688,0.602192,-0.790072,-4.970000000000001,-17.430000000000003,-5.8100000000000005,0
1786849390.5943403,L,0.263764,-0.356728,0.924272,-6.23,16.1,0.42000000000000004,0
1786849390.6068585,R,0.114436,0.598532,-0.805688,-3.5000000000000004,-15.610000000000001,-8.33,0
1786849390.6098554,L,0.24888,-0.358436,0.920612,-6.86,14.770000000000001,0.49000000000000005,0
1786849390.6218398,R,0.10126,0.586576,-0.813496,-9.030000000000001,-15.680000000000001,-5.32,0
1786849390.6238413,L,0.24888,-0.361364,0.9237839999999999,-6.0200000000000005,12.600000000000001,0.42000000000000004,0
1786849390.6373665,R,0.080764,0.598288,-0.786412,-4.62,-16.450000000000003,-2.45,0
1786849390.6393661,L,0.23668,-0.364292,0.916952,-2.7300000000000004,12.32,-3.43,0
1786849390.6523154,R,0.061244,0.5921879999999999,-0.76982,-2.9400000000000004,-13.860000000000001,1.4000000000000001,0
1786849390.6543179,L,0.228872,-0.362584,0.9176839999999999,-2.31,9.31,-6.300000000000001,0
1786849390.6673782,R,0.061244,0.589016,-0.770796,-0.6300000000000001,-9.170000000000002,5.180000000000001,0
1786849390.6693785,L,0.225212,-0.351848,0.895724,0.35000000000000003,7.3500000000000005,-9.31,0
1786849390.681883,R,0.076372,0.576084,-0.77348,-0.14,-5.6000000000000005,6.86,0
1786849390.6838841,L,0.221308,-0.338916,0.9015799999999999,0.9100000000000001,8.190000000000001,-10.360000000000001,0
1786849390.6966238,R,0.097356,0.572912,-0.786656,1.7500000000000002,-9.73,3.7800000000000002,0
1786849390.6996233,L,0.21862399999999999,-0.324276,0.891332,-1.61,10.080000000000002,-8.96,0
1786849390.7116742,R,0.107116,0.5602239999999999,-0.787876,1.9600000000000002,-19.250000000000004,-2.5900000000000003,0
1786849390.7146752,L,0.217892,-0.31890799999999997,0.882548,-3.1500000000000004,12.950000000000001,-5.32,0
1786849390.726618,R,0.085644,0.554368,-0.773724,-1.2600000000000002,-24.990000000000002,-5.250000000000001,0
1786849390.7296176,L,0.20935199999999998,-0.328668,0.880108,-2.5200000000000005,14.980000000000002,-2.7300000000000004,0
1786849390.741728,R,0.071004,0.553148,-0.771528,-4.83,-23.310000000000002,-6.16,0
1786849390.7572858,R,0.03172,0.594384,-0.759328,-0.7000000000000001,-20.720000000000002,-6.16,0
1786849390.7592847,L,0.196908,-0.343064,0.898408,-1.12,16.8,-1.7500000000000002,0
1786849390.7612846,L,0.190808,-0.343796,0.9015799999999999,3.7800000000000002,19.810000000000002,-1.61,0
1786849390.77229,R,0.021471999999999998,0.600728,-0.787876,3.9200000000000004,-16.59,-7.140000000000001,0
1786849390.7742896,L,0.177388,-0.363072,0.94062,4.62,22.05,-2.31,0
1786849390.7878392,R,0.019764,0.61,-0.803736,5.880000000000001,-19.110000000000003,-5.390000000000001,0
1786849390.7898378,L,0.178608,-0.36966,0.927932,3.1500000000000004,19.32,-4.2700000000000005,0
1786849390.8019857,R,0.021228,0.6143919999999999,-0.798124,1.12,-24.85,-1.61,0
1786849390.8039844,L,0.18544,-0.375028,0.908412,1.7500000000000002,18.970000000000002,-6.86,0
1786849390.817072,R,0.010492,0.613904,-0.770552,1.8900000000000001,-29.750000000000004,0.07,0
1786849390.8190722,L,0.17885199999999998,-0.366244,0.879864,-0.49000000000000005,21.42,-8.82,0
1786849390.83213,R,0.011956,0.592676,-0.75152,0.56,-30.310000000000002,0.21000000000000002,0
1786849390.834129,L,0.160552,-0.370148,0.8830359999999999,-1.4000000000000001,24.64,-10.080000000000002,0
1786849390.8467371,R,0.009271999999999999,0.5897479999999999,-0.7503,0.56,-29.960000000000004,0.77,0
1786849390.8497374,L,0.156404,-0.361364,0.889624,-0.14,28.28,-10.290000000000001,0
1786849390.8622506,R,0.002928,0.587796,-0.758352,0.9800000000000001,-29.960000000000004,0.49000000000000005,0
1786849390.8642511,L,0.138836,-0.35624,0.895236,2.5200000000000005,29.050000000000004,-9.940000000000001,0
1786849390.877312,R,-0.0068319999999999995,0.587064,-0.751764,2.45,-28.980000000000004,1.33,0
1786849390.8793128,L,0.137616,-0.355752,0.901824,3.99,27.930000000000003,-9.590000000000002,0
1786849390.8923154,R,-0.0046359999999999995,0.590724,-0.752252,3.7800000000000002,-26.040000000000003,0.35000000000000003,0
1786849390.8943148,L,0.135908,-0.354776,0.904996,5.11,28.140000000000004,-8.82,0
1786849390.906869,R,-0.015127999999999999,0.586332,-0.754692,7.700000000000001,-27.160000000000004,-1.2600000000000002,0
1786849390.9098697,L,0.13541999999999998,-0.350384,0.9113399999999999,6.510000000000001,27.230000000000004,-9.520000000000001,0
1786849390.921945,R,-0.037087999999999996,0.580476,-0.748836,11.97,-29.26,1.54,0
1786849390.9239442,L,0.135176,-0.355996,0.908656,10.010000000000002,25.480000000000004,-12.32,0
1786849390.9370248,R,-0.020007999999999998,0.591456,-0.755668,11.06,-27.580000000000002,2.9400000000000004,0
1786849390.9390264,L,0.131272,-0.350872,0.904752,10.360000000000001,27.020000000000003,-13.23,0
1786849390.9520686,R,-0.009516,0.589016,-0.777384,13.090000000000002,-31.570000000000004,-0.6300000000000001,0
1786849390.9540682,L,0.125172,-0.347456,0.903288,8.96,28.910000000000004,-12.740000000000002,0
1786849390.966614,R,-0.010735999999999999,0.590724,-0.8054439999999999,9.8,-31.710000000000004,-1.8900000000000001,0
1786849390.9697855,L,0.122,-0.349652,0.9250039999999999,9.030000000000001,30.94,-9.940000000000001,0
1786849390.9818263,R,-0.021471999999999998,0.59902,-0.819596,7.000000000000001,-28.000000000000004,-3.3600000000000003,0
1786849390.983825,L,0.118584,-0.348432,0.962092,9.170000000000002,29.050000000000004,-6.86,0
1786849390.9968233,R,-0.034159999999999996,0.604632,-0.842044,6.65,-19.53,-3.22,0
1786849390.9998255,L,0.110044,-0.34892,1.00406,11.97,23.590000000000003,-4.340000000000001,0
1786849391.011874,R,-0.057828,0.615856,-0.853756,7.280000000000001,-9.450000000000001,-2.1700000000000004,0
1786849391.0138743,L,0.1098,-0.35258,1.031388,13.930000000000001,16.380000000000003,-3.22,0
1786849391.0270295,R,-0.076616,0.63074,-0.877912,10.15,-2.3800000000000003,-0.7000000000000001,0
1786849391.0300293,L,0.097112,-0.351848,1.055788,12.530000000000001,9.590000000000002,-4.0600000000000005,0
1786849391.0420628,R,-0.0915,0.633912,-0.912316,12.46,-1.33,-0.56,0
1786849391.044061,L,0.083936,-0.348676,1.056032,9.66,4.2700000000000005,-5.8100000000000005,0
1786849391.057248,R,-0.101016,0.628056,-0.940132,7.700000000000001,-1.61,3.43,0
1786849391.059247,L,0.0732,-0.3477,1.03944,3.22,1.33,-6.790000000000001,0
1786849391.0723617,R,-0.094184,0.63684,-0.93086,-1.6800000000000002,-3.43,4.130000000000001,0
1786849391.0743573,L,0.05734,-0.33916,1.017724,-7.140000000000001,2.1700000000000004,-5.670000000000001,0
1786849391.0867765,R,-0.096868,0.6180519999999999,-0.910608,-7.910000000000001,-8.120000000000001,1.8200000000000003,0
1786849391.0897746,L,0.048556,-0.338184,0.99674,-15.96,1.4700000000000002,-3.8500000000000005,0
1786849391.1022813,R,-0.095648,0.59902,-0.8583919999999999,-15.120000000000001,-10.500000000000002,2.3800000000000003,0
1786849391.1042829,L,0.045384,-0.34355199999999997,0.986736,-17.990000000000002,0.8400000000000001,-1.8900000000000001,0
1786849391.1168382,R,-0.094916,0.588284,-0.806908,-16.59,-6.720000000000001,0.9100000000000001,0
1786849391.1318872,R,-0.127368,0.5897479999999999,-0.780068,-13.3,-1.33,0.8400000000000001,0
1786849391.1338892,L,0.031232,-0.345748,0.9852719999999999,-16.450000000000003,-1.6800000000000002,-0.14,0
1786849391.1359532,L,0.038796,-0.33427999999999997,0.96624,-9.870000000000001,-6.580000000000001,1.1900000000000002,0
1786849391.150011,L,0.026108,-0.353556,0.9779519999999999,-4.550000000000001,-9.73,1.61,0
1786849391.162076,R,-0.12102399999999999,0.591456,-0.7832399999999999,-8.33,10.71,0.9100000000000001,0
1786849391.1630776,R,-0.131028,0.604632,-0.799832,-6.090000000000001,19.32,2.8000000000000003,0
1786849391.1655798,L,0.03294,-0.3538,0.969656,-2.31,-13.930000000000001,2.1,0
1786849391.1767368,R,-0.134444,0.608048,-0.820572,-5.670000000000001,20.720000000000002,5.460000000000001,0
1786849391.1797366,L,0.04392,-0.35648399999999997,0.9681919999999999,-3.5700000000000003,-14.420000000000002,-0.49000000000000005,0
1786849391.19225,R,-0.11053199999999999,0.613904,-0.8337479999999999,-8.120000000000001,14.070000000000002,7.7700000000000005,0
1786849391.1942494,L,0.058072,-0.35258,0.949404,-8.47,-12.670000000000002,-3.2900000000000005,0
1786849391.2067385,R,-0.07442,0.611708,-0.8300879999999999,-10.430000000000001,4.62,5.95,0
1786849391.2097378,L,0.077836,-0.35624,0.94428,-15.120000000000001,-9.66,-4.2,0
1786849391.222047,R,-0.050508,0.600484,-0.817156,-14.910000000000002,0.28,4.9,0
1786849391.2240496,L,0.09467199999999999,-0.35258,0.937448,-17.080000000000002,-7.07,-3.0100000000000002,0
1786849391.2369292,R,-0.034159999999999996,0.600972,-0.789096,-16.380000000000003,2.87,4.9,0
1786849391.2399285,L,0.10931199999999999,-0.35868,0.9508679999999999,-15.750000000000002,-7.98,-1.54,0
1786849391.2520356,R,-0.029036,0.602924,-0.782264,-13.160000000000002,8.47,3.5000000000000004,0
1786849391.2540352,L,0.11956,-0.356972,0.966728,-11.9,-8.75,-0.42000000000000004,0
1786849391.2661502,R,-0.025863999999999998,0.603168,-0.80886,-7.98,13.370000000000001,2.1700000000000004,0
1786849391.2697635,L,0.12224399999999999,-0.34892,0.986248,-7.420000000000001,-11.620000000000001,0.42000000000000004,0
1786849391.2818253,R,-0.022203999999999998,0.608536,-0.842288,-5.8100000000000005,17.64,1.4000000000000001,0
1786849391.2838259,L,0.127124,-0.348432,1.006988,-4.69,-14.490000000000002,2.1700000000000004,0
1786849391.2970376,R,-0.028059999999999998,0.614636,-0.869128,-4.83,19.6,0.21000000000000002,0
1786849391.2990365,L,0.127856,-0.345016,1.007476,-5.6000000000000005,-15.890000000000002,3.5700000000000003,0
1786849391.3120952,R,-0.03294,0.615856,-0.876204,-6.23,15.680000000000001,-0.56,0
1786849391.3140945,L,0.126392,-0.3477,0.996984,-7.3500000000000005,-15.96,3.6400000000000006,0
1786849391.3267264,R,-0.041236,0.609268,-0.859368,-8.82,11.13,0.42000000000000004,0
1786849391.3297262,L,0.12078,-0.345504,0.976976,-10.99,-16.03,2.9400000000000004,0
1786849391.3422368,R,-0.039284,0.599752,-0.825696,-10.010000000000002,9.38,0.49000000000000005,0
1786849391.3442366,L,0.12224399999999999,-0.34404,0.95648,-14.14,-16.66,1.9600000000000002,0
1786849391.3568423,R,-0.038796,0.57584,-0.7905599999999999,-10.080000000000002,8.82,2.45,0
1786849391.3608418,L,0.126636,-0.3355,0.91744,-14.21,-17.92,0.0,0
1786849391.372193,R,-0.015127999999999999,0.55632,-0.748104,-9.38,8.89,4.62,0
1786849391.3741927,L,0.131272,-0.330376,0.879864,-12.530000000000001,-18.48,-0.9800000000000001,0
1786849391.3869157,R,0.0034159999999999998,0.5477799999999999,-0.7129679999999999,-7.420000000000001,10.920000000000002,4.130000000000001,0
1786849391.401958,R,0.030012,0.548756,-0.701012,-4.130000000000001,15.610000000000001,2.9400000000000004,0
1786849391.4039583,L,0.139568,-0.33061999999999997,0.858148,-7.910000000000001,-17.150000000000002,-0.35000000000000003,0
1786849391.4059992,L,0.152256,-0.332572,0.853268,-3.5000000000000004,-16.87,1.7500000000000002,0
1786849391.4170651,R,0.046848,0.5724239999999999,-0.70638,-0.07,18.62,-2.0300000000000002,0
1786849391.419065,L,0.156404,-0.348432,0.869372,-0.35000000000000003,-15.260000000000002,6.370000000000001,0
1786849391.4321096,R,0.028304,0.589992,-0.749324,1.8200000000000003,19.110000000000003,-7.210000000000001,0
1786849391.434109,L,0.150304,-0.365512,0.882792,1.9600000000000002,-12.39,10.15,0
1786849391.4472618,R,0.011467999999999999,0.6204919999999999,-0.784948,-0.7000000000000001,16.17,-9.940000000000001,0
1786849391.4492645,L,0.143716,-0.382104,0.908412,0.49000000000000005,-9.100000000000001,12.530000000000001,0
1786849391.4617715,R,-0.009271999999999999,0.647088,-0.809348,-3.1500000000000004,10.360000000000001,-12.740000000000002,0
1786849391.463771,L,0.14005599999999999,-0.404064,0.9311039999999999,-3.7800000000000002,-5.95,12.950000000000001,0
1786849391.477053,R,-0.023912,0.6600199999999999,-0.821304,-7.000000000000001,3.99,-11.55,0
1786849391.4790528,L,0.140788,-0.421388,0.9447679999999999,-6.580000000000001,-4.2700000000000005,11.760000000000002,0
1786849391.4931202,R,-0.033672,0.672464,-0.80764,-10.15,2.7300000000000004,-7.98,0
1786849391.4951198,L,0.140544,-0.432856,0.95526,-8.260000000000002,-5.390000000000001,9.100000000000001,0
1786849391.506646,R,-0.043188,0.678076,-0.781044,-9.870000000000001,6.0200000000000005,-3.0100000000000002,0
1786849391.5096464,L,0.143472,-0.445056,0.9577,-7.5600000000000005,-8.33,5.390000000000001,0
1786849391.522223,R,-0.042456,0.678076,-0.762012,-6.23,9.31,2.66,0
1786849391.5242221,L,0.14884,-0.440664,0.961116,-5.670000000000001,-12.530000000000001,-0.35000000000000003,0
1786849391.5367415,R,-0.022203999999999998,0.671976,-0.773724,-0.56,12.180000000000001,5.32,0
1786849391.5397396,L,0.159088,-0.431392,0.958432,-3.5000000000000004,-16.520000000000003,-4.340000000000001,0
1786849391.5517917,R,-0.014152,0.654408,-0.7991,0.49000000000000005,15.190000000000001,9.590000000000002,0
1786849391.5537915,L,0.159332,-0.419192,0.944036,-1.8200000000000003,-18.900000000000002,-7.3500000000000005,0
1786849391.5669153,R,-0.010492,0.6466,-0.80154,-1.9600000000000002,17.430000000000003,12.950000000000001,0
1786849391.569973,L,0.156404,-0.4026,0.9372039999999999,-2.87,-19.6,-9.100000000000001,0
1786849391.5820317,R,-0.005856,0.62586,-0.793,-1.9600000000000002,14.21,13.090000000000002,0
1786849391.5840328,L,0.15372,-0.386496,0.925248,-3.8500000000000005,-19.740000000000002,-10.57,0
1786849391.5971136,R,-0.004392,0.613416,-0.7795799999999999,-1.54,10.99,12.950000000000001,0
1786849391.5991127,L,0.151036,-0.376492,0.916708,-5.040000000000001,-19.53,-11.200000000000001,0
1786849391.6124065,R,-0.002928,0.6039,-0.770064,-1.12,10.360000000000001,13.090000000000002,0
1786849391.614406,L,0.156892,-0.370148,0.911828,-4.62,-18.130000000000003,-11.620000000000001,0
1786849391.6267078,R,-0.000244,0.58926,-0.765184,-0.07,9.8,13.160000000000002,0
1786849391.629707,L,0.153232,-0.362584,0.903044,-4.41,-18.340000000000003,-13.160000000000002,0
1786849391.641751,R,0.004148,0.582428,-0.759084,1.05,10.22,14.000000000000002,0
1786849391.6458075,L,0.167628,-0.35282399999999997,0.9064599999999999,-0.9100000000000001,-17.990000000000002,-13.440000000000001,0
1786849391.6568596,R,0.018543999999999998,0.580964,-0.760304,3.3600000000000003,13.370000000000001,14.63,0
1786849391.6598587,L,0.17885199999999998,-0.353068,0.912316,2.1700000000000004,-19.110000000000003,-13.930000000000001,0
1786849391.6722503,R,0.015127999999999999,0.573888,-0.761768,7.7700000000000005,17.01,16.520000000000003,0
1786849391.6742513,L,0.191296,-0.34282,0.903776,7.140000000000001,-21.000000000000004,-15.400000000000002,0
1786849391.686893,R,0.030255999999999998,0.569008,-0.75884,10.500000000000002,22.470000000000002,20.23,0
1786849391.6898925,L,0.208376,-0.339404,0.905484,10.290000000000001,-22.19,-17.990000000000002,0
1786849391.7020073,R,0.06344,0.561688,-0.768356,13.510000000000002,22.05,20.23,0
1786849391.70401,L,0.22204,-0.319396,0.900848,11.830000000000002,-21.98,-19.6,0
1786849391.7168343,R,0.1037,0.538996,-0.7807999999999999,20.23,17.990000000000002,14.980000000000002,0
1786849391.7198339,L,0.241072,-0.305,0.89304,11.760000000000002,-19.040000000000003,-17.92,0
1786849391.7323217,R,0.126148,0.512644,-0.766404,20.51,12.88,11.620000000000001,0
1786849391.7343225,L,0.252296,-0.287188,0.8784,14.770000000000001,-19.040000000000003,-16.66,0
1786849391.7468805,R,0.139812,0.490684,-0.735904,23.310000000000002,11.760000000000002,10.22,0
1786849391.7498803,L,0.273036,-0.28304,0.854976,20.37,-17.290000000000003,-15.96,0
1786849391.76192,R,0.158112,0.4697,-0.695156,28.28,11.760000000000002,6.510000000000001,0
1786849391.7639198,L,0.290848,-0.282308,0.827892,29.960000000000004,-12.670000000000002,-16.17,0
1786849391.7770464,R,0.166896,0.451644,-0.659532,38.99,10.57,-0.9800000000000001,0
1786849391.779046,L,0.303292,-0.251564,0.846436,48.160000000000004,-7.210000000000001,-17.990000000000002,0
1786849391.7920833,R,0.156892,0.43602799999999997,-0.651968,58.870000000000005,12.670000000000002,1.12,0
1786849391.7940836,L,0.345504,-0.24034,0.860344,68.88000000000001,-6.510000000000001,-20.23,0
1786849391.8072474,R,0.202764,0.421876,-0.708332,80.71000000000001,29.400000000000002,6.370000000000001,0
1786849391.809247,L,0.3599,-0.197396,0.901336,88.41000000000001,-16.59,-22.400000000000002,0
1786849391.822254,R,0.287676,0.40138,-0.7686,98.28000000000002,59.220000000000006,7.07,0
1786849391.8242545,L,0.396988,-0.16713999999999998,0.9213439999999999,99.75000000000001,-34.720000000000006,-15.890000000000002,0
1786849391.837764,R,0.32012799999999997,0.3965,-0.797148,115.01,75.18,-1.61,0
1786849391.8397639,L,0.4087,-0.144448,0.861808,100.10000000000001,-53.13,-11.410000000000002,0
1786849391.8522706,R,0.357216,0.344284,-0.791536,126.56000000000002,73.57000000000001,-0.6300000000000001,0
1786849391.8558326,L,0.441152,-0.11712,0.806176,100.24000000000001,-55.93000000000001,-4.48,0
1786849391.8839028,L,0.467748,-0.139568,0.749324,107.03000000000002,-35.84,-2.5900000000000003,0
